账号,粉丝,粉丝(可读),地区,作品数,场均播放,代表作分数,低粉高赞,代表作播放,总播放,总点赞,命中关键词,代表作,代表作链接
Song Of Skin,1417965,1.4M,US,1,38764529,6436940,是,38764529,38764529,2279896,korean skincare routine,If I was new to skincare this is exactly what I would use 🫧✨ Korean beauty is my absolute favorite and this is the best ,https://www.tiktok.com/@songofskin/video/7341518116192652587?_r=1&u_code=f042i3869dge8f&preview_pb=0&sharer_language=en&_d=f04538ca0348gb&share_item_id=7341518116192652587&source=h5_m
Dr. Jing (Jenny) Liu,486975,487.0K,US,4,2307673,1457699,是,8334634,9230692,514378,dermatologist skincare tips/slugging skincare,Zinc is another underrated ingredient but I prefer using barrier creams like @AveneUSA Cicalfate or @LaRochePosayUS Cica,https://www.tiktok.com/@drjennyliu/video/7646584708993764622?_r=1&u_code=ec870851jm948b&preview_pb=0&sharer_language=en&_d=f17id7d4k0gi7h&share_item_id=7646584708993764622&source=h5_m
kelly,1001272,1.0M,US,4,2141642,1188545,,5699626,8566569,895830,glass skin routine/korean skincare routine/nighttime skincare routine,imma need you guys to lock in! 👀 this is the skincare routine that fr TRANSFORMED my skin ✨ lmk what some of your fav sk,https://www.tiktok.com/@itsbabykelz/video/7581205822701587767?_r=1&u_code=eabfh8cldf18km&preview_pb=0&sharer_language=en&_d=f30keg3fg7m48a&share_item_id=7581205822701587767&source=h5_m
Gina & Marissa,489217,489.2K,US,5,2386098,1127906,是,6148566,11930492,627746,5 step skincare/anti aging routine/niacinamide serum review,These are the 4 things I do consistently in my skincare routine that have changed my skin. 1: Double cleansing every nig,https://www.tiktok.com/@mysistersskin/video/7594366623243406647?_r=1&u_code=f0i31gd50i123c&preview_pb=0&sharer_language=en&_d=f0i4d1k4549485&share_item_id=7594366623243406647&source=h5_m
KbyChaem,94896,94.9K,KR,1,11100035,1125011,是,11100035,11100035,582200,retinol results,"Two generations,  one anti-aging routine.👯‍♀️ @PURITO SEOUL  #puritoseoul #retinol #retinal #puritoRetinolRetinal #antia",https://www.tiktok.com/@chaem5050/video/7645111475731762452?_r=1&u_code=em2b3lgabifj41&preview_pb=0&sharer_language=en&_d=em2b3eg883adfa&share_item_id=7645111475731762452&source=h5_m
leeskin,214528,214.5K,KR,3,3115081,958476,是,7264411,9345243,507330,hyaluronic acid serum/korean skincare routine/pore care routine,How to make pores look smaller without using pressure: use retinal + moisturizer consistently Product mentioned: Celimax,https://www.tiktok.com/@leeskincare7/video/7669135576649583879?_r=1&u_code=f0g1hi8ak3ll6h&preview_pb=0&sharer_language=en&_d=f0gkj76e30ddcb&share_item_id=7669135576649583879&source=h5_m
starrymangata,3776,3.8K,US,1,3434147,478371,是,3434147,3434147,226678,acne before after,My miracle mask for acne scarring clears inflammation so quick. Ignore how oily my skin is haha. Recipe is in the commen,https://www.tiktok.com/@starrymangata/video/7597117177279401271?_r=1&u_code=em2cljdihj9bbh&preview_pb=0&sharer_language=en&_d=em2clb53m7g1kj&share_item_id=7597117177279401271&source=h5_m
sasa,1496028,1.5M,KR,3,1849641,447526,,3640714,5548922,314586,korean skincare routine/pore care routine,"How to fix enlarged pore  If you are struggling with large pore, don’t miss this from Amazon Sale   #mixsoon #PDRNRetina",https://www.tiktok.com/@sasainseoul/video/7655163136479350037?_r=1&u_code=f0g1hi8ak3ll6h&preview_pb=0&sharer_language=en&_d=f0gkj76e30ddcb&share_item_id=7655163136479350037&source=h5_m
이거지예,62130,62.1K,KR,1,2341026,429980,是,2341026,2341026,291869,korean skincare routine,나이트 케어 루틴 Night Routine 🧖‍♀️🌙🧼🫧🚿🛀✨ #nightroutine #nightcare #skincare #Vlog #homecare,https://www.tiktok.com/@zeeyeseo/video/7631937517771656469?_r=1&u_code=f042i3869dge8f&preview_pb=0&sharer_language=en&_d=f04538ca0348gb&share_item_id=7631937517771656469&source=h5_m
YourTikTokSister,321714,321.7K,US,1,1677909,394814,是,1677909,1677909,125108,honest product review,Failed It or Nailed It • Dollar Tree Empties Edition 💯🙌🙅‍♀️🚫 Reviewing & Rating Viral $1.25 Beauty & Skincare and giving,https://www.tiktok.com/@yourtiktocksister/video/7664782807041903902?_r=1&u_code=f0i66l8cg7cj6l&preview_pb=0&sharer_language=en&_d=f0ih95fi0ka1j7&share_item_id=7664782807041903902&source=h5_m
Glowwithobehi,112854,112.9K,FR,2,1967277,391166,是,3278823,3934554,174727,hyaluronic acid serum/retinol results,Deep hydration with plumper looking skin 💙✨ #meditherapy #hyaluronicacid #koreanskincare #dryskin #fineline  @Meditherap,https://www.tiktok.com/@glowwithobehi/video/7674097432526884129?_r=1&u_code=f01520kkg3i9cm&preview_pb=0&sharer_language=en&_d=f01agf9h1lgk3g&share_item_id=7674097432526884129&source=h5_m
Dr Adel | Dermatologist,1825958,1.8M,GB,3,1409409,380537,,3589026,4228226,224958,niacinamide serum review/pore care routine/slugging skincare,How to slug like a derm 🧴 🤍 #dermatologist #dermatologydoctor #skincareroutine #skintok #skincare #skincaretips #learnon,https://www.tiktok.com/@aamnaadel/video/7159630694954634502?_r=1&u_code=ec870851jm948b&preview_pb=0&sharer_language=en&_d=f17id7d4k0gi7h&share_item_id=7159630694954634502&source=h5_m
Idil Ci,559756,559.8K,DE,2,3828424,363231,是,6490529,7656848,181702,5 step skincare/retinol results,"My @SKIN1004 US era just keeps getting better 💕 The centella routine is still my skin’s happy place, calm, glowy, soft ✨",https://www.tiktok.com/@idylleed/video/7580060469709344022?_r=1&u_code=f0j0g23bm03hmd&preview_pb=0&sharer_language=en&_d=f0j0g0fh963gdg&share_item_id=7580060469709344022&source=h5_m
Demi,3485958,3.5M,US,1,2190529,323704,,2190529,2190529,253751,honest product review,$30 ADVENT CALENDAR YALL 🤣👀🧐 #makeup #adventcalendar #makeupreview #honestreview #affordablemakeup,https://www.tiktok.com/@demingai/video/7685077270750448909?_r=1&u_code=f0i66l8cg7cj6l&preview_pb=0&sharer_language=en&_d=f0ih95fi0ka1j7&share_item_id=7685077270750448909&source=h5_m
Dr. Whitney Bowe,1105196,1.1M,US,3,998672,313944,,1607212,2996015,186863,skin cycling,You asked for details about #skincycling Enjoy!  #dermatologist #thatboweglow #skincare #skincarelayering #exfoliate #gl,https://www.tiktok.com/@drwhitneybowe/video/7068614803903745323?_r=1&u_code=f0fcj1dgd9m2hh&preview_pb=0&sharer_language=en&_d=f311l0m001mdgk&share_item_id=7068614803903745323&source=h5_m
sunnyfromsunnybread,543067,543.1K,KR,4,706484,312227,,1534218,2825935,187297,anti aging routine/niacinamide serum review/skin barrier repair/skincare mistakes,Replying to @݁˖ ❀ ⋆｡˚𝑨𝒍𝒊𝒄𝒋𝒂₊ ⊹❀ It is not that hard is it ?  Product Recommendation  low ph cleanser @107Beauty  Toner @,https://www.tiktok.com/@sunnyfromsunnybread/video/7622869778008444167?_r=1&u_code=f0hill6blh5e4e&preview_pb=0&sharer_language=en&_d=f0hk82dgiie35d&share_item_id=7622869778008444167&source=h5_m
HIMANSHA 🍃,6562,6.6K,KW,1,2736908,246531,是,2736908,2736908,192936,acne before after,"If you feel like giving up, this is your sign to keep your hopes more.... believe in your self… you are strong enough fo",https://www.tiktok.com/@himanshamahoshadhi0/video/7647777666547944724?_r=1&u_code=em2cljdihj9bbh&preview_pb=0&sharer_language=en&_d=em2clb53m7g1kj&share_item_id=7647777666547944724&source=h5_m
alisha abdulla,472111,472.1K,US,1,1543371,238465,是,1543371,1543371,80722,skincare mistakes,Share this with someone who needs to see it!! 💌🤯 this is exactly how to fix your skincare routine if you have skin textu,https://www.tiktok.com/@alishasapproach/video/7623566686658006285?_r=1&u_code=ebge3k1bahkf71&preview_pb=0&sharer_language=en&_d=f1i6376h0he1g4&share_item_id=7623566686658006285&source=h5_m
Skin by Kristin,703137,703.1K,US,1,1399833,237832,,1399833,1399833,62026,skin cycling,Replying to @max the monkey I’m telling you this is the KEY to using a vitamin a product!!#retinol #retinolskincare #ret,https://www.tiktok.com/@skinbykristin/video/7486953291230874923?_r=1&u_code=f0fcj1dgd9m2hh&preview_pb=0&sharer_language=en&_d=f311l0m001mdgk&share_item_id=7486953291230874923&source=h5_m
Shumaila Skincare,52681,52.7K,GB,1,1141342,228940,是,1141342,1141342,46432,5 step skincare,"Glow in 5 Steps Daily, Ice-Fresh Glow Routine #glowingskin #SkincareRoutine #spftips #niacinamide  #howtokeepyourskinglo",https://www.tiktok.com/@shumaila.skincare/video/7680971590460247298?_r=1&u_code=f0j0g23bm03hmd&preview_pb=0&sharer_language=en&_d=f0j0g0fh963gdg&share_item_id=7680971590460247298&source=h5_m
Anka Casablanca,37823,37.8K,LT,1,715596,227796,是,715596,715596,94450,clean beauty,Top 6 non toxic makeup brands🧴⭐️ @Kosas @Tower 28 Beauty @MERIT Beauty @Saie @Westman-Atelier @ILIA Beauty #nontoxicbeau,https://www.tiktok.com/@anka.casablanca/video/7650574132630801678?_r=1&u_code=f0j0h01alm4mlj&preview_pb=0&sharer_language=en&_d=f0j27cel10j4je&share_item_id=7650574132630801678&source=h5_m
Shelby Ann,2574452,2.6M,US,2,795694,215220,,969092,1591387,141491,5 step skincare/nighttime skincare routine,I’m finally sharing my skincare secrets! Here is my super simple 5 step skincare routine featuring some of my current fa,https://www.tiktok.com/@shelbyannbell/video/7592335195668319518?_r=1&u_code=f0j0g23bm03hmd&preview_pb=0&sharer_language=en&_d=f0j0g0fh963gdg&share_item_id=7592335195668319518&source=h5_m
Modupe🌸| SKINCARE & BEAUTY,139154,139.2K,NG,1,2323168,209133,是,2323168,2323168,124238,hyaluronic acid serum,"If you think serums are a waste of money, you probably haven’t found the right one yet. I’ve been loving the Meditherapy",https://www.tiktok.com/@moskinatelier/video/7660798727031950612?_r=1&u_code=f01520kkg3i9cm&preview_pb=0&sharer_language=en&_d=f01agf9h1lgk3g&share_item_id=7660798727031950612&source=h5_m
fariskindiary,4090,4.1K,CZ,1,1492416,193739,是,1492416,1492416,125416,acne before after,POV: You finally beat acne ✨#acnesolution #SkinCare101 #beforeandafter #GlowUp #selfconfident,https://www.tiktok.com/@fariskindiary/video/7650514442286943510?_r=1&u_code=em2cljdihj9bbh&preview_pb=0&sharer_language=en&_d=em2clb53m7g1kj&share_item_id=7650514442286943510&source=h5_m
SWJ,191631,191.6K,NG,1,3816402,192522,是,3816402,3816402,90149,niacinamide serum review,Stronger actives messed up my skin until I decided to switch to a lower percentage of Niacinamide 5% @AXIS-Y  #AXISY #AX,https://www.tiktok.com/@skinwithjen/video/7612605378605468948?_r=1&u_code=ebg9k7d9b71ild&preview_pb=0&sharer_language=en&_d=f1i6bfjhak1i1k&share_item_id=7612605378605468948&source=h5_m
Jinny,103607,103.6K,US,3,502551,184787,是,1466300,1507652,102884,korean skincare routine/skin barrier repair,asmr night routine 🌙 for oily combo skin girlies fighting bumps and breakouts 😤 product: @SKIN1004 US Madagascar Centell,https://www.tiktok.com/@summercooljinny/video/7670318941658483981?_r=1&u_code=f042i3869dge8f&preview_pb=0&sharer_language=en&_d=f04538ca0348gb&share_item_id=7670318941658483981&source=h5_m
kayla ryan,1504328,1.5M,US,1,942001,183131,,942001,942001,138360,honest product review,there are like 1000 new makeup launches… which are worth YOUR coin!? 🥲💅🏼 #makeupreview #makeupinspo #trending #girls #ka,https://www.tiktok.com/@kayla.ryann/video/7672524305091153165?_r=1&u_code=f0i66l8cg7cj6l&preview_pb=0&sharer_language=en&_d=f0ih95fi0ka1j7&share_item_id=7672524305091153165&source=h5_m
Tyler | Dermatology PA-C,215743,215.7K,US,3,508564,180904,,1110685,1525691,107661,salicylic acid acne/skin barrier repair,👇🏻Products listed below Cleansers - @cocokind Milky-Soft Face and Body Wash - @byoma Milky Moisture Cleanser - @CeraVe H,https://www.tiktok.com/@sighlurskin/video/7603435827263196447?_r=1&u_code=f0hill6blh5e4e&preview_pb=0&sharer_language=en&_d=f0hk82dgiie35d&share_item_id=7603435827263196447&source=h5_m
"Dr. Mamina Turegano, MD",1237896,1.2M,US,1,3044372,165925,,3044372,3044372,80890,niacinamide serum review,Niacinamide is an ingredient loved by dermatologists for having multiple skin benefits.  Niacinamide can help with hyper,https://www.tiktok.com/@dr.mamina/video/7332873356389256490?_r=1&u_code=ebg9k7d9b71ild&preview_pb=0&sharer_language=en&_d=f1i6bfjhak1i1k&share_item_id=7332873356389256490&source=h5_m
Austin,9353,9.4K,US,1,4443322,155102,是,4443322,4443322,52406,peptide serum review,Try this before getting  💉 involved,https://www.tiktok.com/@callmeburty/video/7583038471900499230?_r=1&u_code=eb6mc58fgb8i78&preview_pb=0&sharer_language=en&_d=f30g8a6e1cllk1&ec_shared_reflux_dynamic_params=%7B%22device_id%22%3A%227626967341365151246%22%2C%22placeholder_material_id%22%3A%227583038471900499230%22%2C%22placeholder_origin_cover%22%3A%22https%253A%252F%252Fp16-common-sign.tiktokcdn-us.com%252Ftos-useast8-p-0068-tx2%252FoAWbtfAkIEkhkB2EFXpE8DWBPIT2VwdfAAKFYR~tplv-tiktok-shrink%253A640%253A640.webp%253Fdr%253D9632%2526refresh_token%253D7b98ed92%2526x-expires%253D1821488400%2526x-signature%253DnMXNTe12lUxHWgIzNuRv7MTUKJY%25253D%2526t%253D4d5b0474%2526ps%253D13740610%2526shp%253Dd05b14bd%2526shcp%253D34ff8df6%2526idc%253Duseast5%2526s%253DSEARCH%22%2C%22placeholder_product_id%22%3A%221729541517648171786%22%2C%22placeholder_video_id%22%3A%227583038471900499230%22%2C%22ttuid%22%3A%227304220212609123371%22%7D&ec_shared_reflux_scene=shop_tab_feed&share_item_id=7583038471900499230&source=h5_m
MilkyDew🥛,528707,528.7K,US,3,392669,152430,,1041661,1178006,66071,skincare mistakes,Iconic by mistake DIY skincare tips 🤭 Top 3 things to use incorrectly #koreanskincare #skincaretips #ricemask #diyskinca,https://www.tiktok.com/@milkydew/video/7650774771633802526?_r=1&u_code=ebge3k1bahkf71&preview_pb=0&sharer_language=en&_d=f1i6376h0he1g4&share_item_id=7650774771633802526&source=h5_m
_marvella___,1081749,1.1M,US,1,389455,145379,,389455,389455,62415,sensitive skin routine,"Hyperpigmentation, acne, clogged pores, dry skin.. EVERYTHING I USE THAT WORKS! @@Neutrogena@@L’Oréal Paris@@medicube gl",https://www.tiktok.com/@_marvella___/video/7678364362125364511?_r=1&u_code=f3m69065mgf955&preview_pb=0&sharer_language=en&_d=f3m68gl84bff2h&share_item_id=7678364362125364511&source=h5_m
Matisse | Austin Injector,2913,2.9K,US,1,2517539,131390,是,2517539,2517539,73791,retinol results,Retinol journey  #retinoljourney #retinol #skincarejourney #peeling #nurseinjector,https://www.tiktok.com/@theneedlenp/video/7597646618875252023?_r=1&u_code=em2b3lgabifj41&preview_pb=0&sharer_language=en&_d=em2b3eg883adfa&share_item_id=7597646618875252023&source=h5_m
nonamefae,25051,25.1K,US,1,253059,104120,是,253059,253059,43151,sensitive skin routine,"since you asked, here’s my current skincare routine as an aesthetician <3 I have mildly sensitive, oily, acne-prone skin",https://www.tiktok.com/@nonamefae/video/7679883874414906655?_r=1&u_code=f3m69065mgf955&preview_pb=0&sharer_language=en&_d=f3m68gl84bff2h&share_item_id=7679883874414906655&source=h5_m
Beautyreviewer,26632,26.6K,GB,1,1119667,100719,是,1119667,1119667,31844,dark spot removal,The best DUO to fade dark spots.. @Dr.Althea US #melaclearcream #vitaminserum #darkspots #bloomers,https://www.tiktok.com/@sonamlifediary2/video/7682113039759363350?_r=1&u_code=f00k83i05jjkia&preview_pb=0&sharer_language=en&_d=f1i829emaf12f8&share_item_id=7682113039759363350&source=h5_m
Dermguru,1745514,1.7M,US,2,827597,99960,,970592,1655194,35171,acne before after/skin cycling,"Back acne (or any acne for that matter, not just bacne) can take a toll on your physical and mental health. It is a real",https://www.tiktok.com/@dermguru/video/7563726361328717086?_r=1&u_code=em2cljdihj9bbh&preview_pb=0&sharer_language=en&_d=em2clb53m7g1kj&share_item_id=7563726361328717086&source=h5_m
Family_World,19023,19.0K,GB,1,1121612,92722,是,1121612,1121612,30295,dark spot removal,The best DUO to fade dark spots.. @Dr.Althea US #melaclearcream #vitamincserum #darkspots #bloomers,https://www.tiktok.com/@family_reviewr/video/7682401648441969942?_r=1&u_code=f00k83i05jjkia&preview_pb=0&sharer_language=en&_d=f1i829emaf12f8&share_item_id=7682401648441969942&source=h5_m
zeyremnn,25336,25.3K,HU,1,570818,91564,是,570818,570818,58708,skincare mistakes,THERE IS A MAN 👀 #hyaluronicacidserum #hyaluronic #hyaluronicacidskincare #skincaremistakes #skincarelokal,https://www.tiktok.com/@zeyremnn/video/7663542862969048342?_r=1&u_code=ebge3k1bahkf71&preview_pb=0&sharer_language=en&_d=f1i6376h0he1g4&share_item_id=7663542862969048342&source=h5_m
Priscilla Thach,120021,120.0K,US,1,739173,90183,是,739173,739173,64927,acne before after,From clear skin to hormonal acne in your 30’s 😭🥹 #hormonalacne #acne #hormonalacnejourney,https://www.tiktok.com/@priscillathachh/video/7669819240202997022?_r=1&u_code=em2cljdihj9bbh&preview_pb=0&sharer_language=en&_d=em2clb53m7g1kj&share_item_id=7669819240202997022&source=h5_m
I have a shopping addiction,129038,129.0K,US,1,577170,87305,是,577170,577170,65620,honest product review,Replying to @i heavily requested part two  #honestreview #makeupreview #skincarereview #empties,https://www.tiktok.com/@natiscart/video/7665369117221801246?_r=1&u_code=f0i66l8cg7cj6l&preview_pb=0&sharer_language=en&_d=f0ih95fi0ka1j7&share_item_id=7665369117221801246&source=h5_m
IT Girl,103871,103.9K,NG,1,1536084,85873,是,1536084,1536084,44841,retinol results,I didn’t know you could use this on your under eyes till I saw my sister doing it and now I’m obsessed. I just love how ,https://www.tiktok.com/@notyourfitgirl/video/7640512620448976159?_r=1&u_code=em2b3lgabifj41&preview_pb=0&sharer_language=en&_d=em2b3eg883adfa&share_item_id=7640512620448976159&source=h5_m
Charine Cheung,603443,603.4K,CA,4,288489,82038,,530055,1153957,87357,korean skincare routine/pore care routine/skin barrier repair/skin cycling,"My top 5 (FAVORITE) Korean skincare products, updated for 2026! @SKIN1004 US @imfrom_us @House of Hur US @anua_global @I",https://www.tiktok.com/@charinecheungg/video/7658020129040633104?_r=1&u_code=f042i3869dge8f&preview_pb=0&sharer_language=en&_d=f04538ca0348gb&share_item_id=7658020129040633104&source=h5_m
Lifewith.marcin8,11708,11.7K,US,1,939445,77806,是,939445,939445,38605,anti aging routine,**NAD+ HABITS THAT CHANGED MY ROUTINE 👇** > > **Taking NAD+ consistently** — making it part of my daily wellness routine,https://www.tiktok.com/@metabolichealing521/video/7681110774894365982?_r=1&u_code=f0i31gd50i123c&preview_pb=0&sharer_language=en&_d=f0i4d1k4549485&share_item_id=7681110774894365982&source=h5_m
Chanchal  ♥,8301,8.3K,GB,1,1297282,77509,是,1297282,1297282,21119,dark spot removal,Best duo to fade dark spots @Dr.Althea US Vitamin c boosting serum & melaclear cream  #melaclearcream #vitamincserum #da,https://www.tiktok.com/@mannat_s_96/video/7683539798203682056?_r=1&u_code=f00k83i05jjkia&preview_pb=0&sharer_language=en&_d=f1i829emaf12f8&share_item_id=7683539798203682056&source=h5_m
rah rah,34034,34.0K,US,1,775110,77411,是,775110,775110,60752,acne before after,went from hiding my skin constantly and not leaving my apartment to this!!!! gonna be posting more of my journey soon ❤️,https://www.tiktok.com/@sjtraub/video/7592694991835761951?_r=1&u_code=em2cljdihj9bbh&preview_pb=0&sharer_language=en&_d=em2clb53m7g1kj&share_item_id=7592694991835761951&source=h5_m
Dr. Scott Walter | Derm,1347352,1.3M,US,1,1512592,71155,,1512592,1512592,42275,salicylic acid acne,Stitch w/@Diamond Ikebudu  The best part about salicylic acid peels? They work on all skin types! #salicylicacidpeel #ch,https://www.tiktok.com/@denverskindoc/video/7637638056543145247?_r=1&u_code=f07bcm699k5mja&preview_pb=0&sharer_language=en&_d=f07k10amlhj1g3&share_item_id=7637638056543145247&source=h5_m
BEAUTYBIN.NG,2638,2.6K,NG,1,381446,70909,是,381446,381446,37457,hyaluronic acid serum,I’m STILL shocked by how good this serum is 😭🤌🏽 This Serum has officially become one of those products I literally can’t,https://www.tiktok.com/@beautybinbyblaire/video/7671731850028666133?_r=1&u_code=f01520kkg3i9cm&preview_pb=0&sharer_language=en&_d=f01agf9h1lgk3g&share_item_id=7671731850028666133&source=h5_m
lex,153426,153.4K,US,1,531620,69434,是,531620,531620,42000,honest product review,reviewing every product I finished 🤍 some of those are INCREDIBLE and some are a load of crap so watch the whole video l,https://www.tiktok.com/@lexirosenstein/video/7611398962863525150?_r=1&u_code=f0i66l8cg7cj6l&preview_pb=0&sharer_language=en&_d=f0ih95fi0ka1j7&share_item_id=7611398962863525150&source=h5_m
Jordyn Woodruff,484908,484.9K,US,10,107794,67679,,268942,1077943,66689,nighttime skincare routine/peptide serum review/sensitive skin routine/skin barrier repair/skin cycling,The correct way to apply your nighttime skincare from a licensed esthetician #skincare #skincareroutine #nighttimeskinca,https://www.tiktok.com/@jordynwoodruff/video/7665091039748738317?_r=1&u_code=f08jaga947fiba&preview_pb=0&sharer_language=en&_d=f1i829ba2i1efh&share_item_id=7665091039748738317&source=h5_m
𝐨𝐥𝐚 ౨ৎ,871123,871.1K,PL,1,784681,66614,,784681,784681,34339,pore care routine,my glass skin night routine 🌿 #skincare #koreanskincare #greentomatoclaymask #maskcleanser #poremask @FULLY Skincare,https://www.tiktok.com/@olaaxdiary/video/7678372926705388833?_r=1&u_code=f0g1hi8ak3ll6h&preview_pb=0&sharer_language=en&_d=f0gkj76e30ddcb&share_item_id=7678372926705388833&source=h5_m
Natalie O'Neill,1104992,1.1M,GB,4,441419,66489,,629022,1765677,95870,acne before after/pore care routine/retinol results/skin cycling,"Just takes science based skincare, consistency + time girl #skincare #retinoid #skincaretips",https://www.tiktok.com/@natalie_oneillll/video/7684674285276794134?_r=1&u_code=em2b3lgabifj41&preview_pb=0&sharer_language=en&_d=em2b3eg883adfa&share_item_id=7684674285276794134&source=h5_m
frieda,496440,496.4K,NL,1,341829,65768,,341829,341829,26136,korean skincare routine,how to start skincare as a TOTAL beginner ⭐️ #pickelflipflops #skincareroutine #koreanskincare #clearskin #kbeauty,https://www.tiktok.com/@friedamako/video/7601608587550461217?_r=1&u_code=f042i3869dge8f&preview_pb=0&sharer_language=en&_d=f04538ca0348gb&share_item_id=7601608587550461217&source=h5_m
💙Jenny | UK Beauty Creator♥️,33050,33.0K,GB,1,572721,59791,是,572721,572721,21291,pore care routine,"can you erase your pores so easily? 👀 Well according to @PURCELL US , YES YOU CAN ✨✨ AD #pores #purcell #poretightening ",https://www.tiktok.com/@ohwowitsjenny/video/7668251732236946710?_r=1&u_code=f0g1hi8ak3ll6h&preview_pb=0&sharer_language=en&_d=f0gkj76e30ddcb&share_item_id=7668251732236946710&source=h5_m
Hannah Fosbenner,543136,543.1K,US,1,397118,58102,,397118,397118,39424,honest product review,Part 2 coming tomorrow!! @Kosas @Rare Beauty @COVERGIRL @Saie #makeupreview #blushreview #blush #blushhack #blushes,https://www.tiktok.com/@theglownarrative/video/7652484286335044895?_r=1&u_code=f0i66l8cg7cj6l&preview_pb=0&sharer_language=en&_d=f0ih95fi0ka1j7&share_item_id=7652484286335044895&source=h5_m
Chinma,111837,111.8K,NG,1,833146,57338,是,833146,833146,27246,niacinamide serum review,Axis y dark spot correcting serum  #axisy #axisyglowserum #acne #darkspot #koreanskincaretips,https://www.tiktok.com/@dmakskinandhair/video/7608626611604245782?_r=1&u_code=ebg9k7d9b71ild&preview_pb=0&sharer_language=en&_d=f1i6bfjhak1i1k&share_item_id=7608626611604245782&source=h5_m
Chelsea Madison,1753236,1.8M,US,1,477642,53929,,477642,477642,42397,honest product review,Trying the brand POV by @Mikayla Nogueira for the first time HONEST REVIEW. @Point of View Beauty #chelseamadison #point,https://www.tiktok.com/@chelseeamadison/video/7682196584284622094?_r=1&u_code=f0i66l8cg7cj6l&preview_pb=0&sharer_language=en&_d=f0ih95fi0ka1j7&share_item_id=7682196584284622094&source=h5_m
Sally Matiashvili,81480,81.5K,GE,1,245358,53307,是,245358,245358,37143,niacinamide serum review,"My skin has been looking brighter, smoother, and more even lately ✨💖 One product I keep reaching for? The Tosowoong Niac",https://www.tiktok.com/@salliqueen/video/7655229617120333076?_r=1&u_code=ebg9k7d9b71ild&preview_pb=0&sharer_language=en&_d=f1i6bfjhak1i1k&share_item_id=7655229617120333076&source=h5_m
✨Ingrid’s World ✨,713706,713.7K,US,1,430962,50451,,430962,430962,12556,peptide serum review,(Not an ad) The glow and overall effects are crazy good with these peptides #peptidesforskin #peptideroutine #glowpeptid,https://www.tiktok.com/@ingridexplainsitall/video/7600009788197506334?_r=1&u_code=eb6mc58fgb8i78&preview_pb=0&sharer_language=en&_d=f30g8a6e1cllk1&share_item_id=7600009788197506334&source=h5_m
annie | beauty & wellness ☁️,117472,117.5K,US,1,730120,45714,是,730120,730120,23753,slugging skincare,🐌 Slug lyfe 4evaaaaa ⁣⁣ It's definitely that time of year when I'm sealing in my nighttime skincare routine with a light,https://www.tiktok.com/@annietamaki/video/7306572119964405038?_r=1&u_code=ec870851jm948b&preview_pb=0&sharer_language=en&_d=f17id7d4k0gi7h&share_item_id=7306572119964405038&source=h5_m
RevUpMedSpa,7171,7.2K,GH,1,536627,45282,是,536627,536627,19413,acne before after,"Ready to start your transformation? 📲 Book your acne treatment with RevUp MedSpa. 📍 East Legon, American House 📞 020 502",https://www.tiktok.com/@revupmedspa/video/7683949531087572245?_r=1&u_code=em2cljdihj9bbh&preview_pb=0&sharer_language=en&_d=em2clb53m7g1kj&share_item_id=7683949531087572245&source=h5_m
LaceMeBaby 💕,76245,76.2K,US,1,192440,42862,,192440,192440,13715,glass skin routine,"3 Product Glowing Skincare Routine, Quick and Easy 💛@La Roche-Posay  @Paula's Choice  @EADEM  #skincareroutine #glowings",https://www.tiktok.com/@lacemebaby/video/7679160705085426957?_r=1&u_code=eabfh8cldf18km&preview_pb=0&sharer_language=en&_d=f30keg3fg7m48a&share_item_id=7679160705085426957&source=h5_m
Karen,48105,48.1K,CA,1,242847,38419,是,242847,242847,11106,anti aging routine,"I don’t like to, but if we have to play favorites, I will die on this hill Ultra + micro: @Clinique DMB ✨  Sc_lptra (sor",https://www.tiktok.com/@therealkco/video/7684084444684193044?_r=1&u_code=f0i31gd50i123c&preview_pb=0&sharer_language=en&_d=f0i4d1k4549485&share_item_id=7684084444684193044&source=h5_m
ProMakeupPro,150762,150.8K,PH,1,3215229,37677,是,3215229,3215229,20164,niacinamide serum review,Great skincare doesn't have to be expensive. This 5% niacinamide serum is proof. Here's my result after just one week — ,https://www.tiktok.com/@promakeuppro/video/7654539260946599189?_r=1&u_code=ebg9k7d9b71ild&preview_pb=0&sharer_language=en&_d=f1i6bfjhak1i1k&share_item_id=7654539260946599189&source=h5_m
Dr. Kilimanguru,6016494,6.0M,PH,1,494242,36778,,494242,494242,16840,5 step skincare,5 steps skincare sa umaga?,https://www.tiktok.com/@dockilimanguru/video/7664900717265636616?_r=1&u_code=f0j0g23bm03hmd&preview_pb=0&sharer_language=en&_d=f0j0g0fh963gdg&share_item_id=7664900717265636616&source=h5_m
agapebeautyc,6679,6.7K,NG,1,101768,36297,是,101768,101768,13057,hyaluronic acid serum,"From dry & dehydrated to plump, juicy & GLOWING ✨💧 🤭 Shop @Meditherapy Global Official / @Meditherapy US Shop on Amazon ",https://www.tiktok.com/@agapebeautyc/video/7678145046323039511?_r=1&u_code=f01520kkg3i9cm&preview_pb=0&sharer_language=en&_d=f01agf9h1lgk3g&share_item_id=7678145046323039511&source=h5_m
Tenisha Ward,817060,817.1K,US,2,239302,35342,,399759,478603,21704,hyaluronic acid serum/pore care routine,Nothing like a good pore-cleaning session to get my skin back on track. ✨ @LaRochePosayUS Purifying Foaming Cleanser @Cl,https://www.tiktok.com/@tenishaward1/video/7685785729405816078?_r=1&u_code=f0g1hi8ak3ll6h&preview_pb=0&sharer_language=en&_d=f0gkj76e30ddcb&share_item_id=7685785729405816078&source=h5_m
bee,102926,102.9K,CA,1,185314,34565,,185314,185314,19122,glass skin routine,updated skincare routine from a girl that struggled a lot with cystic hormal acne & had to learn less is more  Sorry I’m,https://www.tiktok.com/@boujeeebeee/video/7671454525865069845?_r=1&u_code=eabfh8cldf18km&preview_pb=0&sharer_language=en&_d=f30keg3fg7m48a&share_item_id=7671454525865069845&source=h5_m
Nefertiti 🌱 Smells + Skin,179247,179.2K,US,1,89210,30792,,89210,89210,14595,skin cycling,Replying to @💛Bigsunshyn💛🌞 Here is MY abbreviated skincare routine for nights where I don’t have it in me to do 10 plus ,https://www.tiktok.com/@thenotoriousnef/video/7660818796784962830?_r=1&u_code=f0fcj1dgd9m2hh&preview_pb=0&sharer_language=en&_d=f311l0m001mdgk&share_item_id=7660818796784962830&source=h5_m
nazlia yunus,595667,595.7K,US,1,193627,29592,,193627,193627,10259,anti aging routine,"Replying to @✿ my skincare routine focused on anti aging, glass skin, and acne free! linked everything on shop my and Se",https://www.tiktok.com/@nazliayunus/video/7658005296597486879?_r=1&u_code=f0i31gd50i123c&preview_pb=0&sharer_language=en&_d=f0i4d1k4549485&share_item_id=7658005296597486879&source=h5_m
Medical aesthetician✨💋🇨🇦,460446,460.4K,CA,2,379744,28799,,574518,759488,13010,niacinamide serum review/slugging skincare,My all time fav niacinamide serums currently because they always change the more products i try 👀🫶🏻 #niacinamideserum #n,https://www.tiktok.com/@kendrathemom_/video/7373444565967064325?_r=1&u_code=ebg9k7d9b71ild&preview_pb=0&sharer_language=en&_d=f1i6bfjhak1i1k&share_item_id=7373444565967064325&source=h5_m
Jeri⚜️,4089,4.1K,US,1,1918459,27915,是,1918459,1918459,14178,dark spot removal,#glutathione #manyo #darkspots #patch #tiktokshop,https://www.tiktok.com/@accordingtojeri/video/7681239882626321695?_r=1&u_code=f00k83i05jjkia&preview_pb=0&sharer_language=en&_d=f1i829emaf12f8&ec_shared_reflux_dynamic_params=%7B%22device_id%22%3A%227599946399308301838%22%2C%22placeholder_material_id%22%3A%227681239882626321695%22%2C%22placeholder_origin_cover%22%3A%22https%253A%252F%252Fp19-common-sign.tiktokcdn-us.com%252Ftos-useast8-p-0068-tx2%252FoAFkNeAM8Agel451FMjVhhCAfQIqXIjbZnigpj~tplv-tiktok-shrink%253A640%253A640.webp%253Fdr%253D9632%2526refresh_token%253D0d833b00%2526x-expires%253D1821488400%2526x-signature%253DD9ijBQzifXX3xHjCYwl3rLdSYb8%25253D%2526t%253D4d5b0474%2526ps%253D13740610%2526shp%253Dd05b14bd%2526shcp%253D34ff8df6%2526idc%253Duseast8%2526s%253DSEARCH%22%2C%22placeholder_product_id%22%3A%221732313384512819530%22%2C%22placeholder_video_id%22%3A%227681239882626321695%22%2C%22ttuid%22%3A%227561388664750130189%22%7D&ec_shared_reflux_scene=shop_tab_feed&share_item_id=7681239882626321695&source=h5_m
Dr. Aleksandra Brown,166324,166.3K,US,2,115436,26516,,228957,230872,7599,dermatologist skincare tips/slugging skincare,My step by step on skin slugging 🐌 How + why to slug your face! #slugging #skintok #dermatologisttips @La Roche-Posay @C,https://www.tiktok.com/@draleksandrabrown/video/7345912143377878318?_r=1&u_code=ec870851jm948b&preview_pb=0&sharer_language=en&_d=f17id7d4k0gi7h&share_item_id=7345912143377878318&source=h5_m
Hotter.After.30,30608,30.6K,US,1,1971045,25564,是,1971045,1971045,11469,5 step skincare,Replying to @rachelmackie6  korean anti-aging skincare  . . . results may vary this is my own personal experience,https://www.tiktok.com/@inkedgemini3/video/7618366824530414862?_r=1&u_code=f0j0g23bm03hmd&preview_pb=0&sharer_language=en&_d=f0j0g0fh963gdg&ec_shared_reflux_dynamic_params=%7B%22device_id%22%3A%227578677686538601997%22%2C%22placeholder_material_id%22%3A%227618366824530414862%22%2C%22placeholder_origin_cover%22%3A%22https%253A%252F%252Fp19-common-sign.tiktokcdn-us.com%252Ftos-useast5-p-0068-tx%252FosABCFK5Mz0IvAMc1mBOEI4Bp34IifiwTVZC7K~tplv-tiktok-shrink%253A640%253A640.webp%253Fdr%253D9632%2526refresh_token%253D7268a545%2526x-expires%253D1821488400%2526x-signature%253DOQldjQJHDe%25252BICzJryyHrw6W5A50%25253D%2526t%253D4d5b0474%2526ps%253D13740610%2526shp%253Dd05b14bd%2526shcp%253D34ff8df6%2526idc%253Duseast8%2526s%253DSEARCH%22%2C%22placeholder_product_id%22%3A%221731997246433955867%22%2C%22placeholder_video_id%22%3A%227618366824530414862%22%2C%22ttuid%22%3A%227578677801496446007%22%7D&ec_shared_reflux_scene=shop_tab_feed&share_item_id=7618366824530414862&source=h5_m
gina seo,83122,83.1K,US,2,109886,25118,,140121,219771,16940,clean beauty/skin cycling,Replying to @arururur for oily dehydrated skin girlies! #skincycling #skincare #glassskin #retinol #azelaicacid @Sofie P,https://www.tiktok.com/@ginaseooo/video/7673256302222527757?_r=1&u_code=f0fcj1dgd9m2hh&preview_pb=0&sharer_language=en&_d=f311l0m001mdgk&share_item_id=7673256302222527757&source=h5_m
NurseLane,27944,27.9K,US,1,1233002,25058,是,1233002,1233002,7651,retinol results,"Reset your skin routine with results you can actually see 👀 COSRX The Retinol 0.5 is your shortcut to smoother texture, ",https://www.tiktok.com/@lanerin711/video/7624657331229347086?_r=1&u_code=em2b3lgabifj41&preview_pb=0&sharer_language=en&_d=em2b3eg883adfa&ec_shared_reflux_dynamic_params=%7B%22device_id%22%3A%227540998671279900173%22%2C%22placeholder_material_id%22%3A%227624657331229347086%22%2C%22placeholder_origin_cover%22%3A%22https%253A%252F%252Fp19-common-sign.tiktokcdn-us.com%252Ftos-useast5-p-0068-tx%252FoYAUIHBO6XBfyVjUQZdipg4iBW9iIC0nBIwAbJ~tplv-tiktok-shrink%253A640%253A640.webp%253Fdr%253D9632%2526refresh_token%253Da6b260ae%2526x-expires%253D1821488400%2526x-signature%253D8wk9LX%25252BRwGtYaE7QSvgsrFCh%25252F8c%25253D%2526t%253D4d5b0474%2526ps%253D13740610%2526shp%253Dd05b14bd%2526shcp%253D34ff8df6%2526idc%253Duseast8%2526s%253DSEARCH%22%2C%22placeholder_product_id%22%3A%221729415930935742635%22%2C%22placeholder_video_id%22%3A%227624657331229347086%22%2C%22ttuid%22%3A%227540999219776439309%22%7D&ec_shared_reflux_scene=shop_tab_feed&share_item_id=7624657331229347086&source=h5_m
iona francis,133242,133.2K,GB,4,195071,24656,,713913,780283,12093,dark spot removal/niacinamide serum review/skincare mistakes/slugging skincare,Your sign to try this slugging hack with Vaseline 💦 #vaselinehack #vaseline #petroleumjelly #skincarehack #skintok #skin,https://www.tiktok.com/@sparklesandskin/video/7496851113564491030?_r=1&u_code=ec870851jm948b&preview_pb=0&sharer_language=en&_d=f17id7d4k0gi7h&share_item_id=7496851113564491030&source=h5_m
sarah | chemist,90853,90.9K,US,2,60134,22333,,86643,120269,9222,peptide serum review,worth the money 💅🏻 #skincare #peptideserum #matureskin #antiaging #chemist @educatedmess @Bloomeffects Skincare @Mothere,https://www.tiktok.com/@sarahbabula/video/7663539753945468174?_r=1&u_code=eb6mc58fgb8i78&preview_pb=0&sharer_language=en&_d=f30g8a6e1cllk1&share_item_id=7663539753945468174&source=h5_m
Diaryofhermosa,26827,26.8K,NG,1,415949,22137,是,415949,415949,8405,retinol results,You need to start adding this into your routine asap 🩷 @numbuzin  #necklines #wrinkles #retinal #koreanskincare #numbuzi,https://www.tiktok.com/@diaryofhermosa/video/7674274179297938695?_r=1&u_code=em2b3lgabifj41&preview_pb=0&sharer_language=en&_d=em2b3eg883adfa&share_item_id=7674274179297938695&source=h5_m
Morgan Keen,112126,112.1K,US,2,55858,21698,,96014,111716,8539,clean beauty,Run to your local Walmart if you are looking for affordable clean makeup 🏃‍♀️ I discovered this clean beauty brand recen,https://www.tiktok.com/@morganlkeen/video/7601283955962170679?_r=1&u_code=f0j0h01alm4mlj&preview_pb=0&sharer_language=en&_d=f0j27cel10j4je&share_item_id=7601283955962170679&source=h5_m
Dr.Supriya PaudelDermatologist,3368,3.4K,NP,1,206292,21438,是,206292,206292,9061,skincare mistakes,#ageing #skincare #skin #fyp #drsupriyapaudel,https://www.tiktok.com/@dr.supriya_md/video/7687218885040377109?_r=1&u_code=ebge3k1bahkf71&preview_pb=0&sharer_language=en&_d=f1i6376h0he1g4&share_item_id=7687218885040377109&source=h5_m
