排名,播放,点赞,评论,转发,收藏,作者,粉丝,地区,时长(秒),发布时间,标题,命中关键词,链接
1,38764529,2279896,9674,124722,1161688,Song Of Skin,1417965,US,154,2024-03-01,If I was new to skincare this is exactly what I would use 🫧✨ Korean beauty is my absolute favorite and this is the best ,korean skincare routine,https://www.tiktok.com/@songofskin/video/7341518116192652587?_r=1&u_code=f042i3869dge8f&preview_pb=0&sharer_language=en&_d=f04538ca0348gb&share_item_id=7341518116192652587&source=h5_m
2,8334634,465559,2008,38467,263255,Dr. Jing (Jenny) Liu,486975,US,53,2026-06-02,Zinc is another underrated ingredient but I prefer using barrier creams like @AveneUSA Cicalfate or @LaRochePosayUS Cica,slugging skincare,https://www.tiktok.com/@drjennyliu/video/7646584708993764622?_r=1&u_code=ec870851jm948b&preview_pb=0&sharer_language=en&_d=f17id7d4k0gi7h&share_item_id=7646584708993764622&source=h5_m
3,5699626,613193,1064,11395,171019,kelly,1001226,US,151,2025-12-07,imma need you guys to lock in! 👀 this is the skincare routine that fr TRANSFORMED my skin ✨ lmk what some of your fav sk,glass skin routine,https://www.tiktok.com/@itsbabykelz/video/7581205822701587767?_r=1&u_code=eabfh8cldf18km&preview_pb=0&sharer_language=en&_d=f30keg3fg7m48a&share_item_id=7581205822701587767&source=h5_m
4,6148566,367155,4825,31755,192617,Gina & Marissa,488675,US,57,2026-01-12,These are the 4 things I do consistently in my skincare routine that have changed my skin. 1: Double cleansing every nig,anti aging routine,https://www.tiktok.com/@mysistersskin/video/7594366623243406647?_r=1&u_code=f0i31gd50i123c&preview_pb=0&sharer_language=en&_d=f0i4d1k4549485&share_item_id=7594366623243406647&source=h5_m
5,11100035,582200,2488,47468,97677,KbyChaem,94896,KR,34,2026-05-29,"Two generations,  one anti-aging routine.👯‍♀️ @PURITO SEOUL  #puritoseoul #retinol #retinal #puritoRetinolRetinal #antia",retinol results,https://www.tiktok.com/@chaem5050/video/7645111475731762452?_r=1&u_code=em2b3lgabifj41&preview_pb=0&sharer_language=en&_d=em2b3eg883adfa&share_item_id=7645111475731762452&source=h5_m
6,4456456,230920,2766,29399,198440,Gina & Marissa,488675,US,325,2026-03-29,Work these three products into your skin care routine to reverse your skin age and give you glowing glass skin. First is,anti aging routine,https://www.tiktok.com/@mysistersskin/video/7622526463807573261?_r=1&u_code=f0i31gd50i123c&preview_pb=0&sharer_language=en&_d=f0i4d1k4549485&share_item_id=7622526463807573261&source=h5_m
7,7264411,340094,889,19705,171804,leeskin,214114,KR,47,2026-08-01,How to make pores look smaller without using pressure: use retinal + moisturizer consistently Product mentioned: Celimax,pore care routine,https://www.tiktok.com/@leeskincare7/video/7669135576649583879?_r=1&u_code=f0g1hi8ak3ll6h&preview_pb=0&sharer_language=en&_d=f0gkj76e30ddcb&share_item_id=7669135576649583879&source=h5_m
8,3434147,226678,622,5892,73041,starrymangata,3776,US,19,2026-01-19,My miracle mask for acne scarring clears inflammation so quick. Ignore how oily my skin is haha. Recipe is in the commen,acne before after,https://www.tiktok.com/@starrymangata/video/7597117177279401271?_r=1&u_code=em2cljdihj9bbh&preview_pb=0&sharer_language=en&_d=em2clb53m7g1kj&share_item_id=7597117177279401271&source=h5_m
9,3640714,162927,495,6944,82468,sasa,1496028,KR,107,2026-06-25,"How to fix enlarged pore  If you are struggling with large pore, don’t miss this from Amazon Sale   #mixsoon #PDRNRetina",pore care routine,https://www.tiktok.com/@sasainseoul/video/7655163136479350037?_r=1&u_code=f0g1hi8ak3ll6h&preview_pb=0&sharer_language=en&_d=f0gkj76e30ddcb&share_item_id=7655163136479350037&source=h5_m
10,2341026,291869,1105,6740,32962,이거지예,62130,KR,68,2026-04-23,나이트 케어 루틴 Night Routine 🧖‍♀️🌙🧼🫧🚿🛀✨ #nightroutine #nightcare #skincare #Vlog #homecare,korean skincare routine,https://www.tiktok.com/@zeeyeseo/video/7631937517771656469?_r=1&u_code=f042i3869dge8f&preview_pb=0&sharer_language=en&_d=f04538ca0348gb&share_item_id=7631937517771656469&source=h5_m
11,1925963,195892,485,3728,59630,kelly,1001272,US,133,2026-02-23,"sit back, relax, and do my nighttime skincare routine with me 🤍 @ma:nyo global @The Face Shop US @medicube global @byoma",nighttime skincare routine,https://www.tiktok.com/@itsbabykelz/video/7610123677245426958?_r=1&u_code=f08jaga947fiba&preview_pb=0&sharer_language=en&_d=f1i829ba2i1efh&share_item_id=7610123677245426958&source=h5_m
12,1677909,125108,1461,15663,61362,YourTikTokSister,321714,US,416,2026-07-21,Failed It or Nailed It • Dollar Tree Empties Edition 💯🙌🙅‍♀️🚫 Reviewing & Rating Viral $1.25 Beauty & Skincare and giving,honest product review,https://www.tiktok.com/@yourtiktocksister/video/7664782807041903902?_r=1&u_code=f0i66l8cg7cj6l&preview_pb=0&sharer_language=en&_d=f0ih95fi0ka1j7&share_item_id=7664782807041903902&source=h5_m
13,3278823,134090,667,16820,56547,Glowwithobehi,112829,FR,20,2026-08-15,Deep hydration with plumper looking skin 💙✨ #meditherapy #hyaluronicacid #koreanskincare #dryskin #fineline  @Meditherap,hyaluronic acid serum,https://www.tiktok.com/@glowwithobehi/video/7674097432526884129?_r=1&u_code=f01520kkg3i9cm&preview_pb=0&sharer_language=en&_d=f01agf9h1lgk3g&share_item_id=7674097432526884129&source=h5_m
14,3589026,207809,1174,4334,48396,Dr Adel | Dermatologist,1825893,GB,23,2022-10-28,How to slug like a derm 🧴 🤍 #dermatologist #dermatologydoctor #skincareroutine #skintok #skincare #skincaretips #learnon,slugging skincare,https://www.tiktok.com/@aamnaadel/video/7159630694954634502?_r=1&u_code=ec870851jm948b&preview_pb=0&sharer_language=en&_d=f17id7d4k0gi7h&share_item_id=7159630694954634502&source=h5_m
15,6490529,137848,535,12486,53426,Idil Ci,559756,DE,41,2025-12-04,"My @SKIN1004 US era just keeps getting better 💕 The centella routine is still my skin’s happy place, calm, glowy, soft ✨",5 step skincare,https://www.tiktok.com/@idylleed/video/7580060469709344022?_r=1&u_code=f0j0g23bm03hmd&preview_pb=0&sharer_language=en&_d=f0j0g0fh963gdg&share_item_id=7580060469709344022&source=h5_m
16,2190529,253751,546,2902,17571,Demi,3485958,US,310,2026-09-13,$30 ADVENT CALENDAR YALL 🤣👀🧐 #makeup #adventcalendar #makeupreview #honestreview #affordablemakeup,honest product review,https://www.tiktok.com/@demingai/video/7685077270750448909?_r=1&u_code=f0i66l8cg7cj6l&preview_pb=0&sharer_language=en&_d=f0ih95fi0ka1j7&share_item_id=7685077270750448909&source=h5_m
17,1607212,112432,1084,7722,52494,Dr. Whitney Bowe,1105196,US,44,2022-02-25,You asked for details about #skincycling Enjoy!  #dermatologist #thatboweglow #skincare #skincarelayering #exfoliate #gl,skin cycling,https://www.tiktok.com/@drwhitneybowe/video/7068614803903745323?_r=1&u_code=f0fcj1dgd9m2hh&preview_pb=0&sharer_language=en&_d=f311l0m001mdgk&share_item_id=7068614803903745323&source=h5_m
18,1534218,104861,1361,4501,59352,sunnyfromsunnybread,542402,KR,415,2026-03-30,Replying to @݁˖ ❀ ⋆｡˚𝑨𝒍𝒊𝒄𝒋𝒂₊ ⊹❀ It is not that hard is it ?  Product Recommendation  low ph cleanser @107Beauty  Toner @,skin barrier repair,https://www.tiktok.com/@sunnyfromsunnybread/video/7622869778008444167?_r=1&u_code=f0hill6blh5e4e&preview_pb=0&sharer_language=en&_d=f0hk82dgiie35d&share_item_id=7622869778008444167&source=h5_m
19,1024916,94580,989,4479,42695,sasa,1495663,US,140,2026-08-03,@Rubymeer 님에게 회신 no ad teenager skincare routine! Simple & effective  This video has been requested for long time! I wan,korean skincare routine,https://www.tiktok.com/@sasainseoul/video/7669681716176456980?_r=1&u_code=f042i3869dge8f&preview_pb=0&sharer_language=en&_d=f04538ca0348gb&share_item_id=7669681716176456980&source=h5_m
20,2736908,192936,798,6183,6230,HIMANSHA 🍃,6562,KW,60,2026-06-05,"If you feel like giving up, this is your sign to keep your hopes more.... believe in your self… you are strong enough fo",acne before after,https://www.tiktok.com/@himanshamahoshadhi0/video/7647777666547944724?_r=1&u_code=em2cljdihj9bbh&preview_pb=0&sharer_language=en&_d=em2clb53m7g1kj&share_item_id=7647777666547944724&source=h5_m
21,1543371,80722,258,2706,47641,alisha abdulla,472111,US,78,2026-03-31,Share this with someone who needs to see it!! 💌🤯 this is exactly how to fix your skincare routine if you have skin textu,skincare mistakes,https://www.tiktok.com/@alishasapproach/video/7623566686658006285?_r=1&u_code=ebge3k1bahkf71&preview_pb=0&sharer_language=en&_d=f1i6376h0he1g4&share_item_id=7623566686658006285&source=h5_m
22,1399833,62026,1430,3904,49712,Skin by Kristin,703137,US,223,2025-03-28,Replying to @max the monkey I’m telling you this is the KEY to using a vitamin a product!!#retinol #retinolskincare #ret,skin cycling,https://www.tiktok.com/@skinbykristin/video/7486953291230874923?_r=1&u_code=f0fcj1dgd9m2hh&preview_pb=0&sharer_language=en&_d=f311l0m001mdgk&share_item_id=7486953291230874923&source=h5_m
23,1189470,96577,385,3443,38499,leeskin,214527,KR,47,2026-06-23,Korean use hyaluronic acid serums for plump glowy skin form within  Additional 15% discount code: LEESKIN15 Product ment,hyaluronic acid serum,https://www.tiktok.com/@leeskincare7/video/7654548962132643080?_r=1&u_code=f01520kkg3i9cm&preview_pb=0&sharer_language=en&_d=f01agf9h1lgk3g&share_item_id=7654548962132643080&source=h5_m
24,1141342,46432,620,26392,15816,Shumaila Skincare,52681,GB,71,2026-09-02,"Glow in 5 Steps Daily, Ice-Fresh Glow Routine #glowingskin #SkincareRoutine #spftips #niacinamide  #howtokeepyourskinglo",5 step skincare,https://www.tiktok.com/@shumaila.skincare/video/7680971590460247298?_r=1&u_code=f0j0g23bm03hmd&preview_pb=0&sharer_language=en&_d=f0j0g0fh963gdg&share_item_id=7680971590460247298&source=h5_m
25,715596,94450,196,4635,36397,Anka Casablanca,37823,LT,79,2026-06-12,Top 6 non toxic makeup brands🧴⭐️ @Kosas @Tower 28 Beauty @MERIT Beauty @Saie @Westman-Atelier @ILIA Beauty #nontoxicbeau,clean beauty,https://www.tiktok.com/@anka.casablanca/video/7650574132630801678?_r=1&u_code=f0j0h01alm4mlj&preview_pb=0&sharer_language=en&_d=f0j27cel10j4je&share_item_id=7650574132630801678&source=h5_m
26,969092,77938,1056,2854,39244,Shelby Ann,2574452,US,136,2026-01-06,I’m finally sharing my skincare secrets! Here is my super simple 5 step skincare routine featuring some of my current fa,5 step skincare,https://www.tiktok.com/@shelbyannbell/video/7592335195668319518?_r=1&u_code=f0j0g23bm03hmd&preview_pb=0&sharer_language=en&_d=f0j0g0fh963gdg&share_item_id=7592335195668319518&source=h5_m
27,891362,70659,382,3944,39894,leeskin,214528,KR,57,2026-09-12,How koreans look 20 at 40. We take sun care like a military Product mentioned: -skin&lab tinted sunscreen -missha choboy,korean skincare routine,https://www.tiktok.com/@leeskincare7/video/7684635107214429448?_r=1&u_code=f042i3869dge8f&preview_pb=0&sharer_language=en&_d=f04538ca0348gb&share_item_id=7684635107214429448&source=h5_m
28,2323168,124238,166,3979,21390,Modupe🌸| SKINCARE & BEAUTY,139154,NG,30,2026-07-10,"If you think serums are a waste of money, you probably haven’t found the right one yet. I’ve been loving the Meditherapy",hyaluronic acid serum,https://www.tiktok.com/@moskinatelier/video/7660798727031950612?_r=1&u_code=f01520kkg3i9cm&preview_pb=0&sharer_language=en&_d=f01agf9h1lgk3g&share_item_id=7660798727031950612&source=h5_m
29,1492416,125416,1405,3550,14516,fariskindiary,4090,CZ,18,2026-06-12,POV: You finally beat acne ✨#acnesolution #SkinCare101 #beforeandafter #GlowUp #selfconfident,acne before after,https://www.tiktok.com/@fariskindiary/video/7650514442286943510?_r=1&u_code=em2cljdihj9bbh&preview_pb=0&sharer_language=en&_d=em2clb53m7g1kj&share_item_id=7650514442286943510&source=h5_m
30,3816402,90149,947,5874,22756,SWJ,191631,NG,20,2026-03-02,Stronger actives messed up my skin until I decided to switch to a lower percentage of Niacinamide 5% @AXIS-Y  #AXISY #AX,niacinamide serum review,https://www.tiktok.com/@skinwithjen/video/7612605378605468948?_r=1&u_code=ebg9k7d9b71ild&preview_pb=0&sharer_language=en&_d=f1i6bfjhak1i1k&share_item_id=7612605378605468948&source=h5_m
31,1466300,99681,507,3964,20917,Jinny,103607,US,77,2026-08-04,asmr night routine 🌙 for oily combo skin girlies fighting bumps and breakouts 😤 product: @SKIN1004 US Madagascar Centell,korean skincare routine,https://www.tiktok.com/@summercooljinny/video/7670318941658483981?_r=1&u_code=f042i3869dge8f&preview_pb=0&sharer_language=en&_d=f04538ca0348gb&share_item_id=7670318941658483981&source=h5_m
32,942001,138360,406,1215,12222,kayla ryan,1504328,US,304,2026-08-10,there are like 1000 new makeup launches… which are worth YOUR coin!? 🥲💅🏼 #makeupreview #makeupinspo #trending #girls #ka,honest product review,https://www.tiktok.com/@kayla.ryann/video/7672524305091153165?_r=1&u_code=f0i66l8cg7cj6l&preview_pb=0&sharer_language=en&_d=f0ih95fi0ka1j7&share_item_id=7672524305091153165&source=h5_m
33,1110685,71574,820,1864,31970,Tyler | Dermatology PA-C,215400,US,175,2026-02-05,👇🏻Products listed below Cleansers - @cocokind Milky-Soft Face and Body Wash - @byoma Milky Moisture Cleanser - @CeraVe H,skin barrier repair,https://www.tiktok.com/@sighlurskin/video/7603435827263196447?_r=1&u_code=f0hill6blh5e4e&preview_pb=0&sharer_language=en&_d=f0hk82dgiie35d&share_item_id=7603435827263196447&source=h5_m
34,891722,82631,258,2976,25339,kelly,1001226,US,107,2026-06-23,skincare that’s *ACTUALLY* popular in korea 👀 you’d be shocked at how many brands we barely hear about in the US 🫢 #kore,korean skincare routine,https://www.tiktok.com/@itsbabykelz/video/7654680467647630605?_r=1&u_code=f042i3869dge8f&preview_pb=0&sharer_language=en&_d=f04538ca0348gb&share_item_id=7654680467647630605&source=h5_m
35,3044372,80890,505,2939,22605,"Dr. Mamina Turegano, MD",1237896,US,83,2024-02-07,Niacinamide is an ingredient loved by dermatologists for having multiple skin benefits.  Niacinamide can help with hyper,niacinamide serum review,https://www.tiktok.com/@dr.mamina/video/7332873356389256490?_r=1&u_code=ebg9k7d9b71ild&preview_pb=0&sharer_language=en&_d=f1i6bfjhak1i1k&share_item_id=7332873356389256490&source=h5_m
36,4443322,52406,886,5447,23677,Austin,9353,US,65,2025-12-12,Try this before getting  💉 involved,peptide serum review,https://www.tiktok.com/@callmeburty/video/7583038471900499230?_r=1&u_code=eb6mc58fgb8i78&preview_pb=0&sharer_language=en&_d=f30g8a6e1cllk1&ec_shared_reflux_dynamic_params=%7B%22device_id%22%3A%227626967341365151246%22%2C%22placeholder_material_id%22%3A%227583038471900499230%22%2C%22placeholder_origin_cover%22%3A%22https%253A%252F%252Fp16-common-sign.tiktokcdn-us.com%252Ftos-useast8-p-0068-tx2%252FoAWbtfAkIEkhkB2EFXpE8DWBPIT2VwdfAAKFYR~tplv-tiktok-shrink%253A640%253A640.webp%253Fdr%253D9632%2526refresh_token%253D7b98ed92%2526x-expires%253D1821488400%2526x-signature%253DnMXNTe12lUxHWgIzNuRv7MTUKJY%25253D%2526t%253D4d5b0474%2526ps%253D13740610%2526shp%253Dd05b14bd%2526shcp%253D34ff8df6%2526idc%253Duseast5%2526s%253DSEARCH%22%2C%22placeholder_product_id%22%3A%221729541517648171786%22%2C%22placeholder_video_id%22%3A%227583038471900499230%22%2C%22ttuid%22%3A%227304220212609123371%22%7D&ec_shared_reflux_scene=shop_tab_feed&share_item_id=7583038471900499230&source=h5_m
37,1041661,61048,244,3795,23729,MilkyDew🥛,528707,US,12,2026-06-13,Iconic by mistake DIY skincare tips 🤭 Top 3 things to use incorrectly #koreanskincare #skincaretips #ricemask #diyskinca,skincare mistakes,https://www.tiktok.com/@milkydew/video/7650774771633802526?_r=1&u_code=ebge3k1bahkf71&preview_pb=0&sharer_language=en&_d=f1i6376h0he1g4&share_item_id=7650774771633802526&source=h5_m
38,389455,62415,191,2015,23978,_marvella___,1081749,US,152,2026-08-26,"Hyperpigmentation, acne, clogged pores, dry skin.. EVERYTHING I USE THAT WORKS! @@Neutrogena@@L’Oréal Paris@@medicube gl",sensitive skin routine,https://www.tiktok.com/@_marvella___/video/7678364362125364511?_r=1&u_code=f3m69065mgf955&preview_pb=0&sharer_language=en&_d=f3m68gl84bff2h&share_item_id=7678364362125364511&source=h5_m
39,890852,65260,621,2204,18993,sunnyfromsunnybread,543067,KR,201,2026-04-04,We need to stop irritating our skin 🫶 #skincare #cleansing #tonerpads #cleansingoil #acne,skincare mistakes,https://www.tiktok.com/@sunnyfromsunnybread/video/7624868193164643602?_r=1&u_code=ebge3k1bahkf71&preview_pb=0&sharer_language=en&_d=f1i6376h0he1g4&share_item_id=7624868193164643602&source=h5_m
40,2517539,73791,1742,3626,10253,Matisse | Austin Injector,2913,US,33,2026-01-21,Retinol journey  #retinoljourney #retinol #skincarejourney #peeling #nurseinjector,retinol results,https://www.tiktok.com/@theneedlenp/video/7597646618875252023?_r=1&u_code=em2b3lgabifj41&preview_pb=0&sharer_language=en&_d=em2b3eg883adfa&share_item_id=7597646618875252023&source=h5_m
41,883292,57079,266,2215,17452,sasa,1495663,US,127,2026-08-28,Oily skin skincare routine 🤍 You guys know Torriden’s Hyaluronic Acid Serum is my real remedy! And this cream is from th,korean skincare routine,https://www.tiktok.com/@sasainseoul/video/7678703649387842837?_r=1&u_code=f042i3869dge8f&preview_pb=0&sharer_language=en&_d=f04538ca0348gb&share_item_id=7678703649387842837&source=h5_m
42,622295,63553,555,876,14023,Shelby Ann,2574451,US,215,2026-06-12,let’s finally do some nighttime skincare together :)) #nightimeskincare #skincareroutine #grwm #glassskin @GARNIER @Cera,nighttime skincare routine,https://www.tiktok.com/@shelbyannbell/video/7650325466850528542?_r=1&u_code=f08jaga947fiba&preview_pb=0&sharer_language=en&_d=f1i829ba2i1efh&share_item_id=7650325466850528542&source=h5_m
43,896058,48819,236,1648,17374,Dr. Jing (Jenny) Liu,486975,US,51,2026-07-30,The other way of slugging or doing barrier repair! #vanicream #barrierrepair #skincarehacks #barrierrepaircream #dermato,slugging skincare,https://www.tiktok.com/@drjennyliu/video/7668137671583157517?_r=1&u_code=ec870851jm948b&preview_pb=0&sharer_language=en&_d=f17id7d4k0gi7h&share_item_id=7668137671583157517&source=h5_m
44,1166319,43854,215,2174,16848,Idil Ci,559756,DE,10,2026-04-25,Waking up with a fresh face and fresh under-eyes just hits different ✨,retinol results,https://www.tiktok.com/@idylleed/video/7632650512067726625?_r=1&u_code=em2b3lgabifj41&preview_pb=0&sharer_language=en&_d=em2b3eg883adfa&share_item_id=7632650512067726625&source=h5_m
45,253059,43151,360,930,18173,nonamefae,25051,US,271,2026-08-30,"since you asked, here’s my current skincare routine as an aesthetician <3 I have mildly sensitive, oily, acne-prone skin",sensitive skin routine,https://www.tiktok.com/@nonamefae/video/7679883874414906655?_r=1&u_code=f3m69065mgf955&preview_pb=0&sharer_language=en&_d=f3m68gl84bff2h&share_item_id=7679883874414906655&source=h5_m
46,1119667,31844,94,7417,10440,Beautyreviewer,26632,GB,15,2026-09-05,The best DUO to fade dark spots.. @Dr.Althea US #melaclearcream #vitaminserum #darkspots #bloomers,dark spot removal,https://www.tiktok.com/@sonamlifediary2/video/7682113039759363350?_r=1&u_code=f00k83i05jjkia&preview_pb=0&sharer_language=en&_d=f1i829emaf12f8&share_item_id=7682113039759363350&source=h5_m
47,970592,32079,177,2040,18932,Dermguru,1745514,US,68,2025-10-21,"Back acne (or any acne for that matter, not just bacne) can take a toll on your physical and mental health. It is a real",acne before after,https://www.tiktok.com/@dermguru/video/7563726361328717086?_r=1&u_code=em2cljdihj9bbh&preview_pb=0&sharer_language=en&_d=em2clb53m7g1kj&share_item_id=7563726361328717086&source=h5_m
48,1121612,30295,132,6093,10434,Family_World,19023,GB,15,2026-09-06,The best DUO to fade dark spots.. @Dr.Althea US #melaclearcream #vitamincserum #darkspots #bloomers,dark spot removal,https://www.tiktok.com/@family_reviewr/video/7682401648441969942?_r=1&u_code=f00k83i05jjkia&preview_pb=0&sharer_language=en&_d=f1i829emaf12f8&share_item_id=7682401648441969942&source=h5_m
49,570818,58708,133,662,9627,zeyremnn,25336,HU,8,2026-07-17,THERE IS A MAN 👀 #hyaluronicacidserum #hyaluronic #hyaluronicacidskincare #skincaremistakes #skincarelokal,skincare mistakes,https://www.tiktok.com/@zeyremnn/video/7663542862969048342?_r=1&u_code=ebge3k1bahkf71&preview_pb=0&sharer_language=en&_d=f1i6376h0he1g4&share_item_id=7663542862969048342&source=h5_m
50,739173,64927,459,2596,3327,Priscilla Thach,120021,US,9,2026-08-03,From clear skin to hormonal acne in your 30’s 😭🥹 #hormonalacne #acne #hormonalacnejourney,acne before after,https://www.tiktok.com/@priscillathachh/video/7669819240202997022?_r=1&u_code=em2cljdihj9bbh&preview_pb=0&sharer_language=en&_d=em2clb53m7g1kj&share_item_id=7669819240202997022&source=h5_m
51,577170,65620,89,534,6190,I have a shopping addiction,129038,US,133,2026-07-22,Replying to @i heavily requested part two  #honestreview #makeupreview #skincarereview #empties,honest product review,https://www.tiktok.com/@natiscart/video/7665369117221801246?_r=1&u_code=f0i66l8cg7cj6l&preview_pb=0&sharer_language=en&_d=f0ih95fi0ka1j7&share_item_id=7665369117221801246&source=h5_m
52,1536084,44841,300,2315,9319,IT Girl,103871,NG,16,2026-05-16,I didn’t know you could use this on your under eyes till I saw my sister doing it and now I’m obsessed. I just love how ,retinol results,https://www.tiktok.com/@notyourfitgirl/video/7640512620448976159?_r=1&u_code=em2b3lgabifj41&preview_pb=0&sharer_language=en&_d=em2b3eg883adfa&share_item_id=7640512620448976159&source=h5_m
53,655731,40637,180,2666,9930,Glowwithobehi,112854,FR,21,2026-06-21,"After years of sun damage, I’m finally seeing real changes. ✨ Dark spots, uneven skin tone, and hyperpigmentation are be",retinol results,https://www.tiktok.com/@glowwithobehi/video/7653431944042106145?_r=1&u_code=em2b3lgabifj41&preview_pb=0&sharer_language=en&_d=em2b3eg883adfa&share_item_id=7653431944042106145&source=h5_m
54,498367,34421,397,3186,10315,Dr. Whitney Bowe,1105196,US,51,2022-02-17,Morning skincare routine should be consistent but at night it’s all about #skincycling #that #dermatologist #skincare #s,skin cycling,https://www.tiktok.com/@drwhitneybowe/video/7065831596447763759?_r=1&u_code=f0fcj1dgd9m2hh&preview_pb=0&sharer_language=en&_d=f311l0m001mdgk&share_item_id=7065831596447763759&source=h5_m
55,530055,31154,359,924,14823,Charine Cheung,603443,CA,179,2026-07-02,"My top 5 (FAVORITE) Korean skincare products, updated for 2026! @SKIN1004 US @imfrom_us @House of Hur US @anua_global @I",korean skincare routine,https://www.tiktok.com/@charinecheungg/video/7658020129040633104?_r=1&u_code=f042i3869dge8f&preview_pb=0&sharer_language=en&_d=f04538ca0348gb&share_item_id=7658020129040633104&source=h5_m
56,939445,38605,2187,2844,4682,Lifewith.marcin8,11708,US,7,2026-09-03,**NAD+ HABITS THAT CHANGED MY ROUTINE 👇** > > **Taking NAD+ consistently** — making it part of my daily wellness routine,anti aging routine,https://www.tiktok.com/@metabolichealing521/video/7681110774894365982?_r=1&u_code=f0i31gd50i123c&preview_pb=0&sharer_language=en&_d=f0i4d1k4549485&share_item_id=7681110774894365982&source=h5_m
57,1297282,21119,31,5889,8930,Chanchal  ♥,8301,GB,13,2026-09-09,Best duo to fade dark spots @Dr.Althea US Vitamin c boosting serum & melaclear cream  #melaclearcream #vitamincserum #da,dark spot removal,https://www.tiktok.com/@mannat_s_96/video/7683539798203682056?_r=1&u_code=f00k83i05jjkia&preview_pb=0&sharer_language=en&_d=f1i829emaf12f8&share_item_id=7683539798203682056&source=h5_m
58,775110,60752,133,650,4248,rah rah,34034,US,26,2026-01-07,went from hiding my skin constantly and not leaving my apartment to this!!!! gonna be posting more of my journey soon ❤️,acne before after,https://www.tiktok.com/@sjtraub/video/7592694991835761951?_r=1&u_code=em2cljdihj9bbh&preview_pb=0&sharer_language=en&_d=em2clb53m7g1kj&share_item_id=7592694991835761951&source=h5_m
59,302027,29750,237,1927,10246,Charine Cheung,603322,CA,200,2026-09-19,"Replying to @Lex John’s sharing his GLASS SKIN skincare routine with you, inspired by @charinecheungg of course 🤭 @Prequ",pore care routine,https://www.tiktok.com/@charinecheungg/video/7687389718488583441?_r=1&u_code=f0g1hi8ak3ll6h&preview_pb=0&sharer_language=en&_d=f0gkj76e30ddcb&share_item_id=7687389718488583441&source=h5_m
60,1512592,42275,208,1455,6855,Dr. Scott Walter | Derm,1347352,US,57,2026-05-08,Stitch w/@Diamond Ikebudu  The best part about salicylic acid peels? They work on all skin types! #salicylicacidpeel #ch,salicylic acid acne,https://www.tiktok.com/@denverskindoc/video/7637638056543145247?_r=1&u_code=f07bcm699k5mja&preview_pb=0&sharer_language=en&_d=f07k10amlhj1g3&share_item_id=7637638056543145247&source=h5_m
61,381446,37457,944,854,8154,BEAUTYBIN.NG,2638,NG,10,2026-08-08,I’m STILL shocked by how good this serum is 😭🤌🏽 This Serum has officially become one of those products I literally can’t,hyaluronic acid serum,https://www.tiktok.com/@beautybinbyblaire/video/7671731850028666133?_r=1&u_code=f01520kkg3i9cm&preview_pb=0&sharer_language=en&_d=f01agf9h1lgk3g&share_item_id=7671731850028666133&source=h5_m
62,531620,42000,251,521,7858,lex,153426,US,494,2026-02-27,reviewing every product I finished 🤍 some of those are INCREDIBLE and some are a load of crap so watch the whole video l,honest product review,https://www.tiktok.com/@lexirosenstein/video/7611398962863525150?_r=1&u_code=f0i66l8cg7cj6l&preview_pb=0&sharer_language=en&_d=f0ih95fi0ka1j7&share_item_id=7611398962863525150&source=h5_m
63,890436,40010,330,362,8282,Dr. Whitney Bowe,1105196,US,22,2022-08-14,#duet with @chooseyourglow #skincycling Very occlusive ingredients can increase irritation. Advanced skincyclers might b,skin cycling,https://www.tiktok.com/@drwhitneybowe/video/7131518262017510702?_r=1&u_code=f0fcj1dgd9m2hh&preview_pb=0&sharer_language=en&_d=f311l0m001mdgk&share_item_id=7131518262017510702&source=h5_m
64,294380,15800,1231,2095,11910,Gina & Marissa,488675,US,132,2026-08-05,REVERSE YOUR SKIN AGE! We say it all the time and we will keep saying it over and over! You need to be using these three,anti aging routine,https://www.tiktok.com/@mysistersskin/video/7670373016533994765?_r=1&u_code=f0i31gd50i123c&preview_pb=0&sharer_language=en&_d=f0i4d1k4549485&share_item_id=7670373016533994765&source=h5_m
65,268942,18906,285,979,14151,Jordyn Woodruff,484908,US,145,2026-07-21,The correct way to apply your nighttime skincare from a licensed esthetician #skincare #skincareroutine #nighttimeskinca,nighttime skincare routine,https://www.tiktok.com/@jordynwoodruff/video/7665091039748738317?_r=1&u_code=f08jaga947fiba&preview_pb=0&sharer_language=en&_d=f1i829ba2i1efh&share_item_id=7665091039748738317&source=h5_m
66,784681,34339,189,1649,7695,𝐨𝐥𝐚 ౨ৎ,871123,PL,20,2026-08-26,my glass skin night routine 🌿 #skincare #koreanskincare #greentomatoclaymask #maskcleanser #poremask @FULLY Skincare,pore care routine,https://www.tiktok.com/@olaaxdiary/video/7678372926705388833?_r=1&u_code=f0g1hi8ak3ll6h&preview_pb=0&sharer_language=en&_d=f0gkj76e30ddcb&share_item_id=7678372926705388833&source=h5_m
67,629022,42438,390,414,6677,Natalie O'Neill,1103508,GB,9,2026-09-12,"Just takes science based skincare, consistency + time girl #skincare #retinoid #skincaretips",retinol results,https://www.tiktok.com/@natalie_oneillll/video/7684674285276794134?_r=1&u_code=em2b3lgabifj41&preview_pb=0&sharer_language=en&_d=em2b3eg883adfa&share_item_id=7684674285276794134&source=h5_m
68,341829,26136,177,658,11819,frieda,496440,NL,192,2026-01-31,how to start skincare as a TOTAL beginner ⭐️ #pickelflipflops #skincareroutine #koreanskincare #clearskin #kbeauty,korean skincare routine,https://www.tiktok.com/@friedamako/video/7601608587550461217?_r=1&u_code=f042i3869dge8f&preview_pb=0&sharer_language=en&_d=f04538ca0348gb&share_item_id=7601608587550461217&source=h5_m
69,572721,21291,57,812,11385,💙Jenny | UK Beauty Creator♥️,33050,GB,21,2026-07-30,"can you erase your pores so easily? 👀 Well according to @PURCELL US , YES YOU CAN ✨✨ AD #pores #purcell #poretightening ",pore care routine,https://www.tiktok.com/@ohwowitsjenny/video/7668251732236946710?_r=1&u_code=f0g1hi8ak3ll6h&preview_pb=0&sharer_language=en&_d=f0gkj76e30ddcb&share_item_id=7668251732236946710&source=h5_m
70,397118,39424,168,354,5356,Hannah Fosbenner,543136,US,164,2026-06-17,Part 2 coming tomorrow!! @Kosas @Rare Beauty @COVERGIRL @Saie #makeupreview #blushreview #blush #blushhack #blushes,honest product review,https://www.tiktok.com/@theglownarrative/video/7652484286335044895?_r=1&u_code=f0i66l8cg7cj6l&preview_pb=0&sharer_language=en&_d=f0ih95fi0ka1j7&share_item_id=7652484286335044895&source=h5_m
71,833146,27246,260,1328,7384,Chinma,111837,NG,44,2026-02-19,Axis y dark spot correcting serum  #axisy #axisyglowserum #acne #darkspot #koreanskincaretips,niacinamide serum review,https://www.tiktok.com/@dmakskinandhair/video/7608626611604245782?_r=1&u_code=ebg9k7d9b71ild&preview_pb=0&sharer_language=en&_d=f1i6bfjhak1i1k&share_item_id=7608626611604245782&source=h5_m
72,610275,28827,318,220,7504,Natalie O'Neill,1103508,GB,121,2026-01-01,"what I really think about skin cycling 🥲 like sure you can see results from it, for some people it’ll work BUT for most ",skin cycling,https://www.tiktok.com/@natalie_oneillll/video/7590440978637425942?_r=1&u_code=f0fcj1dgd9m2hh&preview_pb=0&sharer_language=en&_d=f311l0m001mdgk&share_item_id=7590440978637425942&source=h5_m
73,477642,42397,261,318,2879,Chelsea Madison,1753236,US,237,2026-09-05,Trying the brand POV by @Mikayla Nogueira for the first time HONEST REVIEW. @Point of View Beauty #chelseamadison #point,honest product review,https://www.tiktok.com/@chelseeamadison/video/7682196584284622094?_r=1&u_code=f0i66l8cg7cj6l&preview_pb=0&sharer_language=en&_d=f0ih95fi0ka1j7&share_item_id=7682196584284622094&source=h5_m
74,245358,37143,139,2441,1088,Sally Matiashvili,81480,GE,24,2026-06-25,"My skin has been looking brighter, smoother, and more even lately ✨💖 One product I keep reaching for? The Tosowoong Niac",niacinamide serum review,https://www.tiktok.com/@salliqueen/video/7655229617120333076?_r=1&u_code=ebg9k7d9b71ild&preview_pb=0&sharer_language=en&_d=f1i6bfjhak1i1k&share_item_id=7655229617120333076&source=h5_m
75,296166,23159,121,547,8255,Jordyn Woodruff,484838,US,109,2026-09-14,Welcome to my new series: skin barrier boot camp. This is episode 1 #skincare #skincareproducts #skincareroutine #skinba,skin barrier repair,https://www.tiktok.com/@jordynwoodruff/video/7685504690058022157?_r=1&u_code=f0hill6blh5e4e&preview_pb=0&sharer_language=en&_d=f0hk82dgiie35d&share_item_id=7685504690058022157&source=h5_m
76,430962,12556,692,1622,8775,✨Ingrid’s World ✨,713706,US,134,2026-01-27,(Not an ad) The glow and overall effects are crazy good with these peptides #peptidesforskin #peptideroutine #glowpeptid,peptide serum review,https://www.tiktok.com/@ingridexplainsitall/video/7600009788197506334?_r=1&u_code=eb6mc58fgb8i78&preview_pb=0&sharer_language=en&_d=f30g8a6e1cllk1&share_item_id=7600009788197506334&source=h5_m
77,220257,21947,136,525,7548,Tyler | Dermatology PA-C,215743,US,178,2026-05-29,👇🏻Products listed below Short Contact: Cleansers - @Naturium The Perfector Salicylic Acid Body Wash (undisclosed likely ,salicylic acid acne,https://www.tiktok.com/@sighlurskin/video/7645128869497900319?_r=1&u_code=f07bcm699k5mja&preview_pb=0&sharer_language=en&_d=f07k10amlhj1g3&share_item_id=7645128869497900319&source=h5_m
78,730120,23753,111,686,5992,annie | beauty & wellness ☁️,117472,US,56,2023-11-28,🐌 Slug lyfe 4evaaaaa ⁣⁣ It's definitely that time of year when I'm sealing in my nighttime skincare routine with a light,slugging skincare,https://www.tiktok.com/@annietamaki/video/7306572119964405038?_r=1&u_code=ec870851jm948b&preview_pb=0&sharer_language=en&_d=f17id7d4k0gi7h&share_item_id=7306572119964405038&source=h5_m
79,536627,19413,348,4185,1068,RevUpMedSpa,7171,GH,19,2026-09-10,"Ready to start your transformation? 📲 Book your acne treatment with RevUp MedSpa. 📍 East Legon, American House 📞 020 502",acne before after,https://www.tiktok.com/@revupmedspa/video/7683949531087572245?_r=1&u_code=em2cljdihj9bbh&preview_pb=0&sharer_language=en&_d=em2clb53m7g1kj&share_item_id=7683949531087572245&source=h5_m
80,192440,13715,344,1535,6584,LaceMeBaby 💕,76245,US,91,2026-08-28,"3 Product Glowing Skincare Routine, Quick and Easy 💛@La Roche-Posay  @Paula's Choice  @EADEM  #skincareroutine #glowings",glass skin routine,https://www.tiktok.com/@lacemebaby/video/7679160705085426957?_r=1&u_code=eabfh8cldf18km&preview_pb=0&sharer_language=en&_d=f30keg3fg7m48a&share_item_id=7679160705085426957&source=h5_m
81,557618,9501,700,2736,4923,Gina & Marissa,489217,US,8,2026-07-19,1. Double cleansing every night. 2. Exfoliating 1-2 nights a week. 3. Retinal or retinol 5 nights a week. 4. Flooding my,5 step skincare,https://www.tiktok.com/@mysistersskin/video/7664099683886746893?_r=1&u_code=f0j0g23bm03hmd&preview_pb=0&sharer_language=en&_d=f0j0g0fh963gdg&share_item_id=7664099683886746893&source=h5_m
82,242847,11106,1279,490,6156,Karen,48105,CA,179,2026-09-11,"I don’t like to, but if we have to play favorites, I will die on this hill Ultra + micro: @Clinique DMB ✨  Sc_lptra (sor",anti aging routine,https://www.tiktok.com/@therealkco/video/7684084444684193044?_r=1&u_code=f0i31gd50i123c&preview_pb=0&sharer_language=en&_d=f0i4d1k4549485&share_item_id=7684084444684193044&source=h5_m
83,3215229,20164,76,939,4146,ProMakeupPro,150762,PH,40,2026-06-23,Great skincare doesn't have to be expensive. This 5% niacinamide serum is proof. Here's my result after just one week — ,niacinamide serum review,https://www.tiktok.com/@promakeuppro/video/7654539260946599189?_r=1&u_code=ebg9k7d9b71ild&preview_pb=0&sharer_language=en&_d=f1i6bfjhak1i1k&share_item_id=7654539260946599189&source=h5_m
84,582206,15515,234,659,5645,Dr Adel | Dermatologist,1825893,GB,60,2026-03-04,Is niacinamide breaking you out?? 😭  #dermatologist #skincare #skincareroutine #niacinamide #breakouts @byoma @Minimalis,niacinamide serum review,https://www.tiktok.com/@aamnaadel/video/7613485440850578710?_r=1&u_code=ebg9k7d9b71ild&preview_pb=0&sharer_language=en&_d=f1i6bfjhak1i1k&share_item_id=7613485440850578710&source=h5_m
85,494242,16840,567,1794,2711,Dr. Kilimanguru,6016494,PH,111,2026-07-21,5 steps skincare sa umaga?,5 step skincare,https://www.tiktok.com/@dockilimanguru/video/7664900717265636616?_r=1&u_code=f0j0g23bm03hmd&preview_pb=0&sharer_language=en&_d=f0j0g0fh963gdg&share_item_id=7664900717265636616&source=h5_m
86,101768,13057,87,2878,2805,agapebeautyc,6679,NG,16,2026-08-26,"From dry & dehydrated to plump, juicy & GLOWING ✨💧 🤭 Shop @Meditherapy Global Official / @Meditherapy US Shop on Amazon ",hyaluronic acid serum,https://www.tiktok.com/@agapebeautyc/video/7678145046323039511?_r=1&u_code=f01520kkg3i9cm&preview_pb=0&sharer_language=en&_d=f01agf9h1lgk3g&share_item_id=7678145046323039511&source=h5_m
87,399759,18774,112,798,4006,Tenisha Ward,816944,US,31,2026-09-15,Nothing like a good pore-cleaning session to get my skin back on track. ✨ @LaRochePosayUS Purifying Foaming Cleanser @Cl,pore care routine,https://www.tiktok.com/@tenishaward1/video/7685785729405816078?_r=1&u_code=f0g1hi8ak3ll6h&preview_pb=0&sharer_language=en&_d=f0gkj76e30ddcb&share_item_id=7685785729405816078&source=h5_m
88,185314,19122,103,207,4631,bee,102926,CA,365,2026-08-08,updated skincare routine from a girl that struggled a lot with cystic hormal acne & had to learn less is more  Sorry I’m,glass skin routine,https://www.tiktok.com/@boujeeebeee/video/7671454525865069845?_r=1&u_code=eabfh8cldf18km&preview_pb=0&sharer_language=en&_d=f30keg3fg7m48a&share_item_id=7671454525865069845&source=h5_m
89,398617,18159,294,297,4475,Natalie O'Neill,1104992,GB,119,2026-08-06,"Hormonal acne is a complicated beast, but luckily it's also my special interest, and I love to break it down for anyone ",acne before after,https://www.tiktok.com/@natalie_oneillll/video/7670985499980467478?_r=1&u_code=em2cljdihj9bbh&preview_pb=0&sharer_language=en&_d=em2clb53m7g1kj&share_item_id=7670985499980467478&source=h5_m
90,194749,14140,254,326,5802,Tyler | Dermatology PA-C,215400,US,177,2026-08-05,👇🏻Products listed below Cleansers - @byoma Milky Moisture Cleanser - @cocokind Milky-Soft Face and Body Cleanser - @GARN,skin barrier repair,https://www.tiktok.com/@sighlurskin/video/7670664510339845407?_r=1&u_code=f0hill6blh5e4e&preview_pb=0&sharer_language=en&_d=f0hk82dgiie35d&share_item_id=7670664510339845407&source=h5_m
91,200146,17584,156,217,4463,Charine Cheung,603323,FR,176,2026-05-19,"my skin cycling routine ft. Barrier Care ☁️, Azelaic Night 🍵, and Mandelic Morning ✨  #skincycling #clearskinroutine #sk",skin cycling,https://www.tiktok.com/@charinecheungg/video/7641559674830982416?_r=1&u_code=f0fcj1dgd9m2hh&preview_pb=0&sharer_language=en&_d=f311l0m001mdgk&share_item_id=7641559674830982416&source=h5_m
92,89210,14595,215,217,4679,Nefertiti 🌱 Smells + Skin,179247,US,254,2026-07-10,Replying to @💛Bigsunshyn💛🌞 Here is MY abbreviated skincare routine for nights where I don’t have it in me to do 10 plus ,skin cycling,https://www.tiktok.com/@thenotoriousnef/video/7660818796784962830?_r=1&u_code=f0fcj1dgd9m2hh&preview_pb=0&sharer_language=en&_d=f311l0m001mdgk&share_item_id=7660818796784962830&source=h5_m
93,193627,10259,60,224,5971,nazlia yunus,595667,US,191,2026-07-02,"Replying to @✿ my skincare routine focused on anti aging, glass skin, and acne free! linked everything on shop my and Se",anti aging routine,https://www.tiktok.com/@nazliayunus/video/7658005296597486879?_r=1&u_code=f0i31gd50i123c&preview_pb=0&sharer_language=en&_d=f0i4d1k4549485&share_item_id=7658005296597486879&source=h5_m
94,574518,7233,146,416,6252,Medical aesthetician✨💋🇨🇦,460446,CA,59,2024-05-26,My all time fav niacinamide serums currently because they always change the more products i try 👀🫶🏻 #niacinamideserum #n,niacinamide serum review,https://www.tiktok.com/@kendrathemom_/video/7373444565967064325?_r=1&u_code=ebg9k7d9b71ild&preview_pb=0&sharer_language=en&_d=f1i6bfjhak1i1k&share_item_id=7373444565967064325&source=h5_m
95,1918459,14178,267,597,3139,Jeri⚜️,4089,US,15,2026-09-03,#glutathione #manyo #darkspots #patch #tiktokshop,dark spot removal,https://www.tiktok.com/@accordingtojeri/video/7681239882626321695?_r=1&u_code=f00k83i05jjkia&preview_pb=0&sharer_language=en&_d=f1i829emaf12f8&ec_shared_reflux_dynamic_params=%7B%22device_id%22%3A%227599946399308301838%22%2C%22placeholder_material_id%22%3A%227681239882626321695%22%2C%22placeholder_origin_cover%22%3A%22https%253A%252F%252Fp19-common-sign.tiktokcdn-us.com%252Ftos-useast8-p-0068-tx2%252FoAFkNeAM8Agel451FMjVhhCAfQIqXIjbZnigpj~tplv-tiktok-shrink%253A640%253A640.webp%253Fdr%253D9632%2526refresh_token%253D0d833b00%2526x-expires%253D1821488400%2526x-signature%253DD9ijBQzifXX3xHjCYwl3rLdSYb8%25253D%2526t%253D4d5b0474%2526ps%253D13740610%2526shp%253Dd05b14bd%2526shcp%253D34ff8df6%2526idc%253Duseast8%2526s%253DSEARCH%22%2C%22placeholder_product_id%22%3A%221732313384512819530%22%2C%22placeholder_video_id%22%3A%227681239882626321695%22%2C%22ttuid%22%3A%227561388664750130189%22%7D&ec_shared_reflux_scene=shop_tab_feed&share_item_id=7681239882626321695&source=h5_m
96,228957,7535,135,987,4457,Dr. Aleksandra Brown,166324,US,88,2024-03-13,My step by step on skin slugging 🐌 How + why to slug your face! #slugging #skintok #dermatologisttips @La Roche-Posay @C,slugging skincare,https://www.tiktok.com/@draleksandrabrown/video/7345912143377878318?_r=1&u_code=ec870851jm948b&preview_pb=0&sharer_language=en&_d=f17id7d4k0gi7h&share_item_id=7345912143377878318&source=h5_m
97,128811,8406,149,354,5140,sunnyfromsunnybread,542402,KR,157,2026-08-23,My holy grails 👇💕 @cecith_official  @epii Global  @Jumiso Global  @ingu.skincare  @Dr.Reju-All US  #wrinkles #skincare #,anti aging routine,https://www.tiktok.com/@sunnyfromsunnybread/video/7677094950915345671?_r=1&u_code=f0i31gd50i123c&preview_pb=0&sharer_language=en&_d=f0i4d1k4549485&share_item_id=7677094950915345671&source=h5_m
98,1971045,11469,99,443,3795,Hotter.After.30,30608,US,27,2026-03-17,Replying to @rachelmackie6  korean anti-aging skincare  . . . results may vary this is my own personal experience,5 step skincare,https://www.tiktok.com/@inkedgemini3/video/7618366824530414862?_r=1&u_code=f0j0g23bm03hmd&preview_pb=0&sharer_language=en&_d=f0j0g0fh963gdg&ec_shared_reflux_dynamic_params=%7B%22device_id%22%3A%227578677686538601997%22%2C%22placeholder_material_id%22%3A%227618366824530414862%22%2C%22placeholder_origin_cover%22%3A%22https%253A%252F%252Fp19-common-sign.tiktokcdn-us.com%252Ftos-useast5-p-0068-tx%252FosABCFK5Mz0IvAMc1mBOEI4Bp34IifiwTVZC7K~tplv-tiktok-shrink%253A640%253A640.webp%253Fdr%253D9632%2526refresh_token%253D7268a545%2526x-expires%253D1821488400%2526x-signature%253DOQldjQJHDe%25252BICzJryyHrw6W5A50%25253D%2526t%253D4d5b0474%2526ps%253D13740610%2526shp%253Dd05b14bd%2526shcp%253D34ff8df6%2526idc%253Duseast8%2526s%253DSEARCH%22%2C%22placeholder_product_id%22%3A%221731997246433955867%22%2C%22placeholder_video_id%22%3A%227618366824530414862%22%2C%22ttuid%22%3A%227578677801496446007%22%7D&ec_shared_reflux_scene=shop_tab_feed&share_item_id=7618366824530414862&source=h5_m
99,140121,8635,74,228,4991,gina seo,83122,US,93,2026-08-12,Replying to @arururur for oily dehydrated skin girlies! #skincycling #skincare #glassskin #retinol #azelaicacid @Sofie P,skin cycling,https://www.tiktok.com/@ginaseooo/video/7673256302222527757?_r=1&u_code=f0fcj1dgd9m2hh&preview_pb=0&sharer_language=en&_d=f311l0m001mdgk&share_item_id=7673256302222527757&source=h5_m
100,1233002,7651,347,534,4334,NurseLane,27944,US,72,2026-04-03,"Reset your skin routine with results you can actually see 👀 COSRX The Retinol 0.5 is your shortcut to smoother texture, ",retinol results,https://www.tiktok.com/@lanerin711/video/7624657331229347086?_r=1&u_code=em2b3lgabifj41&preview_pb=0&sharer_language=en&_d=em2b3eg883adfa&ec_shared_reflux_dynamic_params=%7B%22device_id%22%3A%227540998671279900173%22%2C%22placeholder_material_id%22%3A%227624657331229347086%22%2C%22placeholder_origin_cover%22%3A%22https%253A%252F%252Fp19-common-sign.tiktokcdn-us.com%252Ftos-useast5-p-0068-tx%252FoYAUIHBO6XBfyVjUQZdipg4iBW9iIC0nBIwAbJ~tplv-tiktok-shrink%253A640%253A640.webp%253Fdr%253D9632%2526refresh_token%253Da6b260ae%2526x-expires%253D1821488400%2526x-signature%253D8wk9LX%25252BRwGtYaE7QSvgsrFCh%25252F8c%25253D%2526t%253D4d5b0474%2526ps%253D13740610%2526shp%253Dd05b14bd%2526shcp%253D34ff8df6%2526idc%253Duseast8%2526s%253DSEARCH%22%2C%22placeholder_product_id%22%3A%221729415930935742635%22%2C%22placeholder_video_id%22%3A%227624657331229347086%22%2C%22ttuid%22%3A%227540999219776439309%22%7D&ec_shared_reflux_scene=shop_tab_feed&share_item_id=7624657331229347086&source=h5_m
101,713913,11030,175,974,2627,iona francis,133242,GB,30,2025-04-24,Your sign to try this slugging hack with Vaseline 💦 #vaselinehack #vaseline #petroleumjelly #skincarehack #skintok #skin,slugging skincare,https://www.tiktok.com/@sparklesandskin/video/7496851113564491030?_r=1&u_code=ec870851jm948b&preview_pb=0&sharer_language=en&_d=f17id7d4k0gi7h&share_item_id=7496851113564491030&source=h5_m
102,86643,7384,322,239,4048,sarah | chemist,90853,US,114,2026-07-17,worth the money 💅🏻 #skincare #peptideserum #matureskin #antiaging #chemist @educatedmess @Bloomeffects Skincare @Mothere,peptide serum review,https://www.tiktok.com/@sarahbabula/video/7663539753945468174?_r=1&u_code=eb6mc58fgb8i78&preview_pb=0&sharer_language=en&_d=f30g8a6e1cllk1&share_item_id=7663539753945468174&source=h5_m
103,415949,8405,47,2232,779,Diaryofhermosa,26827,NG,19,2026-08-15,You need to start adding this into your routine asap 🩷 @numbuzin  #necklines #wrinkles #retinal #koreanskincare #numbuzi,retinol results,https://www.tiktok.com/@diaryofhermosa/video/7674274179297938695?_r=1&u_code=em2b3lgabifj41&preview_pb=0&sharer_language=en&_d=em2b3eg883adfa&share_item_id=7674274179297938695&source=h5_m
104,96014,7626,170,1013,2719,Morgan Keen,112126,US,44,2026-01-30,Run to your local Walmart if you are looking for affordable clean makeup 🏃‍♀️ I discovered this clean beauty brand recen,clean beauty,https://www.tiktok.com/@morganlkeen/video/7601283955962170679?_r=1&u_code=f0j0h01alm4mlj&preview_pb=0&sharer_language=en&_d=f0j27cel10j4je&share_item_id=7601283955962170679&source=h5_m
105,206292,9061,88,1179,2014,Dr.Supriya PaudelDermatologist,3368,NP,104,2026-09-19,#ageing #skincare #skin #fyp #drsupriyapaudel,skincare mistakes,https://www.tiktok.com/@dr.supriya_md/video/7687218885040377109?_r=1&u_code=ebge3k1bahkf71&preview_pb=0&sharer_language=en&_d=f1i6376h0he1g4&share_item_id=7687218885040377109&source=h5_m
106,272054,8770,198,427,3177,sunnyfromsunnybread,542399,KR,245,2026-01-23,mNow we all know that Niacinamide is amazing!  You can get @Jumiso Global Niacinamide serum through my link in bio !  Th,niacinamide serum review,https://www.tiktok.com/@sunnyfromsunnybread/video/7598531206942117127?_r=1&u_code=ebg9k7d9b71ild&preview_pb=0&sharer_language=en&_d=f1i6bfjhak1i1k&share_item_id=7598531206942117127&source=h5_m
107,244124,14777,212,240,1178,Grace May,369076,US,80,2026-08-07,You’re gonna hate me for saying this….but this completely changed my acne journey 🤫👀 #acnetips #clearskin,acne before after,https://www.tiktok.com/@gracemayofficial/video/7671320464416853278?_r=1&u_code=em2cljdihj9bbh&preview_pb=0&sharer_language=en&_d=em2clb53m7g1kj&share_item_id=7671320464416853278&source=h5_m
108,348206,12864,216,482,1221,Ebony,1128,US,38,2026-07-21,"I almost didn't post this update, but here's where my skin is now ☝🏽If you watched my first video closely, you probably ",acne before after,https://www.tiktok.com/@ebonyshamar/video/7664994528574704909?_r=1&u_code=em2cljdihj9bbh&preview_pb=0&sharer_language=en&_d=em2clb53m7g1kj&share_item_id=7664994528574704909&source=h5_m
109,242584,5188,35,1512,2319,Raquel ♡,144246,GB,16,2026-07-10,If you’re not using this yet then what are you doing. #retinal #clearskintips #retinalshot #celimax #antiaging @celimax.,retinol results,https://www.tiktok.com/@raquelinacioo/video/7660947157230325013?_r=1&u_code=em2b3lgabifj41&preview_pb=0&sharer_language=en&_d=em2b3eg883adfa&share_item_id=7660947157230325013&source=h5_m
110,140999,8341,95,258,3209,Amanda,491421,US,62,2026-08-22,body retinol results could be a cellulite treatment women🤭 it’s really to soon tmm on say for certain but this is someth,retinol results,https://www.tiktok.com/@amandarisdal/video/7676655874135444766?_r=1&u_code=em2b3lgabifj41&preview_pb=0&sharer_language=en&_d=em2b3eg883adfa&share_item_id=7676655874135444766&source=h5_m
111,186305,11553,52,378,1845,ТГК: KLUEVA,696848,DE,27,2026-07-28,любимый базовый трехступенчатый уход от Clinique из Золотого Яблока ✨ идеально подходит для любого типа кожи и любого во,slugging skincare,https://www.tiktok.com/@ladakl/video/7667615259351387400?_r=1&u_code=ec870851jm948b&preview_pb=0&sharer_language=en&_d=f17id7d4k0gi7h&share_item_id=7667615259351387400&source=h5_m
112,1050644,8467,40,107,3305,Skinwithsoma 𐙚 .⋆,21714,NG,13,2026-09-10,The best DUO to fade dark spots💖 @Dr.Althea US  #melaclearcream #vitamincserum #darkspots #bloomers,dark spot removal,https://www.tiktok.com/@skinwithsoma/video/7683942232151330055?_r=1&u_code=f00k83i05jjkia&preview_pb=0&sharer_language=en&_d=f1i829emaf12f8&share_item_id=7683942232151330055&source=h5_m
113,115269,5994,132,208,3700,Jordyn Woodruff,484839,US,143,2026-07-15,My favorite skincare products for rosacea & sensitive skin #skincare #skincareroutine #skincareproducts #rosacea #rosace,sensitive skin routine,https://www.tiktok.com/@jordynwoodruff/video/7662885991492914446?_r=1&u_code=f3m69065mgf955&preview_pb=0&sharer_language=en&_d=f3m68gl84bff2h&share_item_id=7662885991492914446&source=h5_m
114,121729,8869,65,119,2914,Charine Cheung,603442,CA,139,2026-09-16,the barrier repair products that have made the biggest difference in my skin this year 🩵 as long as my skin is dry and a,skin barrier repair,https://www.tiktok.com/@charinecheungg/video/7686260176566996240?_r=1&u_code=f0hill6blh5e4e&preview_pb=0&sharer_language=en&_d=f0hk82dgiie35d&share_item_id=7686260176566996240&source=h5_m
115,208549,5378,299,223,3355,Dr Memee 🎀,66450,GB,145,2026-04-15,,peptide serum review,https://www.tiktok.com/@dr_memee/video/7629096584088718614?_r=1&u_code=eb6mc58fgb8i78&preview_pb=0&sharer_language=en&_d=f30g8a6e1cllk1&share_item_id=7629096584088718614&source=h5_m
116,104812,6456,127,442,2886,Rocio Soria🌺,1893917,US,61,2026-05-23,"AM glass skin routine because so many of you kept asking 🫶✨🥹 And no, it doesn’t have to be 15 steps to get that healthy,",glass skin routine,https://www.tiktok.com/@rocio.roses/video/7642879491794160926?_r=1&u_code=eabfh8cldf18km&preview_pb=0&sharer_language=en&_d=f30keg3fg7m48a&share_item_id=7642879491794160926&source=h5_m
117,139964,7528,1655,153,427,Sarah Miller,8483,US,7,2026-08-04,"👩‍🦳 The older I get, the simpler my beauty routine becomes. I used to think I needed more products. More steps. More exp",anti aging routine,https://www.tiktok.com/@skin_withsarah_/video/7670230048397397279?_r=1&u_code=f0i31gd50i123c&preview_pb=0&sharer_language=en&_d=f0i4d1k4549485&share_item_id=7670230048397397279&source=h5_m
118,79650,8305,44,114,2872,gina seo,83122,US,145,2026-08-31,"this is for oily, dehydrated, fungal acne + hormonal acne, neutral undertone girlies 🛐 clean makeup: @rhode skin glazing",clean beauty,https://www.tiktok.com/@ginaseooo/video/7679998256499281165?_r=1&u_code=f0j0h01alm4mlj&preview_pb=0&sharer_language=en&_d=f0j27cel10j4je&share_item_id=7679998256499281165&source=h5_m
119,140695,8461,654,919,352,Kinda 🇱🇧/ كنده_ب_كندا,618416,US,124,2026-09-19,#stitch with @🇪🇹SARA💜,clean beauty,https://www.tiktok.com/@kinda_b_canada/video/7687345795061910805?_r=1&u_code=f0j0h01alm4mlj&preview_pb=0&sharer_language=en&_d=f0j27cel10j4je&share_item_id=7687345795061910805&source=h5_m
120,244582,5247,129,498,2808,PRESHYBAM UGC Influencers,11533,NG,21,2026-09-03,Day 7 of using this cream on my leg hyperpigmentation✨✨ #drpercent #bodyhyperpigmentation #darksports #hyperpigmentation,dark spot removal,https://www.tiktok.com/@preshybam/video/7681197453772590357?_r=1&u_code=f00k83i05jjkia&preview_pb=0&sharer_language=en&_d=f1i829emaf12f8&share_item_id=7681197453772590357&source=h5_m
