排名,痛点词,热度,关联视频数,互动量,曝光量,关联销量
1,卡粉,1.67,63,67528,350w+,13686
2,脱妆,1.48,56,23204,340w+,10397
3,皮肤干燥,1.16,44,10133,180w+,5363
4,毛孔粗大,1.11,42,28814,490w+,12068
5,皮肤粗糙,0.85,32,8560,290w+,7055
6,卡粉斑驳,0.74,28,21430,410w+,8598
7,皮肤暗沉,0.69,26,8173,170w+,4396
8,皮肤干,0.63,24,41227,120w+,4857
9,毛孔大,0.61,23,32353,140w+,5939
10,暗沉,0.58,22,33687,55w+,3772
11,黑眼圈,0.56,21,35645,89w+,3980
12,显老,0.48,18,8293,100w+,6417
13,化妆卡粉,0.48,18,6132,120w+,4221
14,黑头闭口,0.45,17,14495,450w+,8599
15,爱出油,0.45,17,5061,150w+,4837
16,斑驳,0.42,16,6850,120w+,3284
17,斑斑点点,0.42,16,4473,100w+,2870
18,拔干,0.4,15,8321,130w+,5324
19,干燥起皮,0.4,15,3650,100w+,4343
20,法令纹,0.37,14,3772,23w+,1741
21,起皮,0.34,13,3053,68w+,2195
22,肤色不均,0.34,13,4144,76w+,2011
23,唇纹深,0.32,12,15290,400w+,9085
24,毛孔堵塞,0.32,12,4606,160w+,3578
25,出油,0.32,12,4562,84w+,2165
26,肤色暗沉,0.32,12,2788,55w+,2047
27,皮肤暗黄,0.29,11,9147,630w+,4772
28,干纹细纹,0.29,11,4207,31w+,1775
29,粉扑吃粉,0.26,10,50852,700w+,30372
30,紧绷,0.26,10,6536,98w+,4568
31,疙疙瘩瘩,0.26,10,4861,77w+,2276
32,唇纹,0.26,10,2455,18w+,1780
33,纹纹路路,0.26,10,2296,54w+,1570
34,卡粉浮粉,0.26,10,1824,38w+,1550
35,晕妆,0.24,9,13065,51w+,6675
36,结块,0.24,9,6747,90w+,6482
37,嘴巴干,0.24,9,2623,84w+,2102
38,嘴唇干,0.24,9,2771,13w+,2042
39,细纹,0.24,9,24264,68w+,1180
40,画眼线难,0.24,9,3083,60w+,1102
41,底妆不服帖,0.21,8,4853,38w+,5019
42,斑驳卡粉,0.21,8,5116,92w+,2109
43,皮肤黄,0.21,8,8737,140w+,2002
44,黑头,0.21,8,5957,370w+,1971
45,皮肤松弛,0.21,8,2311,22w+,1844
46,熬夜暗沉,0.21,8,2572,56w+,1520
47,底妆卡粉,0.21,8,1887,22w+,1501
48,卡粉起皮,0.21,8,4176,32w+,1461
49,熬夜,0.21,8,2875,22w+,1383
50,脸干,0.21,8,1653,33w+,1172
51,苍蝇腿,0.21,8,1599,12w+,926
52,氧化脱妆,0.21,8,1220,39w+,686
53,脱妆卡粉,0.19,7,3463,110w+,2800
54,小脸暗沉,0.19,7,3492,100w+,2744
55,黑头多,0.19,7,4637,52w+,2670
56,底妆脏,0.19,7,3829,120w+,2399
57,痘印,0.19,7,8797,87w+,2287
58,嘴唇起皮,0.19,7,889,6.4w+,1590
59,浮粉,0.19,7,3574,2.4w+,1562
60,起皮卡粉,0.19,7,4396,54w+,1492
61,出油脱妆,0.19,7,5544,27w+,1340
62,香肠嘴,0.19,7,1325,13w+,1323
63,有黑头,0.19,7,4818,32w+,1102
64,上妆卡粉,0.19,7,555,18w+,1066
65,卡纹卡粉,0.19,7,1476,22w+,1001
66,皮肤松垮,0.19,7,946,14w+,870
67,鱼尾纹,0.19,7,1858,17w+,808
68,紧绷拔干,0.19,7,737,24w+,754
69,暗沉发黄,0.19,7,1338,19w+,746
70,化妆显脏,0.16,6,7777,200w+,3328
71,吃粉底液,0.16,6,14155,110w+,2983
72,皮肤暗,0.16,6,3327,140w+,1981
73,暗淡无光,0.16,6,4724,110w+,1785
74,底妆斑驳,0.16,6,2694,42w+,1499
75,卡粉爆皮,0.16,6,1943,120w+,1426
76,卡粉搓泥,0.16,6,31083,80w+,1221
77,出油多,0.16,6,8176,63w+,950
78,懒得化妆,0.16,6,933,26w+,939
79,干纹,0.16,6,2259,41w+,892
80,暗沉脱妆,0.16,6,1741,28w+,872
81,皮肤差,0.16,6,1531,37w+,870
82,脸油,0.16,6,2198,50w+,803
83,晕妆脱妆,0.16,6,1246,100+,779
84,脸黄,0.16,6,1136,10w+,717
85,抬头纹,0.16,6,1571,5.0w+,538
86,吃粉,0.13,5,15490,80w+,6891
87,唇色深,0.13,5,13077,220w+,4948
88,黄气,0.13,5,9504,230w+,2723
89,显脏,0.13,5,1919,63w+,2720
90,口红掉色,0.13,5,1514,72w+,1677
91,麻麻赖赖,0.13,5,846,38w+,1618
92,不会化妆,0.13,5,3441,27w+,1616
93,缺水,0.13,5,2663,22w+,1326
94,皮肤下垂,0.13,5,12054,49w+,1199
95,油光满面,0.13,5,2784,93w+,1190
96,反复长痘,0.13,5,1426,11w+,1183
97,皮肤干燥粗糙,0.13,5,2804,74w+,1115
98,瑕疵,0.13,5,5570,71w+,1083
99,无光泽,0.13,5,1636,62w+,1082
100,撕嘴皮,0.13,5,1528,7.1w+,1000
101,一蹭就掉,0.13,5,1773,-,927
102,卡粉脱妆,0.13,5,1766,63w+,923
103,法令纹深,0.13,5,686,11w+,831
104,底妆脱妆,0.13,5,1797,13w+,775
105,脱妆斑驳,0.13,5,5690,24w+,772
106,眼周干燥,0.13,5,1601,-,770
107,闭口,0.13,5,11342,100w+,765
108,黑头粉刺,0.13,5,1297,13w+,742
109,长痘,0.13,5,1072,6.2w+,710
110,皮肤黑,0.13,5,9982,78w+,700
111,痘痘,0.13,5,1248,17w+,675
112,上妆不服帖,0.13,5,23479,47w+,627
113,暗沉暗黄,0.13,5,794,11w+,573
114,假白,0.13,5,1236,8700+,482
115,川字纹,0.13,5,1073,8.2w+,453
116,皮肤起皮,0.13,5,571,6.7w+,439
117,卸妆不到位,0.13,5,221,1.3w+,432
118,干燥,0.13,5,320,3.4w+,409
119,有皱纹,0.13,5,1548,6.8w+,321
120,沾杯掉色,0.11,4,3472,170w+,9619
121,费劲贴双眼皮,0.11,4,9390,84w+,3164
122,眼袋,0.11,4,1022,8.0w+,3093
123,嘴角暗沉,0.11,4,4610,98w+,2712
124,小细纹,0.11,4,1660,85w+,1464
125,修容显脏,0.11,4,1745,24w+,1337
126,试错成本,0.11,4,1392,10w+,1281
127,闷痘,0.11,4,12287,100w+,1250
128,皮肤闹情绪,0.11,4,399,26w+,1112
129,眼线难画,0.11,4,1310,29w+,1066
130,掉色,0.11,4,1407,26w+,1057
131,脸暗沉,0.11,4,872,2.9w+,906
132,油腻,0.11,4,1893,1.9w+,829
133,嘴唇干巴,0.11,4,690,25w+,781
134,粗糙,0.11,4,1108,18w+,669
135,皱纹多,0.11,4,3684,24w+,659
136,毛孔粗,0.11,4,1120,77w+,629
137,皮肤拔干,0.11,4,999,12w+,623
138,撕嘴皮子,0.11,4,1227,16w+,622
139,怕晒黑,0.11,4,1009,34w+,591
140,脸下垂,0.11,4,329,9.1w+,552
141,闭口粉刺,0.11,4,845,30w+,546
142,脸上出油,0.11,4,638,19w+,525
143,不想化妆,0.11,4,204,6.2w+,516
144,粉感重,0.11,4,912,11w+,502
145,暗黄,0.11,4,769,17w+,501
146,胶原蛋白流失,0.11,4,584,4.6w+,490
147,护肤品不吸收,0.11,4,287,8.3w+,428
148,有斑点,0.11,4,598,11w+,379
149,黄脸婆,0.11,4,2977,11w+,379
150,眼周干纹,0.11,4,797,4.0w+,375
151,脸上有斑,0.11,4,1601,21w+,351
152,拔干起皮,0.08,3,4203,230w+,10240
153,卡纹起皮,0.08,3,3465,170w+,9446
154,易掉色,0.08,3,12006,230w+,4606
155,手黏糊,0.08,3,847,35w+,3457
156,易沾杯,0.08,3,4291,23w+,2589
157,手残,0.08,3,6743,27w+,2045
158,卡粉卡纹,0.08,3,3791,89w+,2024
159,冒痘,0.08,3,6672,140w+,1898
160,鼻翼卡粉,0.08,3,1663,16w+,1884
161,遮不住瑕疵,0.08,3,4622,65w+,1667
162,黄气暗沉,0.08,3,1127,19w+,1442
163,眼线生硬,0.08,3,885,27w+,1152
164,死皮,0.08,3,1544,49w+,1140
165,眼霜无功无过,0.08,3,367,3.0w+,1106
166,无气质,0.08,3,1262,63w+,1071
167,小脸蜡黄,0.08,3,1733,8.6w+,1048
168,皮肤松,0.08,3,683,3.9w+,1035
169,泛红,0.08,3,1310,21w+,991
170,脸脖色差,0.08,3,2234,32w+,972
171,泪沟显老,0.08,3,2433,67w+,927
172,怕踩雷,0.08,3,1161,34w+,881
173,脸松垮,0.08,3,521,16w+,874
174,粘头发,0.08,3,11473,47w+,857
175,睫毛结块,0.08,3,1139,19w+,840
176,卡纹,0.08,3,519,22w+,832
177,蜡黄,0.08,3,827,30w+,829
178,怕亮太快,0.08,3,589,59w+,789
179,皱纹,0.08,3,1597,26w+,786
180,易晕妆,0.08,3,1313,16w+,779
181,粗糙暗沉,0.08,3,550,22w+,776
182,泪沟,0.08,3,897,24w+,755
183,油脂,0.08,3,1984,180w+,745
184,辣眼睛,0.08,3,1524,48w+,735
185,口红不好看,0.08,3,805,26w+,683
186,发黄,0.08,3,1627,52w+,663
187,底妆暗沉,0.08,3,345,5.8w+,634
188,蹭花底妆,0.08,3,1276,16w+,634
189,彩妆残留,0.08,3,2202,19w+,620
190,卸妆不干净,0.08,3,297,5.7w+,619
191,手干,0.08,3,1308,32w+,610
192,脸垮,0.08,3,393,21w+,594
193,沟沟壑壑,0.08,3,495,6.6w+,586
194,不持妆,0.08,3,1639,7.8w+,574
195,定妆卡粉,0.08,3,477,3.0w+,559
196,嘴巴干裂,0.08,3,979,21w+,539
197,脸暗,0.08,3,413,6.7w+,521
198,卡指甲缝,0.08,3,1369,30w+,475
199,嘴干,0.08,3,339,13w+,446
200,晕成熊猫眼,0.08,3,682,-,442
201,卡粉厚重,0.08,3,674,1.2w+,439
202,试错成本高,0.08,3,305,4.5w+,416
203,面中凹陷,0.08,3,918,-,411
204,爱撕嘴皮,0.08,3,637,-,388
205,闭口多,0.08,3,619,16w+,383
206,脸型不流畅,0.08,3,491,560+,372
207,出油暗沉,0.08,3,200,8.1w+,371
208,遮瑕不够,0.08,3,458,3.0w+,371
209,垮脸,0.08,3,217,3.2w+,367
210,脸拔干,0.08,3,909,10w+,366
211,大小脸,0.08,3,556,10w+,350
212,紧绷感,0.08,3,432,1.7w+,348
213,皮肤紧绷,0.08,3,373,-,343
214,松垮垂,0.08,3,1098,3.6w+,331
215,蹭眼皮,0.08,3,643,5.1w+,321
216,唇干起皮,0.08,3,439,1.1w+,307
217,脂肪粒,0.08,3,348,5.1w+,289
218,过敏,0.08,3,604,7.0w+,280
219,脸白脖子黑,0.08,3,478,9.2w+,280
220,显老显脏,0.08,3,872,4.0w+,265
221,晒黑,0.08,3,608,7.2w+,262
222,肿眼泡,0.08,3,227,2.0w+,255
223,有痘印,0.08,3,698,6.1w+,239
224,黑头闭口反复,0.08,3,216,9.6w+,238
225,皮肤敏感,0.08,3,322,3.2w+,225
226,眼周松垮,0.08,3,125,2.0w+,213
227,脸松,0.08,3,85,2.3w+,211
228,眼周细纹,0.08,3,207,3.5w+,206
229,吃粉严重,0.05,2,17803,220w+,7286
230,涂口红卡,0.05,2,13145,330w+,4272
231,黑眉显老,0.05,2,9290,-,3704
232,粉底不服帖,0.05,2,12204,44w+,3440
233,毛孔脏,0.05,2,3606,110w+,3422
234,出油冒痘,0.05,2,2230,110w+,3250
235,涂身体乳慢,0.05,2,687,31w+,3139
236,涂素颜霜不匀,0.05,2,669,31w+,3012
237,气垫用得快,0.05,2,1,100+,2699
238,吃粉多,0.05,2,6032,110w+,2519
239,脱妆暗沉,0.05,2,2167,100w+,2119
240,拔干紧绷,0.05,2,1136,27w+,1475
241,妆面廉价,0.05,2,2018,31w+,1226
242,眼线晕染,0.05,2,697,30w+,1170
243,吸水分,0.05,2,1711,14w+,1151
244,搓泥,0.05,2,4764,40w+,1142
245,做双眼皮,0.05,2,2464,16w+,1121
246,瑕疵斑点,0.05,2,1144,22w+,1109
247,手撕嘴皮,0.05,2,1672,50w+,1086
248,妆面粗糙,0.05,2,1348,27w+,1042
249,皮肤油黑,0.05,2,2484,9.9w+,993
250,皮肤垮,0.05,2,628,3600+,979
251,定妆白忙活,0.05,2,1329,100w+,934
252,缺水干燥,0.05,2,461,8.4w+,914
253,不卫生,0.05,2,796,15w+,856
254,显毛孔,0.05,2,1019,6.9w+,827
255,眼线晕妆,0.05,2,601,27w+,819
256,眼周显老,0.05,2,1150,47w+,765
257,皮肤不吸收,0.05,2,793,16w+,761
258,熊猫眼,0.05,2,3228,72w+,749
259,毛孔明显,0.05,2,803,17w+,739
260,黑头白头,0.05,2,1239,39w+,737
261,不掉色,0.05,2,2911,10w+,723
262,刷成苍蝇腿,0.05,2,1088,27w+,683
263,抠抠搜搜,0.05,2,1230,-,674
264,不沾杯,0.05,2,974,-,672
265,草莓鼻,0.05,2,1653,25w+,647
266,平时抠搜,0.05,2,1004,25w+,634
267,角质堆积,0.05,2,447,-,596
268,无气色,0.05,2,1074,16w+,575
269,脸粗糙,0.05,2,1035,11w+,574
270,粉刺,0.05,2,1289,3.7w+,562
271,眼线卡顿,0.05,2,855,29w+,562
272,暴汗脱妆,0.05,2,1321,22w+,505
273,种睫毛贵,0.05,2,270,8.5w+,498
274,有闭口,0.05,2,1612,4.1w+,480
275,长痘留印,0.05,2,1039,-,467
276,妆容掉,0.05,2,544,-,460
277,氧化暗沉,0.05,2,592,7.4w+,459
278,妆面显脏,0.05,2,859,24w+,456
279,皮肤黑黄,0.05,2,285,-,453
280,正装贵,0.05,2,112,2.4w+,445
281,油脂堆积,0.05,2,1029,-,443
282,红红敏敏,0.05,2,126,12w+,437
283,油脂性闭口,0.05,2,1161,100w+,431
284,瑕疵暗沉,0.05,2,3631,2700+,423
285,干裂,0.05,2,375,2.9w+,414
286,用力过猛,0.05,2,744,-,414
287,痘痘问题,0.05,2,1105,14w+,413
288,不自信,0.05,2,65,-,407
289,库存少,0.05,2,503,6.9w+,407
290,紧绷不拔干,0.05,2,1596,8.1w+,394
291,眼部松垮,0.05,2,1190,9.4w+,393
292,嘴唇干燥,0.05,2,500,-,380
293,长闭口,0.05,2,634,16w+,379
294,化妆麻烦,0.05,2,344,2.5w+,370
295,眉毛显老,0.05,2,516,22w+,367
296,大眼袋,0.05,2,1132,9.9w+,366
297,大毛孔,0.05,2,6546,3.2w+,359
298,长粉刺,0.05,2,207,6.3w+,359
299,嘴巴干燥,0.05,2,425,12w+,355
300,暗沉黄气,0.05,2,179,2900+,350
301,粗糙无光泽,0.05,2,571,16w+,343
302,眼部细纹,0.05,2,1113,9.4w+,340
303,嘴巴起皮,0.05,2,927,16w+,339
304,瑕疵重,0.05,2,1666,7.8w+,337
305,嘴唇干裂,0.05,2,524,6.1w+,336
306,双下巴,0.05,2,413,7.7w+,335
307,不咋护肤,0.05,2,610,-,335
308,不舍花钱,0.05,2,610,-,335
309,不想早起,0.05,2,400,22w+,333
310,手上黏黏,0.05,2,72,-,333
311,皮肤发黄,0.05,2,1404,56w+,331
312,胶笔易断,0.05,2,526,-,327
313,修容画不好,0.05,2,527,4.7w+,327
314,皮肤脏,0.05,2,332,7.4w+,325
315,舍不得买,0.05,2,249,7.9w+,325
316,脸上起皮,0.05,2,3804,14w+,320
317,洗不掉,0.05,2,1333,16w+,316
318,皮肤老,0.05,2,259,-,315
319,松垮暗沉,0.05,2,145,4.2w+,313
320,不敢对视,0.05,2,1067,1.5w+,312
321,川字纹多,0.05,2,472,3.4w+,310
322,抬头纹多,0.05,2,472,3.4w+,310
323,法令纹多,0.05,2,472,3.4w+,310
324,鱼尾纹多,0.05,2,472,3.4w+,310
325,舍不得,0.05,2,376,4.1w+,309
326,脸紧绷,0.05,2,2207,13w+,305
327,毛孔油脂,0.05,2,346,4.8w+,305
328,干燥粗糙,0.05,2,333,1.0w+,299
329,没光泽,0.05,2,303,2.7w+,297
330,嘴巴发乌,0.05,2,213,4.7w+,290
331,嘴巴干裂起皮,0.05,2,177,3.1w+,290
332,汗味,0.05,2,286,4.0w+,287
333,咬嘴皮子,0.05,2,337,15w+,287
334,眼尾下垂,0.05,2,465,-,284
335,手法不对,0.05,2,387,16w+,282
336,易脱妆,0.05,2,23064,9.5w+,281
337,脸上干,0.05,2,1308,10w+,281
338,气色差,0.05,2,183,1.4w+,280
339,吸收差,0.05,2,274,5500+,278
340,肤色暗淡,0.05,2,383,1.1w+,278
341,脸洗不干净,0.05,2,486,1.8w+,277
342,不服帖,0.05,2,460,8.1w+,276
343,熬夜暗黄,0.05,2,134,3.2w+,274
344,搓泥卡粉,0.05,2,621,1.3w+,272
345,洗不干净,0.05,2,360,-,272
346,颈纹加深,0.05,2,275,7.4w+,270
347,中庭长,0.05,2,348,-,266
348,嘴干起皮,0.05,2,353,5.6w+,266
349,泛红刺痛,0.05,2,9443,13w+,264
350,皮肤不亮,0.05,2,338,12w+,263
351,眉毛易掉,0.05,2,290,-,262
352,厚重假面,0.05,2,278,-,256
353,屏障受损,0.05,2,283,10w+,255
354,内眼线手抖,0.05,2,272,-,250
355,唇纹明显,0.05,2,167,6.5w+,249
356,眼部衰老,0.05,2,401,21w+,249
357,涂口红不好看,0.05,2,171,3.7w+,248
358,抠痘痘,0.05,2,291,-,241
359,眼纹,0.05,2,1391,250+,237
360,皮肤油,0.05,2,230,7900+,235
361,来不及化妆,0.05,2,331,4.2w+,229
362,容易脱妆,0.05,2,253,-,223
363,松垮下垂,0.05,2,159,6.4w+,223
364,眼周暗沉,0.05,2,232,3.7w+,221
365,屏障不稳,0.05,2,112,11w+,217
366,出油斑驳,0.05,2,79,1.4w+,214
367,脸黑,0.05,2,641,10w+,212
368,刮伤皮肤,0.05,2,201,11w+,211
369,小脸松垮,0.05,2,133,-,205
370,脸色无光泽,0.05,2,169,470+,202
371,支撑不住,0.05,2,704,4.9w+,201
372,爆皮,0.05,2,190,1.7w+,199
373,皮肤敏敏,0.05,2,315,10w+,199
374,黑眼袋,0.05,2,521,2.0w+,197
375,口角囊袋,0.05,2,1019,250+,193
376,黯淡无光,0.05,2,129,1.8w+,193
377,皮肤蜡黄,0.05,2,1156,41w+,192
378,动态纹,0.05,2,454,1.0w+,187
379,静态纹,0.05,2,454,1.0w+,187
380,结块苍蝇腿,0.05,2,737,-,187
381,气色不好,0.05,2,200,1.5w+,184
382,出油泛红,0.05,2,319,13w+,183
383,没时间护肤,0.05,2,319,13w+,183
384,掉色沾杯,0.05,2,482,2.6w+,181
385,废旧角质,0.05,2,169,19w+,177
386,脸爱出油,0.05,2,64,3.9w+,177
387,有斑,0.05,2,488,6.1w+,175
388,底妆暗沉发黄,0.05,2,270,3900+,175
389,色素,0.05,2,645,4.4w+,174
390,脸干燥,0.05,2,2272,10w+,174
391,黑头反复,0.05,2,316,-,174
392,小脸又黄又垮,0.05,2,185,-,174
393,松垮,0.05,2,148,1.1w+,171
394,脸老,0.05,2,561,1.8w+,171
395,粉刺多,0.05,2,226,2000+,170
396,无效妆容,0.05,2,574,2.1w+,170
397,长皱纹,0.05,2,96,1.6w+,169
398,化妆卡粉起皮,0.05,2,106,2.6w+,169
399,晕染脱妆,0.05,2,522,-,167
400,皮肤问题,0.05,2,350,2.6w+,164
401,显脏显假,0.05,2,190,5600+,161
402,黑眼圈重,0.05,2,331,6.3w+,161
403,干裂起皮,0.05,2,235,6.5w+,160
404,水油失衡,0.05,2,427,10w+,152
405,睫毛易掉,0.05,2,667,-,151
406,脸黄脸暗,0.05,2,232,14w+,151
407,熬夜多,0.05,2,244,4500+,150
408,脸干起皮,0.05,2,886,6.3w+,150
409,眼松眼垮,0.05,2,178,1.0w+,149
410,唇纹多,0.05,2,149,5.7w+,145
411,睫毛塌,0.05,2,77,-,142
412,不拔干,0.05,2,162,2.0w+,138
413,细纹干纹,0.05,2,11,2.8w+,136
414,暗黄暗沉,0.05,2,492,5.9w+,131
415,皮肤不好,0.05,2,512,5.9w+,128
416,眼皮松,0.05,2,147,8100+,127
417,黄气重,0.05,2,120,5300+,123
418,皮肤发红,0.05,2,244,1.9w+,123
419,浮粉卡粉,0.05,2,830,8.2w+,120
420,脸蜡黄,0.05,2,76,3.7w+,115
421,毛孔,0.05,2,431,2.4w+,112
422,小脸暗沉粗糙,0.05,2,319,1.2w+,106
423,卡粉重灾区,0.03,1,4653,150w+,9749
424,浪费粉底液,0.03,1,9666,220w+,9707
425,贴黑睫毛凶,0.03,1,6646,140w+,8166
426,眼部状态不好,0.03,1,4000,-,7636
427,显土,0.03,1,11323,200w+,5224
428,脸更肿,0.03,1,11323,200w+,5224
429,妆效不好,0.03,1,10118,160w+,4337
430,嘴巴难受,0.03,1,13108,330w+,4203
431,嘴巴有死皮,0.03,1,13108,330w+,4203
432,显脏发黄,0.03,1,2255,69w+,4082
433,寡淡无气色,0.03,1,2255,69w+,4082
434,怕夸张,0.03,1,10930,220w+,3996
435,怕拔干,0.03,1,10930,220w+,3996
436,暗沉痘印,0.03,1,6833,590w+,3340
437,深层未清理,0.03,1,6833,590w+,3340
438,肌肤不平,0.03,1,2210,110w+,3196
439,贴睫毛显凶,0.03,1,7745,80w+,3002
440,贴睫毛显老,0.03,1,7745,80w+,3002
441,印子发红,0.03,1,4000,84w+,2952
442,印子发黑,0.03,1,4000,84w+,2952
443,印子变深,0.03,1,4000,84w+,2952
444,素颜霜脏手,0.03,1,642,31w+,2909
445,不会画卧蚕,0.03,1,14580,110w+,2655
446,底妆不均,0.03,1,1,100+,2615
447,手套吃乳,0.03,1,504,27w+,2552
448,指甲缝黏,0.03,1,504,27w+,2552
449,滋生细菌,0.03,1,504,27w+,2552
450,用后难洗,0.03,1,504,27w+,2552
451,怕晕妆,0.03,1,3441,120w+,2330
452,眼线易断,0.03,1,3441,120w+,2330
453,修容发灰,0.03,1,1560,58w+,2266
454,破坏底妆,0.03,1,1560,58w+,2266
455,陈年黑头,0.03,1,3129,41w+,2263
456,显荧光,0.03,1,3977,19w+,2150
457,包装老土,0.03,1,3977,19w+,2150
458,包装老年,0.03,1,3977,19w+,2150
459,熬夜脸垮,0.03,1,1371,40w+,2090
460,吃身体乳,0.03,1,360,-,2019
461,洗着麻烦,0.03,1,360,-,2019
462,黏黏哒哒,0.03,1,360,-,2019
463,化妆不精致,0.03,1,4487,160w+,1828
464,黑眉,0.03,1,2083,-,1782
465,脸大,0.03,1,5725,110w+,1774
466,脸肉,0.03,1,5725,110w+,1774
467,选错腮红,0.03,1,5725,110w+,1774
468,斑点,0.03,1,3493,88w+,1759
469,小黑眼圈,0.03,1,3493,88w+,1759
470,睫毛往下趴,0.03,1,1218,26w+,1719
471,卡粉开裂,0.03,1,726,29w+,1655
472,上妆卡纹,0.03,1,1787,96w+,1591
473,精华不足,0.03,1,3809,67w+,1548
474,膜布不贴合,0.03,1,3809,67w+,1548
475,脸油脸暗,0.03,1,727,46w+,1497
476,脸黄垮,0.03,1,3021,95w+,1453
477,脸爱冒油,0.03,1,2535,63w+,1439
478,厚重假白,0.03,1,1689,74w+,1359
479,斑位疲态,0.03,1,1689,74w+,1359
480,暗沉黑眼圈,0.03,1,1689,74w+,1359
481,价格小贵,0.03,1,5107,74w+,1358
482,假白像面具,0.03,1,5107,74w+,1358
483,妆感不自然,0.03,1,5107,74w+,1358
484,瑕疵未遮住,0.03,1,5107,74w+,1358
485,手涂太累,0.03,1,2369,32w+,1352
486,不喜欢狐系,0.03,1,4695,120w+,1344
487,粉底液用快,0.03,1,7734,110w+,1323
488,出油蜡黄,0.03,1,687,38w+,1261
489,彩妆难卸,0.03,1,687,38w+,1261
490,防晒难卸,0.03,1,687,38w+,1261
491,面部油脂堆积,0.03,1,687,38w+,1261
492,唇炎,0.03,1,1579,30w+,1234
493,难用吃粉,0.03,1,6277,47w+,1175
494,麻烦,0.03,1,2706,24w+,1144
495,没时间,0.03,1,2706,24w+,1144
496,不立体,0.03,1,1316,24w+,1102
497,拍不开,0.03,1,1316,24w+,1102
498,生硬显脏,0.03,1,1316,24w+,1102
499,线条生硬,0.03,1,1316,24w+,1102
500,粘肤结块,0.03,1,1961,62w+,1054
501,画不好眉形,0.03,1,1961,62w+,1054
502,染眉膏手法难,0.03,1,1961,62w+,1054
503,显脏显土,0.03,1,771,16w+,1041
504,下手重花妆,0.03,1,771,16w+,1041
505,买不到正品,0.03,1,2534,26w+,1039
506,脸上长皱纹,0.03,1,1438,15w+,1016
507,溜溜球球,0.03,1,3251,63w+,1005
508,需补妆,0.03,1,472,-,1000
509,眼纹重,0.03,1,1458,78w+,983
510,眼周缺油,0.03,1,1458,78w+,983
511,眼周长痘,0.03,1,1458,78w+,983
512,眼线断,0.03,1,582,27w+,981
513,眼线易干,0.03,1,582,27w+,981
514,显老气,0.03,1,987,63w+,954
515,戳红,0.03,1,714,57w+,951
516,山寨夹,0.03,1,714,57w+,951
517,厚薄不均,0.03,1,705,26w+,937
518,容易结块,0.03,1,705,26w+,937
519,粉浮表面,0.03,1,705,26w+,937
520,留香不够,0.03,1,647,27w+,927
521,粉状眼影飞粉,0.03,1,1556,-,917
522,口红易掉色,0.03,1,453,29w+,908
523,卡口红,0.03,1,1351,46w+,900
524,嘴巴不得劲,0.03,1,1351,46w+,900
525,卡封面料,0.03,1,491,6.9w+,888
526,卡层卡不进,0.03,1,491,6.9w+,888
527,妆感浓,0.03,1,361,12w+,870
528,厚重压眼,0.03,1,361,12w+,870
529,口红贵,0.03,1,1455,19w+,863
530,眼周小线条,0.03,1,222,16w+,863
531,底妆假白,0.03,1,1821,31w+,862
532,暗沉发灰,0.03,1,1821,31w+,862
533,白得太快,0.03,1,1314,-,857
534,鼻翼卡纹,0.03,1,1314,-,857
535,痘肌,0.03,1,1876,92w+,850
536,快爆浆痘,0.03,1,1876,92w+,850
537,手欠留印,0.03,1,1876,92w+,850
538,不敢摘口罩,0.03,1,1876,92w+,850
539,爱断货有点贵,0.03,1,3280,68w+,845
540,底妆不均匀,0.03,1,118,9.7w+,820
541,底妆无遮瑕,0.03,1,118,9.7w+,820
542,怕唇蜜融底妆,0.03,1,7158,-,788
543,劣质香精,0.03,1,1860,27w+,784
544,刷头不适,0.03,1,552,32w+,778
545,唇油拔干,0.03,1,552,32w+,778
546,唇油沾杯,0.03,1,552,32w+,778
547,整张脸干,0.03,1,1250,18w+,778
548,养唇效果差,0.03,1,552,32w+,778
549,水光膏蹭粉,0.03,1,1250,18w+,778
550,正装偏贵,0.03,1,2846,72w+,775
551,皮肤脏脏,0.03,1,1819,9.9w+,769
552,妆容感违和,0.03,1,2546,43w+,764
553,干燥缺水,0.03,1,318,5.3w+,758
554,年龄大脸老,0.03,1,318,5.3w+,758
555,妆花,0.03,1,634,16w+,748
556,妆斑驳,0.03,1,634,16w+,748
557,沙漠大干皮,0.03,1,2534,-,740
558,出油脏脸,0.03,1,2976,130w+,736
559,脸发泡发肿,0.03,1,1159,21w+,734
560,妆感问题,0.03,1,497,7.8w+,731
561,厚重,0.03,1,964,6.9w+,719
562,干巴,0.03,1,964,6.9w+,719
563,泪沟发灰,0.03,1,964,6.9w+,719
564,补妆,0.03,1,773,13w+,718
565,不安全,0.03,1,773,13w+,718
566,闭口黑头,0.03,1,79,8.3w+,709
567,状态差,0.03,1,1673,62w+,702
568,有括号纹,0.03,1,1673,62w+,702
569,眼部有纹,0.03,1,1673,62w+,702
570,干巴细节,0.03,1,4771,64w+,694
571,面中暗沉,0.03,1,4771,64w+,694
572,小眼睛,0.03,1,3038,72w+,683
573,小袋袋,0.03,1,3038,72w+,683
574,下颌线松,0.03,1,3038,72w+,683
575,眼周垮纹,0.03,1,3038,72w+,683
576,色素沉淀,0.03,1,3038,72w+,683
577,彩妆贵,0.03,1,456,3.9w+,680
578,刷子不好,0.03,1,456,3.9w+,680
579,刷子难用,0.03,1,456,3.9w+,680
580,口红易掉,0.03,1,456,3.9w+,680
581,显牙不白,0.03,1,456,3.9w+,680
582,卡粉起翘,0.03,1,463,-,679
583,水乳用完,0.03,1,226,-,678
584,怕被蹭掉,0.03,1,2495,34w+,677
585,隔离粉底一堆,0.03,1,2495,34w+,677
586,底妆不服贴,0.03,1,2690,-,673
587,敷面膜闷痘,0.03,1,551,19w+,671
588,留白,0.03,1,370,7.7w+,668
589,熬夜伤肤,0.03,1,669,16w+,668
590,藏粉,0.03,1,1461,6.4w+,656
591,粘底妆,0.03,1,1461,6.4w+,656
592,被带走,0.03,1,1461,6.4w+,656
593,腮红修容不好,0.03,1,812,-,655
594,补水难,0.03,1,948,30w+,652
595,补不进去,0.03,1,948,30w+,652
596,美白怕翻车,0.03,1,948,30w+,652
597,携带不便,0.03,1,225,5.8w+,637
598,水洗脱妆,0.03,1,822,10w+,634
599,补妆困难,0.03,1,822,10w+,634
600,眼部暗沉,0.03,1,695,10w+,608
601,黑头冒痘,0.03,1,695,10w+,608
602,毛孔不干净,0.03,1,695,10w+,608
603,打磨发烫,0.03,1,671,-,600
604,斑未淡化,0.03,1,186,3.3w+,600
605,磨到肉疼,0.03,1,671,-,600
606,磨半天不净,0.03,1,671,-,600
607,妆不均,0.03,1,225,11w+,577
608,粉扑掉渣,0.03,1,225,11w+,577
609,粉扑结块,0.03,1,225,11w+,577
610,有小纹,0.03,1,164,4.8w+,575
611,有小褶,0.03,1,164,4.8w+,575
612,妆效假面,0.03,1,311,19w+,575
613,费时费预算,0.03,1,471,-,575
614,精华入眼,0.03,1,11339,44w+,574
615,精华流嘴,0.03,1,11339,44w+,574
616,法令纹拉扯,0.03,1,11339,44w+,574
617,持妆差,0.03,1,1775,37w+,571
618,色差大,0.03,1,1775,37w+,571
619,冬天拔干,0.03,1,1775,37w+,571
620,妆感厚重,0.03,1,1775,37w+,571
621,色号不合适,0.03,1,1775,37w+,571
622,大白饼闲置,0.03,1,244,-,561
623,化妆难,0.03,1,3777,17w+,559
624,定妆粉感强,0.03,1,3777,17w+,559
625,易刮花底妆,0.03,1,3777,17w+,559
626,画底妆不均,0.03,1,3777,17w+,559
627,画眼线出错,0.03,1,3777,17w+,559
628,画眼妆不精细,0.03,1,3777,17w+,559
629,画眼妆无层次,0.03,1,3777,17w+,559
630,小凸起,0.03,1,1563,22w+,556
631,化妆显老,0.03,1,1563,22w+,556
632,粉底液贵,0.03,1,233,6.2w+,555
633,痘印痘坑,0.03,1,725,-,554
634,粘嘴糊嘴,0.03,1,1058,8.1w+,549
635,涂产品慢,0.03,1,612,-,544
636,指甲缝塞物,0.03,1,612,-,544
637,涂产品不均,0.03,1,612,-,544
638,涂身体乳脏手,0.03,1,612,-,544
639,光晒,0.03,1,1666,-,543
640,老化,0.03,1,1666,-,543
641,胶原断裂,0.03,1,1666,-,543
642,底妆不服,0.03,1,444,19w+,527
643,干且结块,0.03,1,477,37w+,508
644,吸收不好,0.03,1,194,-,499
645,敏肌泛红,0.03,1,194,-,499
646,睫毛掉,0.03,1,819,16w+,494
647,睫毛显老,0.03,1,819,16w+,494
648,不会画眼影,0.03,1,663,-,493
649,掉妆,0.03,1,343,6200+,492
650,脸麻麻赖赖,0.03,1,546,32w+,477
651,粉感假面,0.03,1,984,25w+,463
652,卸妆差,0.03,1,123,4.0w+,459
653,耳朵受苦,0.03,1,867,18w+,458
654,肤蜡黄,0.03,1,1014,12w+,455
655,吃粉结块,0.03,1,580,-,455
656,粉一块厚,0.03,1,580,-,455
657,粉一块薄,0.03,1,580,-,455
658,粉不均匀,0.03,1,580,-,455
659,口红糊,0.03,1,307,13w+,454
660,唇纹显老,0.03,1,307,13w+,454
661,细纹突出,0.03,1,124,5.5w+,450
662,老废角质,0.03,1,1036,39w+,447
663,护肤吸收差,0.03,1,1036,39w+,447
664,生硬显凶,0.03,1,219,-,445
665,干蜡黄,0.03,1,1418,17w+,439
666,皮肤嫩,0.03,1,1556,79w+,439
667,起皮皮,0.03,1,2657,17w+,439
668,坑坑洼洼,0.03,1,1556,79w+,439
669,皮肤干痒,0.03,1,2657,17w+,439
670,红不垃几,0.03,1,1017,12w+,439
671,肝纹细纹,0.03,1,1418,17w+,439
672,脸颊毛孔,0.03,1,1556,79w+,439
673,鼻子黑头,0.03,1,1556,79w+,439
674,用什么都无效,0.03,1,1418,17w+,439
675,唇形奇怪,0.03,1,874,14w+,434
676,显老压眼,0.03,1,2019,7.6w+,433
677,衔接感不够,0.03,1,2019,7.6w+,433
678,压眼,0.03,1,1352,-,427
679,底妆不遮,0.03,1,57,2.4w+,424
680,刺鼻,0.03,1,2364,35w+,421
681,用不完,0.03,1,509,25w+,420
682,换季敏感,0.03,1,194,2.3w+,416
683,皮肤暗糙,0.03,1,194,2.3w+,416
684,粉丝掉,0.03,1,1294,14w+,414
685,睡不好,0.03,1,310,13w+,407
686,容易卡粉,0.03,1,408,12w+,407
687,肤色不对,0.03,1,310,13w+,407
688,孕激素影响,0.03,1,310,13w+,407
689,瑕疵遮不住,0.03,1,408,12w+,407
690,眼皮衰老,0.03,1,363,23w+,400
691,嘴巴干巴起皮,0.03,1,1147,-,398
692,厚重闷,0.03,1,1098,8.4w+,397
693,身上有,0.03,1,1098,8.4w+,397
694,枕头上有,0.03,1,1098,8.4w+,397
695,山寨劣质,0.03,1,242,-,395
696,黑头撑大毛孔,0.03,1,242,-,395
697,嘴起皮,0.03,1,425,-,392
698,舔嘴巴,0.03,1,546,26w+,392
699,嘴巴有纹,0.03,1,546,26w+,392
700,嘴巴容易干,0.03,1,546,26w+,392
701,画牙掉,0.03,1,302,1.3w+,381
702,剃须假滑,0.03,1,614,-,381
703,胡茬明显,0.03,1,614,-,381
704,刮须费时长,0.03,1,614,-,381
705,剃须后干红,0.03,1,614,-,381
706,唇釉伤唇,0.03,1,296,4.1w+,378
707,不遮瑕,0.03,1,1883,20w+,377
708,底妆不干巴,0.03,1,1883,20w+,377
709,底妆不遮瑕,0.03,1,1883,20w+,377
710,底妆拍不开,0.03,1,1883,20w+,377
711,需要额外遮瑕,0.03,1,1883,20w+,377
712,暗沉垮脸,0.03,1,298,6.1w+,375
713,不上色,0.03,1,740,26w+,373
714,东拼西凑,0.03,1,740,26w+,373
715,天天咬嘴皮子,0.03,1,243,8.0w+,373
716,卸妆麻烦,0.03,1,594,3.1w+,370
717,眼影飞粉,0.03,1,59,1.5w+,370
718,眼线不手生,0.03,1,59,1.5w+,370
719,膏体卡干纹,0.03,1,59,1.5w+,370
720,卸甲慢,0.03,1,307,-,369
721,固态胶伤甲,0.03,1,160,-,366
722,普通胶不牢,0.03,1,160,-,366
723,化妆卡,0.03,1,298,22w+,365
724,皮肤薄,0.03,1,298,22w+,365
725,眼易干,0.03,1,298,22w+,365
726,笑夹蚊,0.03,1,298,22w+,365
727,缺水干,0.03,1,298,22w+,365
728,色差,0.03,1,197,4800+,364
729,皮肤红痒,0.03,1,508,19w+,363
730,脓包结节,0.03,1,508,19w+,363
731,基底层炎症,0.03,1,508,19w+,363
732,皮态重,0.03,1,718,7.0w+,361
733,法令明显,0.03,1,718,7.0w+,361
734,泪沟明显,0.03,1,718,7.0w+,361
735,选不好颜色,0.03,1,128,2600+,360
736,容易起皮,0.03,1,4209,27w+,356
737,不画眉,0.03,1,207,2.3w+,354
738,无眉毛,0.03,1,207,2.3w+,354
739,眉形差,0.03,1,207,2.3w+,354
740,发乌,0.03,1,266,10w+,353
741,不够润,0.03,1,266,10w+,353
742,需遮瑕,0.03,1,312,6.4w+,353
743,身上有味,0.03,1,964,8.8w+,353
744,化妆手残,0.03,1,326,7.7w+,352
745,显猴屁股,0.03,1,326,7.7w+,352
746,不及格粉底,0.03,1,148,4.9w+,351
747,甲型不好,0.03,1,346,4.8w+,350
748,唇干裂,0.03,1,1653,-,348
749,唇起皮,0.03,1,1653,-,348
750,粉面感,0.03,1,983,-,346
751,底妆黯沉,0.03,1,983,-,346
752,粉底移位,0.03,1,983,-,346
753,起皮干巴,0.03,1,983,-,346
754,假白粉面感,0.03,1,983,-,346
755,不下回不起沙,0.03,1,149,2.4w+,346
756,脸油粘脏,0.03,1,1125,75w+,344
757,嘴唇巨干,0.03,1,245,24w+,343
758,预算有限,0.03,1,245,24w+,343
759,润唇膏糊嘴,0.03,1,245,24w+,343
760,皮肤屏障不稳,0.03,1,76,4.2w+,343
761,D睫毛翻车,0.03,1,604,4.1w+,337
762,敏敏起痘,0.03,1,136,420+,336
763,睫毛塌陷,0.03,1,151,-,334
764,抗老难,0.03,1,146,5.2w+,331
765,胶笔易晕,0.03,1,203,-,331
766,敏肌怕功效,0.03,1,146,5.2w+,331
767,画不好眼线,0.03,1,203,-,331
768,眼线液易反光,0.03,1,203,-,331
769,无光泽感,0.03,1,629,-,326
770,吸引女生,0.03,1,475,-,324
771,熬夜成瘾,0.03,1,1269,44w+,324
772,洗面奶贵,0.03,1,182,4.0w+,323
773,损失大,0.03,1,273,4.7w+,322
774,皮肤有纹,0.03,1,382,6.2w+,322
775,红黑痘印,0.03,1,7756,58w+,322
776,唇形不美观,0.03,1,1483,27w+,322
777,凹陷,0.03,1,49,-,321
778,黄皮,0.03,1,651,12w+,320
779,嘴巴很干,0.03,1,651,12w+,320
780,洗坏化妆工具,0.03,1,1422,-,320
781,易划伤,0.03,1,869,-,319
782,汗毛快,0.03,1,869,-,319
783,脱毛膏过敏,0.03,1,869,-,319
784,持妆干卡,0.03,1,21372,25w+,318
785,持妆易脱,0.03,1,21372,25w+,318
786,眼线被吞,0.03,1,329,11w+,318
787,顽固黑头,0.03,1,16,1.1w+,316
788,全面开花,0.03,1,27,5.7w+,315
789,难以吸收,0.03,1,27,5.7w+,315
790,老年味,0.03,1,16,-,314
791,闭口堵塞,0.03,1,823,73w+,314
792,化妆搓泥卡粉,0.03,1,196,30w+,313
793,化妆斑驳脱妆,0.03,1,196,30w+,313
794,化妆氧化暗沉,0.03,1,196,30w+,313
795,卸不对,0.03,1,85,8.5w+,312
796,不会贴假睫毛,0.03,1,269,-,310
797,大糙皮,0.03,1,6285,3.2w+,308
798,妆感重,0.03,1,6285,3.2w+,308
799,小疙瘩,0.03,1,6285,3.2w+,308
800,泪沟法令纹,0.03,1,6285,3.2w+,308
801,假滑,0.03,1,1278,20w+,307
802,换季干燥粗糙,0.03,1,514,20w+,306
803,皮肤暗沉发黄,0.03,1,514,20w+,306
804,不让做美甲,0.03,1,364,2.6w+,304
805,皮肤干纹多,0.03,1,998,-,304
806,皮肤细纹多,0.03,1,998,-,304
807,皮肤老得快,0.03,1,998,-,304
808,抓粉力不足,0.03,1,139,5.9w+,302
809,肌肤干燥,0.03,1,1021,-,299
810,妆面蜡黄,0.03,1,3481,-,298
811,妆面不立体,0.03,1,3481,-,298
812,怕麻烦,0.03,1,2439,17w+,296
813,敏敏肌,0.03,1,2439,17w+,296
814,皮肤紧,0.03,1,2439,17w+,296
815,难洗难卸,0.03,1,322,9.6w+,295
816,爱皱眉,0.03,1,422,4.4w+,294
817,嘴角松垮,0.03,1,422,4.4w+,294
818,眼下小细纹,0.03,1,422,4.4w+,294
819,眼周沟沟壑壑,0.03,1,422,4.4w+,294
820,口红艳俗,0.03,1,232,-,291
821,皮肤紧绷拔干,0.03,1,267,10w+,291
822,小刺头,0.03,1,203,-,290
823,小草莓鼻,0.03,1,203,-,290
824,常年黑头,0.03,1,203,-,290
825,深层颗粒,0.03,1,203,-,290
826,眼线生硬显脏,0.03,1,368,9.3w+,290
827,鱼字纹,0.03,1,1104,9.2w+,289
828,眼下卡死,0.03,1,679,11w+,289
829,眼部干纹,0.03,1,1104,9.2w+,289
830,出油撑毛孔,0.03,1,679,11w+,289
831,等购,0.03,1,245,9.3w+,281
832,手涂慢,0.03,1,74,3.8w+,281
833,代购加价,0.03,1,245,9.3w+,281
834,指甲盖脏,0.03,1,74,3.8w+,281
835,花大价钱,0.03,1,245,9.3w+,281
836,沙发不光滑,0.03,1,589,1.5w+,281
837,额头油鼻口,0.03,1,589,1.5w+,281
838,鼻子冒黑头,0.03,1,589,1.5w+,281
839,唇线分层,0.03,1,195,2.8w+,280
840,唇周发乌发青,0.03,1,195,2.8w+,280
841,假性垮脸,0.03,1,115,5.5w+,278
842,黄暗沉粗糙,0.03,1,328,22w+,278
843,不敢素颜,0.03,1,146,21w+,277
844,陈年老痘印,0.03,1,146,21w+,277
845,修容发灰显脏,0.03,1,747,6.4w+,277
846,卡唇纹,0.03,1,203,13w+,276
847,出水不均,0.03,1,155,-,272
848,长粉刺闭口,0.03,1,261,4.5w+,272
849,头发干枯,0.03,1,1163,-,271
850,头发毛躁,0.03,1,1163,-,271
851,普通面膜无用,0.03,1,193,7.3w+,269
852,皮肤松垮暗沉,0.03,1,193,7.3w+,269
853,蹭掉睫毛,0.03,1,116,-,268
854,涂不均,0.03,1,131,-,267
855,涂得慢,0.03,1,131,-,267
856,浪费乳液,0.03,1,131,-,267
857,皮肤屏障刺激,0.03,1,175,-,266
858,拔粉,0.03,1,970,-,265
859,化妆懒,0.03,1,970,-,265
860,拔干假面,0.03,1,970,-,265
861,含量低慢,0.03,1,255,-,262
862,黑头出油,0.03,1,1435,-,262
863,嘴巴乌青,0.03,1,187,5.3w+,261
864,脸蛋发红,0.03,1,494,-,261
865,脸蛋敏敏,0.03,1,494,-,261
866,起皮干裂,0.03,1,187,5.3w+,261
867,嘴巴闹情绪,0.03,1,187,5.3w+,261
868,怕晒黑晒斑,0.03,1,141,11w+,261
869,不想瓶罐涂多,0.03,1,141,11w+,261
870,用太多显土,0.03,1,387,4.7w+,257
871,脸暗沉蜡黄,0.03,1,94,-,257
872,液体腮红显脏,0.03,1,387,4.7w+,257
873,液体腮红溶妆,0.03,1,387,4.7w+,257
874,皮肤疙疙瘩瘩,0.03,1,149,11w+,256
875,留甲沟,0.03,1,500,3.8w+,255
876,做工费劲,0.03,1,500,3.8w+,255
877,清洗不彻底,0.03,1,304,-,255
878,肥皂伤粉扑,0.03,1,304,-,255
879,不吸收,0.03,1,90,5.0w+,254
880,显卡纹,0.03,1,214,5.9w+,254
881,深层清洁难,0.03,1,90,5.0w+,254
882,磨砂膏不适脸,0.03,1,90,5.0w+,254
883,露边,0.03,1,97,-,252
884,水质脏,0.03,1,1071,9.4w+,252
885,倒吸水分,0.03,1,1071,9.4w+,252
886,唇釉沾杯,0.03,1,210,5.2w+,252
887,容易掉色,0.03,1,372,4.5w+,252
888,没支撑力,0.03,1,97,-,252
889,涂后胶粘,0.03,1,372,4.5w+,252
890,怕卸不干净,0.03,1,231,7.7w+,252
891,双眼皮贴翻出,0.03,1,97,-,252
892,妆感差,0.03,1,4263,-,251
893,卡纹厚重,0.03,1,4263,-,251
894,妆容不精致,0.03,1,424,7.5w+,251
895,盗版假,0.03,1,209,-,250
896,颈纹深,0.03,1,275,-,248
897,鸡皮疙瘩,0.03,1,275,-,248
898,低头玩手机,0.03,1,275,-,248
899,颈纹显年纪,0.03,1,275,-,248
900,皮肤氧化暗沉,0.03,1,365,1.4w+,248
901,易蹭掉,0.03,1,1501,7.8w+,247
902,厚重卡粉,0.03,1,1501,7.8w+,247
903,发红发灰,0.03,1,1501,7.8w+,247
904,毛孔暗沉,0.03,1,1501,7.8w+,247
905,毛衣沾妆,0.03,1,1501,7.8w+,247
906,细节不好,0.03,1,1501,7.8w+,247
907,黑眼圈圈,0.03,1,1501,7.8w+,247
908,白了遮不住,0.03,1,1501,7.8w+,247
909,反胶,0.03,1,321,-,245
910,下巴脏,0.03,1,144,-,245
911,叠两张,0.03,1,321,-,245
912,看不清,0.03,1,321,-,245
913,脸颊脏,0.03,1,144,-,245
914,黑头挤,0.03,1,144,-,245
915,鼻子脏,0.03,1,144,-,245
916,出油反光,0.03,1,321,-,245
917,需扬眼尾,0.03,1,321,-,245
918,刺鼻浓烈街香,0.03,1,839,14w+,245
919,留印,0.03,1,754,-,244
920,痘痘反复冒,0.03,1,754,-,244
921,花多钱,0.03,1,225,-,243
922,起死皮,0.03,1,170,-,242
923,脸垮下垂,0.03,1,163,-,242
924,眼部干燥,0.03,1,483,1.5w+,241
925,定妆爆皮,0.03,1,120,3.0w+,238
926,痘痘痘印,0.03,1,91,1.0w+,237
927,眉毛杂乱,0.03,1,371,22w+,237
928,不想用普通,0.03,1,811,14w+,237
929,沟壑明显,0.03,1,96,-,235
930,底妆卡纹,0.03,1,166,-,234
931,面部黄气,0.03,1,827,8.0w+,234
932,勾壑感明显,0.03,1,827,8.0w+,234
933,没精神,0.03,1,436,-,233
934,眼睛小,0.03,1,436,-,233
935,单眼皮下垂,0.03,1,436,-,233
936,贴双眼皮尴尬,0.03,1,436,-,233
937,脸色黄,0.03,1,117,-,232
938,易卡顿断,0.03,1,290,-,232
939,画眼影难,0.03,1,224,12w+,232
940,早上赶时间,0.03,1,224,12w+,232
941,干巴起皮,0.03,1,1054,2100+,231
942,黯黑泛红,0.03,1,1054,2100+,231
943,假睫毛假,0.03,1,154,8.5w+,230
944,假睫毛浓,0.03,1,154,8.5w+,230
945,种睫毛掉,0.03,1,154,8.5w+,230
946,涂素颜霜脏手,0.03,1,45,-,230
947,满指甲盖都是,0.03,1,45,-,230
948,素颜霜涂不匀,0.03,1,45,-,230
949,唇色不佳,0.03,1,78,-,229
950,嘴巴发干,0.03,1,78,-,229
951,嘴巴发裂,0.03,1,78,-,229
952,一字纹鱼尾纹,0.03,1,675,7.5w+,229
953,干纹细纹眼袋,0.03,1,675,7.5w+,229
954,泛红无光松弛,0.03,1,675,7.5w+,229
955,眼角纹黑眼圈,0.03,1,675,7.5w+,229
956,油膜感,0.03,1,75,8.9w+,228
957,上妆不好看,0.03,1,86,4.9w+,228
958,鼻子有黑头,0.03,1,86,4.9w+,228
959,粘腻,0.03,1,610,18w+,227
960,易掉皮,0.03,1,610,18w+,227
961,妆容卡粉,0.03,1,127,-,227
962,画脸寡淡,0.03,1,127,-,227
963,遮斑卡粉,0.03,1,343,13w+,227
964,遮痘厚重,0.03,1,343,13w+,227
965,换季闹情绪,0.03,1,103,11w+,226
966,妆面脱妆,0.03,1,506,14w+,225
967,之前一袋贵,0.03,1,146,11w+,225
968,干唇,0.03,1,28,1.4w+,224
969,吃死皮,0.03,1,845,5.9w+,224
970,毛孔垃圾,0.03,1,665,-,224
971,皮纸状态差,0.03,1,625,4.8w+,224
972,容易丢,0.03,1,200,2.9w+,223
973,妆会卡粉,0.03,1,202,-,223
974,妆会浮粉,0.03,1,202,-,223
975,大牌香水刺鼻,0.03,1,139,1.7w+,221
976,黑头粉刺反复,0.03,1,339,6.6w+,220
977,睫毛凸,0.03,1,253,-,219
978,有粉刺,0.03,1,177,4.1w+,218
979,唇裂,0.03,1,279,6.1w+,217
980,嘴爆皮,0.03,1,279,6.1w+,217
981,显老村,0.03,1,69,2.4w+,217
982,黏腻拉丝,0.03,1,69,2.4w+,217
983,唇敏感泛红,0.03,1,279,6.1w+,217
984,小纹路,0.03,1,242,5.2w+,216
985,有沟壑,0.03,1,242,5.2w+,216
986,凹陷沟壑,0.03,1,149,-,216
987,素颜憔悴,0.03,1,149,-,216
988,妆容显贵难,0.03,1,149,-,216
989,面部太平整,0.03,1,149,-,216
990,搓泥脱妆,0.03,1,233,2.9w+,215
991,有红血丝,0.03,1,293,11w+,215
992,闷痘闭口,0.03,1,233,2.9w+,215
993,反复冒痘,0.03,1,393,16w+,213
994,嘴巴卡纹,0.03,1,504,12w+,213
995,掉色尴尬,0.03,1,295,7.2w+,213
996,熬夜垮脸,0.03,1,109,16w+,213
997,皮肤缺水,0.03,1,393,16w+,213
998,黑头不断,0.03,1,393,16w+,213
999,死板唇线笔,0.03,1,191,5.9w+,213
1000,胶笔断,0.03,1,102,1600+,211
1001,胶笔干巴,0.03,1,102,1600+,211
1002,出油爆汗脱妆,0.03,1,316,21w+,211
1003,出汗,0.03,1,102,-,209
1004,内裤差,0.03,1,102,-,209
1005,刺痛感,0.03,1,2970,9.1w+,209
1006,又肿又痒,0.03,1,102,-,209
1007,唇膏拔干,0.03,1,129,4.4w+,209
1008,唇色不好,0.03,1,129,4.4w+,209
1009,敏感不适,0.03,1,102,-,209
1010,泛红发烫,0.03,1,102,-,209
1011,私处闷热,0.03,1,102,-,209
1012,脱妆掉色,0.03,1,129,4.4w+,209
1013,阴囊湿疹,0.03,1,102,-,209
1014,清洁不到位,0.03,1,102,-,209
1015,睡觉不安稳,0.03,1,102,-,209
1016,进灰,0.03,1,2069,18w+,207
1017,妆会花掉,0.03,1,207,3.6w+,206
1018,无白色碎钻胶,0.03,1,187,490+,206
1019,脸有斑皱,0.03,1,1960,17w+,204
1020,脸黄闭口,0.03,1,78,-,204
1021,洗面奶卸不净,0.03,1,102,4600+,204
1022,怕掉,0.03,1,487,13w+,203
1023,怕显眼,0.03,1,487,13w+,203
1024,发红发痒,0.03,1,714,9.0w+,203
1025,老气,0.03,1,179,4.2w+,202
1026,断货,0.03,1,51,5.7w+,201
1027,又干又敏,0.03,1,85,3.5w+,201
1028,浮粉晒黑,0.03,1,547,47w+,201
1029,眉笔粗假,0.03,1,25,7.0w+,201
1030,把酒弄洒了,0.03,1,146,6.6w+,201
1031,皮肤小情绪,0.03,1,85,3.5w+,201
1032,易塌,0.03,1,474,-,200
1033,不好用,0.03,1,104,2.2w+,200
1034,底妆花,0.03,1,652,2600+,200
1035,手残难贴,0.03,1,474,-,200
1036,涂胶水麻烦,0.03,1,474,-,200
1037,吹发慢,0.03,1,85,4300+,199
1038,爱起皮,0.03,1,142,-,199
1039,唇色暗沉,0.03,1,142,-,199
1040,嘴唇发乌,0.03,1,142,-,199
1041,经常冒痘,0.03,1,275,-,199
1042,缺货,0.03,1,271,3.1w+,198
1043,暗沉浮粉,0.03,1,184,-,198
1044,很多粉丝上当,0.03,1,95,3.7w+,198
1045,撕皮皮,0.03,1,162,2.9w+,197
1046,皮肤干黄,0.03,1,121,4.8w+,197
1047,油糙皮冒油,0.03,1,659,1.9w+,197
1048,脸上长闭口,0.03,1,659,1.9w+,197
1049,眼妆卡粉,0.03,1,121,-,194
1050,眼皮暗沉,0.03,1,121,-,194
1051,洗脸后涂错,0.03,1,254,-,194
1052,夹断毛,0.03,1,102,-,192
1053,无精神,0.03,1,428,-,192
1054,夹不住毛,0.03,1,102,-,192
1055,扯伤皮肤,0.03,1,102,-,192
1056,胡茬扎手,0.03,1,102,-,192
1057,花钱种睫毛,0.03,1,428,-,192
1058,双眼皮贴反光,0.03,1,85,1.2w+,192
1059,双眼皮贴翘边,0.03,1,85,1.2w+,192
1060,红敏,0.03,1,105,3.6w+,190
1061,脓包,0.03,1,223,3.8w+,189
1062,产品无效,0.03,1,422,-,189
1063,皮肤不细,0.03,1,252,10w+,189
1064,黑头未清,0.03,1,460,-,189
1065,脸上有痘痘,0.03,1,223,3.8w+,189
1066,毛孔太多,0.03,1,740,12w+,188
1067,面膜难用,0.03,1,136,7.7w+,188
1068,唇膏质量差,0.03,1,85,2.8w+,188
1069,面膜易污染,0.03,1,244,4.5w+,188
1070,面膜挂不住汁,0.03,1,244,4.5w+,188
1071,面膜边角不贴,0.03,1,244,4.5w+,188
1072,刮伤,0.03,1,152,2.9w+,186
1073,粉底发灰,0.03,1,152,2.9w+,186
1074,底妆不干净,0.03,1,152,2.9w+,186
1075,斑驳浮粉,0.03,1,90,2.9w+,184
1076,买错香水,0.03,1,527,5.7w+,183
1077,定妆假白,0.03,1,424,3.1w+,183
1078,口红干,0.03,1,11,2200+,182
1079,易起皮,0.03,1,11,2200+,182
1080,汗漉漉,0.03,1,227,-,182
1081,智力发黑,0.03,1,1754,-,182
1082,水分流失,0.03,1,2033,1.0w+,182
1083,润唇膏油腻,0.03,1,11,2200+,182
1084,嘴歪,0.03,1,837,-,181
1085,一秒暗沉,0.03,1,837,-,181
1086,像香肠嘴,0.03,1,837,-,181
1087,只有汗味,0.03,1,112,1.6w+,181
1088,涂口红脏,0.03,1,837,-,181
1089,柴米油盐味,0.03,1,112,1.6w+,181
1090,反光,0.03,1,97,9,180
1091,发炎,0.03,1,237,-,180
1092,痤疮,0.03,1,237,-,180
1093,蜕皮,0.03,1,237,-,180
1094,痘变大,0.03,1,104,-,180
1095,痘痘烦,0.03,1,118,2.8w+,180
1096,冒老大痘,0.03,1,118,2.8w+,180
1097,大红肿痘,0.03,1,237,-,180
1098,干燥脱屑,0.03,1,237,-,180
1099,油腻汗味,0.03,1,238,-,180
1100,浓烈冲人,0.03,1,238,-,180
1101,痘吸不出,0.03,1,104,-,180
1102,皮炎湿疹,0.03,1,237,-,180
1103,红斑瘙痒,0.03,1,237,-,180
1104,花冤枉钱,0.03,1,48,2.2w+,180
1105,挤痘痘,0.03,1,693,-,177
1106,纹眉贵,0.03,1,266,-,177
1107,痘痘翘边,0.03,1,693,-,177
1108,眉笔易掉,0.03,1,266,-,177
1109,眉笔生硬,0.03,1,266,-,177
1110,纹眉掉色,0.03,1,266,-,177
1111,营销过度,0.03,1,693,-,177
1112,镊子不干净,0.03,1,693,-,177
1113,颜色不隐形,0.03,1,693,-,177
1114,嘴巴干燥起皮,0.03,1,415,-,177
1115,留印留坑,0.03,1,263,3.6w+,176
1116,痘痘严重,0.03,1,263,3.6w+,176
1117,红印难消,0.03,1,263,3.6w+,176
1118,敷完很快干,0.03,1,145,9.3w+,176
1119,底妆厚,0.03,1,101,970+,174
1120,瑕疵多,0.03,1,101,970+,174
1121,唇色不均,0.03,1,91,2.8w+,173
1122,嘴型不好,0.03,1,91,2.8w+,173
1123,勿买假的,0.03,1,327,-,172
1124,有黑科技,0.03,1,327,-,172
1125,气质不足,0.03,1,323,8.8w+,171
1126,不保湿,0.03,1,84,8.9w+,169
1127,留白汤,0.03,1,3153,16w+,169
1128,肌肤暗沉,0.03,1,175,9800+,169
1129,妆假面,0.03,1,138,540+,168
1130,脸妆脏,0.03,1,138,540+,168
1131,妆显毛孔,0.03,1,138,540+,168
1132,妆面显肿,0.03,1,138,540+,168
1133,脸不流畅,0.03,1,138,540+,168
1134,粘土掉果壳,0.03,1,384,27w+,168
1135,假面,0.03,1,100,10+,167
1136,像大妈,0.03,1,272,2.3w+,167
1137,易晕染,0.03,1,36,1.0w+,167
1138,暗沉快,0.03,1,100,10+,167
1139,几十块一支,0.03,1,36,1.0w+,167
1140,眼周有干纹,0.03,1,272,2.3w+,167
1141,眼周有细纹,0.03,1,272,2.3w+,167
1142,容油,0.03,1,154,7900+,165
1143,容易出汗,0.03,1,154,7900+,165
1144,怕晒斑,0.03,1,179,6.7w+,164
1145,长痘出油,0.03,1,125,8.8w+,164
1146,出油黑头多,0.03,1,125,8.8w+,164
1147,出汗花妆,0.03,1,322,6000+,163
1148,妆不持久,0.03,1,322,6000+,163
1149,干皮卡粉,0.03,1,39,1.3w+,163
1150,油皮闷痘,0.03,1,39,1.3w+,163
1151,熬夜后皮肤差,0.03,1,39,1.3w+,163
1152,粉底液不服帖,0.03,1,39,1.3w+,163
1153,表达爱意过直,0.03,1,272,-,162
1154,粘嘴,0.03,1,523,9.4w+,161
1155,长黑头,0.03,1,457,12w+,161
1156,干燥不稳,0.03,1,1304,1800+,161
1157,皮肤油光,0.03,1,492,8.5w+,161
1158,皮肤黢黄,0.03,1,457,12w+,161
1159,易结块,0.03,1,38,-,160
1160,难操作,0.03,1,38,-,160
1161,学校管严,0.03,1,128,2.1w+,160
1162,抠破留疤,0.03,1,116,2.5w+,160
1163,需洗面奶,0.03,1,322,11w+,160
1164,沾异味,0.03,1,188,4.0w+,159
1165,冒油爆汗,0.03,1,29,140+,159
1166,妆面斑驳,0.03,1,29,140+,159
1167,经常补妆,0.03,1,29,140+,159
1168,太贵,0.03,1,45,20+,158
1169,络腮胡,0.03,1,293,-,158
1170,显深显土,0.03,1,293,-,158
1171,硬抠硬掰,0.03,1,610,-,158
1172,脸上斑点多,0.03,1,163,14w+,158
1173,难驾驭,0.03,1,111,2.9w+,157
1174,脸暗斑痕,0.03,1,1406,7.3w+,157
1175,阴囊潮湿痒,0.03,1,189,-,157
1176,面罔定往涂,0.03,1,492,3.5w+,157
1177,睫毛短,0.03,1,44,5.5w+,156
1178,反复补涂,0.03,1,181,4.7w+,156
1179,容易干裂,0.03,1,70,-,156
1180,无蓬蓬感,0.03,1,90,230+,156
1181,不会刷睫毛,0.03,1,44,5.5w+,156
1182,黑眼圈盖不住,0.03,1,90,230+,156
1183,怕掉颜色,0.03,1,66,-,155
1184,频繁补妆,0.03,1,66,-,155
1185,有粉扑印,0.03,1,127,3.2w+,154
1186,长得磕碜,0.03,1,127,3.2w+,154
1187,新手下手过重,0.03,1,90,710+,154
1188,斑了,0.03,1,34,1.2w+,153
1189,出油量大,0.03,1,98,6.3w+,153
1190,带彩妆多,0.03,1,55,-,153
1191,毛孔脏污,0.03,1,98,6.3w+,153
1192,皮肤不稳,0.03,1,48,8100+,153
1193,角质较厚,0.03,1,98,6.3w+,153
1194,又干又卡粉,0.03,1,13,4.7w+,153
1195,认不好刷型,0.03,1,86,910+,153
1196,面顶黏,0.03,1,126,6300+,152
1197,元有点贵,0.03,1,5806,-,152
1198,唇部发干,0.03,1,67,4.4w+,152
1199,手动夹疼,0.03,1,5806,-,152
1200,眉毛褪色,0.03,1,126,6300+,152
1201,粉遮会钻,0.03,1,126,6300+,152
1202,手动夹成L型,0.03,1,5806,-,152
1203,夹不出来效果,0.03,1,5806,-,152
1204,手动夹塌睫毛,0.03,1,5806,-,152
1205,精华滴漏,0.03,1,244,9.6w+,151
1206,面膜过贵,0.03,1,244,9.6w+,151
1207,不服帖不持妆,0.03,1,461,9.4w+,151
1208,满脸印子,0.03,1,67,3.7w+,150
1209,卡粉显毛孔,0.03,1,143,-,149
1210,毛孔堵住,0.03,1,39,5.3w+,148
1211,毛孔疙瘩,0.03,1,39,5.3w+,148
1212,浪费时间,0.03,1,30,1.3w+,148
1213,皮肤晒黑,0.03,1,86,1.9w+,148
1214,脸上痘印,0.03,1,215,11w+,148
1215,脸上长痘,0.03,1,39,5.3w+,148
1216,洗不干净脸,0.03,1,39,5.3w+,148
1217,好气色,0.03,1,75,1.3w+,147
1218,皮肤不白,0.03,1,95,3700+,147
1219,普通洗面奶,0.03,1,95,3700+,147
1220,毛孔脏东西,0.03,1,95,3700+,147
1221,乌目框,0.03,1,346,2.2w+,146
1222,扎磨眼,0.03,1,43,-,146
1223,画眼线,0.03,1,43,-,146
1224,眼落水,0.03,1,346,2.2w+,146
1225,怕水沾杯,0.03,1,118,9400+,146
1226,妆容不丰富,0.03,1,394,2700+,146
1227,夸张,0.03,1,900,-,145
1228,不隐形,0.03,1,516,4.9w+,145
1229,成本高,0.03,1,516,4.9w+,145
1230,化妆起油,0.03,1,75,4.5w+,145
1231,戳耳生疼,0.03,1,516,4.9w+,145
1232,材质硬邦,0.03,1,516,4.9w+,145
1233,毛孔很大,0.03,1,75,4.5w+,145
1234,挤痘留痘印,0.03,1,60,3.2w+,145
1235,耳贴无弧度,0.03,1,516,4.9w+,145
1236,长痘鼓大包,0.03,1,60,3.2w+,145
1237,又长痘,0.03,1,77,1.4w+,143
1238,提亮干,0.03,1,85,-,143
1239,脸老黄,0.03,1,123,3.2w+,143
1240,干燥爆皮,0.03,1,123,3.2w+,143
1241,敏敏泛红,0.03,1,123,3.2w+,143
1242,粗大泛油,0.03,1,123,3.2w+,143
1243,韩妆老化翻车,0.03,1,70,-,143
1244,脸脏,0.03,1,290,5.2w+,142
1245,割双眼皮,0.03,1,812,-,142
1246,搓条易折,0.03,1,1,-,142
1247,脸和脖子色差,0.03,1,290,5.2w+,142
1248,浅印子,0.03,1,76,220+,141
1249,包包点点,0.03,1,76,220+,141
1250,红黑一片,0.03,1,76,220+,141
1251,长黑头闭口,0.03,1,30,2.1w+,141
1252,看着吃不下饭,0.03,1,30,2.1w+,141
1253,下眼袋,0.03,1,276,4.6w+,140
1254,反黑反青,0.03,1,148,1500+,140
1255,粗糙皮肤,0.03,1,78,3.2w+,140
1256,考验技术,0.03,1,145,-,140
1257,贴睫毛难,0.03,1,145,-,140
1258,皮肤臭痒,0.03,1,1335,9.5w+,139
1259,唇干,0.03,1,23,1.3w+,138
1260,浪费,0.03,1,23,1.3w+,138
1261,留脱球,0.03,1,736,4.1w+,138
1262,脸干裂,0.03,1,365,7.1w+,138
1263,脸起皮,0.03,1,365,7.1w+,138
1264,非常糙,0.03,1,426,11w+,138
1265,颗粒物,0.03,1,426,11w+,138
1266,生硬结块,0.03,1,323,-,138
1267,睫毛留胶,0.03,1,736,4.1w+,138
1268,颜值影响,0.03,1,323,-,138
1269,黏住眼皮,0.03,1,736,4.1w+,138
1270,田框式眉毛,0.03,1,323,-,138
1271,瓶罐多,0.03,1,59,2.0w+,137
1272,无精华用,0.03,1,59,2.0w+,137
1273,睁眼露馅,0.03,1,1064,-,137
1274,眼尾容易塌,0.03,1,1064,-,137
1275,贴不好报废,0.03,1,1064,-,137
1276,黏腻不吸收,0.03,1,59,2.0w+,137
1277,假白发灰,0.03,1,136,1.6w+,136
1278,皮肤麻麻赖,0.03,1,93,1500+,136
1279,嘴巴不够亮,0.03,1,99,3.6w+,135
1280,闷肤,0.03,1,90,10w+,133
1281,眉毛生硬,0.03,1,150,-,133
1282,难以上手,0.03,1,150,-,133
1283,花脸,0.03,1,44,1900+,132
1284,光损伤,0.03,1,44,1900+,132
1285,皮肤乌,0.03,1,111,2.1w+,132
1286,一碰就掉,0.03,1,154,-,132
1287,底妆瑕疵,0.03,1,159,3600+,132
1288,掉渣晕妆,0.03,1,90,-,132
1289,染眉痕迹,0.03,1,162,-,132
1290,深色斑点,0.03,1,159,3600+,132
1291,满脸油光,0.03,1,119,-,132
1292,画眉手抖,0.03,1,145,-,132
1293,纹眉显老,0.03,1,145,-,132
1294,结块发黄,0.03,1,162,-,132
1295,厚重不自然,0.03,1,154,-,132
1296,底妆不通透,0.03,1,119,-,132
1297,画眉毛生硬,0.03,1,145,-,132
1298,画眉毛结块,0.03,1,145,-,132
1299,结块一团黑,0.03,1,154,-,132
1300,毛孔有脏东西,0.03,1,119,-,132
1301,结块掉,0.03,1,248,100+,130
1302,脸太干,0.03,1,151,7.4w+,130
1303,脸脱皮,0.03,1,151,7.4w+,130
1304,长粒粒,0.03,1,847,7.9w+,130
1305,画眉生硬,0.03,1,145,-,130
1306,眼周缺水,0.03,1,847,7.9w+,130
1307,眼霜不吸收,0.03,1,847,7.9w+,130
1308,咬肌大,0.03,1,174,-,129
1309,时间紧,0.03,1,315,2.8w+,129
1310,没空化妆,0.03,1,315,2.8w+,129
1311,眼角耷拉,0.03,1,174,-,129
1312,气垫不好用,0.03,1,75,2400+,129
1313,美白试错贵,0.03,1,88,4.3w+,129
1314,下颚线不明显,0.03,1,174,-,129
1315,唇纹拔干,0.03,1,147,4.2w+,128
1316,柴米油盐,0.03,1,98,-,128
1317,寂寞午夜,0.03,1,109,-,127
1318,生活鸡毛,0.03,1,397,2.8w+,127
1319,粉扑难用,0.03,1,734,1.0w+,127
1320,不会说教程,0.03,1,169,8.8w+,127
1321,干敏唇,0.03,1,70,-,126
1322,嘴巴唇纹,0.03,1,423,3.8w+,126
1323,太勒太闷,0.03,1,77,4.3w+,126
1324,容易松动,0.03,1,77,4.3w+,126
1325,显老显凶,0.03,1,87,-,126
1326,皮肤长斑,0.03,1,103,1100+,126
1327,整个人更黄,0.03,1,87,-,126
1328,唇部薄泌油少,0.03,1,70,-,126
1329,嘴巴拔干紧绷,0.03,1,70,-,126
1330,太白,0.03,1,150,2700+,125
1331,产品贵,0.03,1,111,740+,125
1332,眼角纹,0.03,1,49,-,125
1333,刷毛炸毛,0.03,1,735,-,125
1334,工具闷坏,0.03,1,735,-,125
1335,眼周松弛,0.03,1,89,1.6w+,125
1336,眼周长纹,0.03,1,89,1.6w+,125
1337,粉扑洗坏,0.03,1,735,-,125
1338,闷洞闷孔,0.03,1,150,2700+,125
1339,脸上有纹纹路,0.03,1,39,2.1w+,125
1340,脸上松松垮垮,0.03,1,39,2.1w+,125
1341,一脸麻赖,0.03,1,469,-,124
1342,口红脱妆,0.03,1,47,-,124
1343,鸡肋,0.03,1,69,-,123
1344,底妆浮粉,0.03,1,195,3600+,123
1345,皮肤暗淡,0.03,1,93,1.3w+,123
1346,嘴巴没气色,0.03,1,227,-,123
1347,手机玩很晚,0.03,1,71,1.4w+,123
1348,唇薄,0.03,1,178,-,122
1349,唇色差,0.03,1,178,-,122
1350,黄气盖不住,0.03,1,190,6.1w+,122
1351,气色很差,0.03,1,2265,9400+,121
1352,喷香水心疼,0.03,1,3544,35w+,121
1353,嘴唇没气色,0.03,1,110,2.2w+,121
1354,小脸油腻,0.03,1,370,13w+,120
1355,暗黄粗糙,0.03,1,90,880+,120
1356,牙黄口臭,0.03,1,57,2900+,120
1357,经常熬夜,0.03,1,90,880+,120
1358,不晒伤,0.03,1,414,1.3w+,118
1359,不晒红,0.03,1,414,1.3w+,118
1360,不晒黑,0.03,1,414,1.3w+,118
1361,光老化,0.03,1,414,1.3w+,118
1362,化妆脱妆,0.03,1,162,4.9w+,118
1363,爆皮斑驳,0.03,1,162,4.9w+,118
1364,脸干卡粉,0.03,1,426,11w+,118
1365,粉扑脏,0.03,1,63,3.4w+,117
1366,结节痘,0.03,1,54,3.1w+,117
1367,手特别累,0.03,1,148,-,117
1368,氧化发黄,0.03,1,751,16w+,117
1369,脸上起痘,0.03,1,256,1.8w+,117
1370,颧宫突出,0.03,1,57,6000+,117
1371,手涂妆厚重,0.03,1,63,3.4w+,117
1372,手涂妆拔干,0.03,1,63,3.4w+,117
1373,眼部护理差,0.03,1,71,-,117
1374,结节难下去,0.03,1,187,8.6w+,117
1375,调色板麻烦,0.03,1,63,3.4w+,117
1376,卸妆卸不干净,0.03,1,52,6900+,117
1377,压眼皮,0.03,1,520,2.2w+,116
1378,有瑕疵,0.03,1,1071,9.7w+,116
1379,费睫毛,0.03,1,520,2.2w+,116
1380,可能断货,0.03,1,1336,8.1w+,116
1381,素颜蜡黄,0.03,1,1071,9.7w+,116
1382,硬的挡视线,0.03,1,520,2.2w+,116
1383,卡皮,0.03,1,237,-,115
1384,费劲,0.03,1,376,8800+,115
1385,铺粉,0.03,1,376,8800+,115
1386,眼线显脏,0.03,1,145,-,115
1387,脱妆出油,0.03,1,224,3.3w+,115
1388,皮肤干燥缺水,0.03,1,245,16w+,115
1389,颗粒感,0.03,1,151,4.1w+,114
1390,卡透底妆,0.03,1,6,-,114
1391,外油内干,0.03,1,36,1.3w+,114
1392,瘙痒反复,0.03,1,40,-,114
1393,阴囊潮湿,0.03,1,40,-,114
1394,烂大街,0.03,1,110,4900+,113
1395,肉松了,0.03,1,161,2.3w+,113
1396,脸松弛,0.03,1,161,2.3w+,113
1397,劣质甜香,0.03,1,110,4900+,113
1398,唇线模糊,0.03,1,57,1.4w+,113
1399,干饭掉色,0.03,1,57,1.4w+,113
1400,种睫毛费钱,0.03,1,139,-,113
1401,脸上无光泽,0.03,1,185,1.4w+,113
1402,贴不上浪费,0.03,1,118,2.9w+,113
1403,带掉自己睫毛,0.03,1,139,-,113
1404,贴不好假睫毛,0.03,1,139,-,113
1405,香味转瞬即逝,0.03,1,110,4900+,113
1406,白皮,0.03,1,244,-,112
1407,有小点点,0.03,1,244,-,112
1408,松松垮垮,0.03,1,59,1.4w+,112
1409,钢板硬歪,0.03,1,358,1.6w+,112
1410,粉饼易破碎,0.03,1,60,5.0w+,112
1411,纹路长上来,0.03,1,59,1.4w+,112
1412,定妆斑驳卡粉,0.03,1,60,5.0w+,112
1413,植绒粉扑松散,0.03,1,60,5.0w+,112
1414,皮肤干燥起皮,0.03,1,132,6.4w+,112
1415,眼霜杯水车薪,0.03,1,59,1.4w+,112
1416,粉饼吸油结块,0.03,1,60,5.0w+,112
1417,黏手,0.03,1,45,1.4w+,111
1418,不会画,0.03,1,468,7.9w+,111
1419,嘴皮干,0.03,1,19,4800+,111
1420,怕刺激,0.03,1,27,-,111
1421,贴不住,0.03,1,45,1.4w+,111
1422,冻干捏碎,0.03,1,45,1.4w+,111
1423,干纹明显,0.03,1,1058,39w+,111
1424,甲片怪异,0.03,1,246,1.2w+,111
1425,肤色发黄,0.03,1,66,250+,111
1426,胶原流失,0.03,1,27,-,111
1427,觉不够睡,0.03,1,834,5.8w+,111
1428,越涂越干,0.03,1,53,3.3w+,111
1429,不会画彩色,0.03,1,468,7.9w+,111
1430,妆容需好气色,0.03,1,66,250+,111
1431,帝王斑斑点点,0.03,1,365,3.9w+,111
1432,瓶瓶罐罐麻烦,0.03,1,834,5.8w+,111
1433,皮肤闹小情绪,0.03,1,27,-,111
1434,脸红,0.03,1,402,5.6w+,110
1435,懒得带,0.03,1,132,6.9w+,110
1436,有胎记,0.03,1,402,5.6w+,110
1437,嘴上拔干,0.03,1,136,1.5w+,110
1438,泡沫易消,0.03,1,10562,20w+,110
1439,洁面残留,0.03,1,10562,20w+,110
1440,皮肤泛红,0.03,1,10562,20w+,110
1441,脸部出油,0.03,1,10562,20w+,110
1442,刷睫毛结块,0.03,1,140,5.1w+,110
1443,洗面奶易化,0.03,1,10562,20w+,110
1444,皮肤干爆皮,0.03,1,131,-,110
1445,洗面奶不拔干,0.03,1,10562,20w+,110
1446,防晒淡妆难卸,0.03,1,10562,20w+,110
1447,不贴妆,0.03,1,144,1.4w+,109
1448,油黏腻,0.03,1,144,1.4w+,109
1449,爱卡粉,0.03,1,53,-,109
1450,皮太重,0.03,1,576,-,109
1451,脸太白,0.03,1,576,-,109
1452,五官扁平,0.03,1,576,-,109
1453,卡粉积线,0.03,1,576,-,109
1454,嘴角泛青,0.03,1,576,-,109
1455,山根不挺,0.03,1,576,-,109
1456,斑点痘印,0.03,1,576,-,109
1457,脸不立体,0.03,1,576,-,109
1458,腮红过重,0.03,1,576,-,109
1459,脸厚重假面,0.03,1,56,1.9w+,109
1460,皮肤红红敏敏,0.03,1,74,2.4w+,109
1461,脸肿,0.03,1,55,-,108
1462,占空间,0.03,1,67,3.8w+,108
1463,祛痘难,0.03,1,188,-,108
1464,花钱快,0.03,1,1127,6.5w+,108
1465,出油出汗,0.03,1,133,4800+,108
1466,吞双眼皮,0.03,1,423,-,108
1467,夹层丢了,0.03,1,172,6.5w+,108
1468,妆感假白,0.03,1,133,4800+,108
1469,妆感结块,0.03,1,55,-,108
1470,毛孔瑕疵,0.03,1,133,4800+,108
1471,瓶瓶罐罐,0.03,1,133,4800+,108
1472,皮肤皱纹,0.03,1,1127,6.5w+,108
1473,皮肤纹多,0.03,1,1127,6.5w+,108
1474,不会选成分,0.03,1,94,3.1w+,108
1475,面部留白大,0.03,1,55,-,108
1476,上妆卡粉斑驳,0.03,1,3398,-,108
1477,下颌线不清晰,0.03,1,55,-,108
1478,怕卡粉,0.03,1,52,-,107
1479,怕暗沉,0.03,1,52,-,107
1480,怕脱妆,0.03,1,52,-,107
1481,笔易干,0.03,1,202,-,107
1482,面较溜,0.03,1,221,2.3w+,107
1483,不想定妆,0.03,1,52,-,107
1484,会卡笔触,0.03,1,202,-,107
1485,劣质香味,0.03,1,501,4.2w+,107
1486,妆留不住,0.03,1,221,2.3w+,107
1487,妆面拔干,0.03,1,100,3.2w+,107
1488,带妆闷脸,0.03,1,100,3.2w+,107
1489,干巴掉渣,0.03,1,202,-,107
1490,眼线手抖,0.03,1,202,-,107
1491,干纹细纹多,0.03,1,155,-,107
1492,眼线笔爱折,0.03,1,202,-,107
1493,胶笔不明白,0.03,1,202,-,107
1494,面较乌块块,0.03,1,221,2.3w+,107
1495,修容显脏飞粉,0.03,1,218,3.5w+,107
1496,爱脱妆,0.03,1,64,1400+,106
1497,耗时长,0.03,1,101,2.4w+,106
1498,下颌肉多,0.03,1,143,560+,106
1499,中庭太长,0.03,1,143,560+,106
1500,卡粉严重,0.03,1,193,5.7w+,106
1501,眼妆麻烦,0.03,1,143,560+,106
1502,肤色不搭,0.03,1,143,560+,106
1503,腮红卡粉,0.03,1,143,560+,106
1504,进修学习,0.03,1,101,2.4w+,106
1505,鼻影不立体,0.03,1,143,560+,106
1506,劣质夹,0.03,1,71,-,105
1507,妆白化,0.03,1,80,1.3w+,105
1508,小脸干,0.03,1,62,5200+,105
1509,粉质粗,0.03,1,80,1.3w+,105
1510,难把控,0.03,1,120,2400+,105
1511,毛孔撑大,0.03,1,71,-,105
1512,皮肤戳红,0.03,1,71,-,105
1513,皮肤掉皮,0.03,1,1132,5.0w+,105
1514,眼影显肿,0.03,1,2125,-,105
1515,眼睛干燥,0.03,1,41,760+,105
1516,睫毛短秃,0.03,1,131,-,105
1517,黑头难清,0.03,1,71,-,105
1518,上眼皮耷拉,0.03,1,41,760+,105
1519,寡淡口水色,0.03,1,643,9200+,105
1520,睫毛易晕妆,0.03,1,131,-,105
1521,脸又红又干,0.03,1,62,5200+,105
1522,粉底卡粉脱妆,0.03,1,227,4.0w+,105
1523,粉底液遮不住,0.03,1,227,4.0w+,105
1524,脸上蜡黄斑点,0.03,1,227,4.0w+,105
1525,贴假睫毛费心,0.03,1,131,-,105
1526,早起,0.03,1,570,60+,104
1527,松垮垮,0.03,1,555,4.4w+,104
1528,不好坚持,0.03,1,234,10w+,104
1529,力度不均,0.03,1,234,10w+,104
1530,没有光亮,0.03,1,555,4.4w+,104
1531,脸大不适,0.03,1,234,10w+,104
1532,又紧绷干燥,0.03,1,555,4.4w+,104
1533,妆前隔离费,0.03,1,570,60+,104
1534,美容仪费劲,0.03,1,234,10w+,104
1535,留痘印,0.03,1,63,7.1w+,103
1536,脸很油,0.03,1,66,-,103
1537,手涂太慢,0.03,1,27,-,103
1538,皮肤出油,0.03,1,444,17w+,103
1539,脸蛋干燥,0.03,1,83,1.0w+,103
1540,嘴睫快嘴眉,0.03,1,70,2.9w+,103
1541,脸泛黄暗沉,0.03,1,83,1.0w+,103
1542,一刷睫毛就炸,0.03,1,70,2.9w+,103
1543,痘痘挤不干净,0.03,1,63,7.1w+,103
1544,脸不润,0.03,1,48,6500+,102
1545,脸没光,0.03,1,48,6500+,102
1546,补口红,0.03,1,160,-,102
1547,长干纹,0.03,1,48,6500+,102
1548,长细纹,0.03,1,48,6500+,102
1549,化妆起皮,0.03,1,59,-,102
1550,卸不干净,0.03,1,133,1.2w+,102
1551,毛孔黑头,0.03,1,44,310+,102
1552,不舍买香水,0.03,1,74,-,102
1553,内烫,0.03,1,109,-,101
1554,长斑,0.03,1,484,4.0w+,101
1555,红敏热,0.03,1,109,-,101
1556,难推开,0.03,1,29028,39w+,101
1557,难清洁,0.03,1,29028,39w+,101
1558,底妆不牢,0.03,1,29028,39w+,101
1559,怕不适合,0.03,1,132,13w+,101
1560,清洁不够,0.03,1,679,-,101
1561,痘印明显,0.03,1,29,4.3w+,101
1562,脸有皱纹,0.03,1,484,4.0w+,101
1563,防晒力弱,0.03,1,29028,39w+,101
1564,需要遮瑕,0.03,1,29,4.3w+,101
1565,单价不便宜,0.03,1,132,13w+,101
1566,瑕疵遮不好,0.03,1,207,1.8w+,101
1567,干燥暗沉发黄,0.03,1,120,5900+,101
1568,遮瑕卡粉厚重,0.03,1,207,1.8w+,101
1569,爆汗脱妆,0.03,1,215,9.2w+,100
1570,眼部松弛,0.03,1,108,1.3w+,100
1571,闭口痘痘粉刺,0.03,1,180,3.7w+,100
1572,大面脸,0.03,1,35,2600+,99
1573,妆容凹,0.03,1,35,2600+,99
1574,无轮廓,0.03,1,35,2600+,99
1575,脸油暗,0.03,1,76,3.2w+,99
1576,脸烫红,0.03,1,22185,21w+,99
1577,瑕疵皮肤,0.03,1,45,8700+,99
1578,紧绷刺挠,0.03,1,22185,21w+,99
1579,遮瑕卡粉,0.03,1,244,4.7w+,99
1580,卡粉不服帖,0.03,1,22185,21w+,99
1581,画错,0.03,1,29,-,98
1582,法令瘪,0.03,1,145,7.1w+,98
1583,眼周垮,0.03,1,145,7.1w+,98
1584,脸无气质,0.03,1,94,-,98
1585,洗面奶用完,0.03,1,94,-,98
1586,卷边,0.03,1,242,-,97
1587,怕晒,0.03,1,84,9400+,97
1588,深唇,0.03,1,100,2.1w+,97
1589,翘边,0.03,1,242,-,97
1590,脱落,0.03,1,242,-,97
1591,不显高级,0.03,1,99,4.3w+,97
1592,台阶明显,0.03,1,715,2.4w+,97
1593,定妆麻烦,0.03,1,214,7000+,97
1594,拔干卡粉,0.03,1,965,2.4w+,97
1595,持妆困难,0.03,1,84,9400+,97
1596,斑驳脱妆,0.03,1,965,2.4w+,97
1597,粉感粗糙,0.03,1,965,2.4w+,97
1598,脸上皱纹,0.03,1,340,1.8w+,97
1599,洗浴中心贵,0.03,1,253,-,97
1600,红色太隆重,0.03,1,100,2.1w+,97
1601,裸色没气色,0.03,1,100,2.1w+,97
1602,出油卡粉,0.03,1,61,-,96
1603,泛红爆皮,0.03,1,61,-,96
1604,皮肤干松,0.03,1,1178,-,96
1605,脸痒卡粉,0.03,1,4672,22w+,96
1606,嘴粘,0.03,1,22,5.5w+,95
1607,不欢心,0.03,1,688,4.8w+,95
1608,手脱皮,0.03,1,581,4.0w+,95
1609,粘毛领,0.03,1,272,-,95
1610,闷痘痘,0.03,1,272,-,95
1611,厚重黏腻,0.03,1,91,-,95
1612,唇纹暗沉,0.03,1,513,-,95
1613,拉扯皮肤,0.03,1,555,-,95
1614,搓红搓薄,0.03,1,555,-,95
1615,爱答不理,0.03,1,688,4.8w+,95
1616,脸红闷痘,0.03,1,555,-,95
1617,一碰水就掉,0.03,1,100,1200+,95
1618,修容不自然,0.03,1,43,-,95
1619,修容易发灰,0.03,1,43,-,95
1620,修容易发红,0.03,1,43,-,95
1621,修容有痕迹,0.03,1,43,-,95
1622,心疼面膜钱,0.03,1,45,1.8w+,95
1623,显黄显暗沉,0.03,1,120,-,95
1624,传统胶水麻烦,0.03,1,100,1200+,95
1625,贴不好穿戴甲,0.03,1,100,1200+,95
1626,不抗氧,0.03,1,102,-,94
1627,显年纪,0.03,1,11,4700+,94
1628,有眼袋,0.03,1,11,4700+,94
1629,糊油膜,0.03,1,108,3.5w+,94
1630,干到爆皮,0.03,1,108,3.5w+,94
1631,脸蛋不稳定,0.03,1,116,7.5w+,94
1632,包小,0.03,1,64,9000+,93
1633,买正装,0.03,1,68,1.8w+,93
1634,大冬天,0.03,1,55,8300+,93
1635,冒油冒汗,0.03,1,85,2900+,93
1636,唇膏易丢,0.03,1,75,4700+,93
1637,嘴巴发青,0.03,1,51,1.7w+,93
1638,妆感消失,0.03,1,197,3.8w+,93
1639,控不好油,0.03,1,55,8300+,93
1640,皮肤干裂,0.03,1,139,3.2w+,93
1641,皮肤爆皮,0.03,1,139,3.2w+,93
1642,眉毛掉色,0.03,1,55,7100+,93
1643,画不好嘴歪,0.03,1,51,1.7w+,93
1644,买多用霜不行,0.03,1,52,2.9w+,93
1645,油光毛孔瑕疵,0.03,1,85,2900+,93
1646,等不及,0.03,1,95,4.9w+,92
1647,脸干纹,0.03,1,80,4.9w+,92
1648,出门怕晒,0.03,1,65,-,92
1649,底妆厚重,0.03,1,95,10w+,92
1650,皮肤易敏,0.03,1,218,10w+,92
1651,拔干卡唇纹,0.03,1,216,7.1w+,92
1652,皮肤不稳定,0.03,1,218,10w+,92
1653,高光用不明白,0.03,1,195,-,92
1654,多收钱,0.03,1,151,1.5w+,91
1655,黑头臭,0.03,1,90,2.6w+,91
1656,卡纹移位,0.03,1,1337,-,91
1657,手揿后红,0.03,1,90,2.6w+,91
1658,甜色黑眉,0.03,1,15,7500+,91
1659,生硬呆板,0.03,1,15,7500+,91
1660,皂滑难拿,0.03,1,40,-,91
1661,皂盒闷坏,0.03,1,40,-,91
1662,眉尾空缺,0.03,1,15,7500+,91
1663,肥皂伤扑,0.03,1,40,-,91
1664,黑头辣痛,0.03,1,90,2.6w+,91
1665,嘴巴干起皮,0.03,1,235,90+,91
1666,洗面奶乱送,0.03,1,151,1.5w+,91
1667,和妆容不适配,0.03,1,15,7500+,91
1668,手揿后毛孔粗,0.03,1,90,2.6w+,91
1669,唇纹显,0.03,1,226,-,90
1670,下午返黑,0.03,1,64,-,90
1671,熬夜脸黄,0.03,1,113,6.5w+,90
1672,眼线反光,0.03,1,38,2.4w+,90
1673,眼线空隙,0.03,1,38,2.4w+,90
1674,经常断货,0.03,1,103,-,90
1675,肌肤紧绷,0.03,1,341,2.3w+,90
1676,卧蚕不立体,0.03,1,103,-,90
1677,卧蚕不饱满,0.03,1,103,-,90
1678,眼线不显色,0.03,1,38,2.4w+,90
1679,美睫店花钱,0.03,1,74,-,90
1680,出油氧化暗黄,0.03,1,113,6.5w+,90
1681,暗沉痘印斑点,0.03,1,113,6.5w+,90
1682,遮不住黑眼圈,0.03,1,64,-,90
1683,疤痕,0.03,1,47,-,89
1684,掉浮皮,0.03,1,149,3.9w+,89
1685,用不好,0.03,1,33,-,89
1686,身上干,0.03,1,149,3.9w+,89
1687,黑印子,0.03,1,47,-,89
1688,唇油太粘,0.03,1,10,2.1w+,89
1689,唇膜限用,0.03,1,10,2.1w+,89
1690,嫁接费高,0.03,1,60,2.1w+,89
1691,润后又干,0.03,1,10,2.1w+,89
1692,爱做小项目,0.03,1,50,-,89
1693,眼袋黑眼圈,0.03,1,84,7900+,89
1694,种睫毛越秃,0.03,1,60,2.1w+,89
1695,要涂素颜霜,0.03,1,47,-,89
1696,换季易红易敏,0.03,1,50,-,89
1697,库存不足,0.03,1,1112,4.7w+,88
1698,眼周纹深,0.03,1,22,-,88
1699,肤色蜡黄,0.03,1,267,4.0w+,88
1700,加发黄垮脸,0.03,1,34,4.4w+,88
1701,换季小情绪,0.03,1,34,4.4w+,88
1702,皮肤油黑脏,0.03,1,402,1.5w+,88
1703,紧绷干巴巴,0.03,1,64,1.8w+,88
1704,化妆起皮卡粉,0.03,1,34,4.4w+,88
1705,不紧绷,0.03,1,67,420+,87
1706,价格太高,0.03,1,31,1.2w+,87
1707,厌食出油,0.03,1,67,420+,87
1708,有台阶感,0.03,1,79,9500+,87
1709,疙瘩不断,0.03,1,67,420+,87
1710,化妆盖疲惫,0.03,1,51,-,87
1711,异物感,0.03,1,32,1.3w+,86
1712,上妆量多,0.03,1,865,6.3w+,86
1713,代价太大,0.03,1,56,2.2w+,86
1714,出油干燥,0.03,1,65,5300+,86
1715,成本太高,0.03,1,56,2.2w+,86
1716,油性皮肤,0.03,1,336,4.8w+,86
1717,皮肤不适,0.03,1,16,-,86
1718,皮肤可干,0.03,1,2863,31w+,86
1719,贴留胶印,0.03,1,50,-,86
1720,颗粒感重,0.03,1,261,-,86
1721,高光易碎,0.03,1,865,6.3w+,86
1722,底妆一蹭掉,0.03,1,261,-,86
1723,暗沉无光泽,0.03,1,18,2.7w+,86
1724,肤色不满意,0.03,1,16,-,86
1725,出油毛孔粗大,0.03,1,142,1.0w+,86
1726,皮肤老爱出油,0.03,1,27,1.3w+,86
1727,脸上密密麻麻,0.03,1,43,1.2w+,86
1728,面斑,0.03,1,51,6800+,85
1729,不讨喜,0.03,1,222,2.8w+,85
1730,怕开裂,0.03,1,9,-,85
1731,不能解脱,0.03,1,598,4.4w+,85
1732,生硬反光,0.03,1,505,-,85
1733,皮肤野黄,0.03,1,51,6800+,85
1734,线条偏粗,0.03,1,173,-,85
1735,护肤品擦过,0.03,1,116,-,85
1736,没好好洗脸,0.03,1,116,-,85
1737,脱皮,0.03,1,129,1.1w+,84
1738,嘴掉皮,0.03,1,196,2.3w+,84
1739,定不牢,0.03,1,33,1.3w+,84
1740,小干纹,0.03,1,129,1.1w+,84
1741,唇纹较深,0.03,1,152,1.6w+,84
1742,嘴唇色深,0.03,1,152,1.6w+,84
1743,护肤白费,0.03,1,58,900+,84
1744,换季粗糙,0.03,1,96,2.4w+,84
1745,瑕疵毛孔,0.03,1,68,2500+,84
1746,画脸暗沉,0.03,1,28,-,84
1747,痘痘反复,0.03,1,160,13w+,84
1748,皱纹松弛,0.03,1,168,1.9w+,84
1749,支撑度不足,0.03,1,50,-,84
1750,易晕熊猫眼,0.03,1,37,-,84
1751,暗沉难吸收,0.03,1,168,1.9w+,84
1752,脸暗沉松垮,0.03,1,96,2.4w+,84
1753,刮得硬,0.03,1,85,-,83
1754,卡皮儿,0.03,1,218,2.0w+,83
1755,卡粉儿,0.03,1,218,2.0w+,83
1756,小碎皮,0.03,1,38,3.1w+,83
1757,抗时光,0.03,1,43,8800+,83
1758,下颌线垮,0.03,1,115,6.8w+,83
1759,假形暗垮,0.03,1,115,6.8w+,83
1760,刮有痛感,0.03,1,85,-,83
1761,刮长得快,0.03,1,85,-,83
1762,变白太快,0.03,1,170,6200+,83
1763,早起脸垮,0.03,1,115,6.8w+,83
1764,红敏干痒,0.03,1,38,3.1w+,83
1765,化妆不自然,0.03,1,185,1.1w+,83
1766,没时间化妆,0.03,1,2614,7.0w+,83
1767,皮肤没光泽,0.03,1,185,1.1w+,83
1768,脸上有纹纹,0.03,1,185,1.1w+,83
1769,干燥起皮卡粉,0.03,1,165,10w+,83
1770,没气质,0.03,1,17,-,82
1771,痘痘印,0.03,1,39,-,82
1772,肤感差,0.03,1,39,-,82
1773,刷酸烂脸,0.03,1,19,-,82
1774,无氛围感,0.03,1,90,4.5w+,82
1775,有脏东西,0.03,1,230,1.3w+,82
1776,起皮刺痛,0.03,1,19,-,82
1777,闲置旧高光,0.03,1,9,-,82
1778,妆容平平无奇,0.03,1,34,1.3w+,82
1779,脸红反复敏感,0.03,1,19,-,82
1780,难刷,0.03,1,255,-,81
1781,干燥痒,0.03,1,199,2.3w+,81
1782,小脸油暗,0.03,1,50,760+,81
1783,紧绷干燥,0.03,1,199,2.3w+,81
1784,一瓶擦脸贵,0.03,1,199,2.3w+,81
1785,打不出底妆,0.03,1,35,1.0w+,81
1786,出小颗粒,0.03,1,406,8200+,80
1787,剩油难喷,0.03,1,95,3.2w+,80
1788,画眼妆难,0.03,1,45,1.9w+,80
1789,痘痘没了,0.03,1,219,-,80
1790,底妆融合差,0.03,1,5,7200+,80
1791,眼线画不好,0.03,1,2,440+,80
1792,睫毛不上镜,0.03,1,224,1.5w+,80
1793,睫毛不显眼,0.03,1,224,1.5w+,80
1794,补水锁水差,0.03,1,178,2.7w+,80
1795,遮瑕效果差,0.03,1,510,2.1w+,80
1796,面膜没效果,0.03,1,178,2.7w+,80
1797,黑眼圈显老,0.03,1,510,2.1w+,80
1798,瑕疵卡粉脱妆,0.03,1,87,2.0w+,80
1799,贴睫毛没感觉,0.03,1,224,1.5w+,80
1800,手疼,0.03,1,219,-,79
1801,红红,0.03,1,38,1100+,79
1802,手干裂,0.03,1,219,-,79
1803,油暗糙,0.03,1,478,-,79
1804,脸刺痛,0.03,1,16,1.0w+,79
1805,买刷踩雷,0.03,1,455,3.5w+,79
1806,口红拔干,0.03,1,27,-,79
1807,唇部死皮,0.03,1,27,-,79
1808,斑点不少,0.03,1,50,1.0w+,79
1809,暗沉发污,0.03,1,70,8700+,79
1810,眉笔脱妆,0.03,1,8,-,79
1811,脸大爆发,0.03,1,16,1.0w+,79
1812,越用越干,0.03,1,219,-,79
1813,嘴唇干起皮,0.03,1,27,-,79
1814,怕疼怕后悔,0.03,1,93,-,79
1815,技术不太行,0.03,1,160,3.4w+,79
1816,假白黏,0.03,1,193,2.7w+,78
1817,厚卡粉,0.03,1,63,2.9w+,78
1818,妆厚重,0.03,1,89,3.1w+,78
1819,妆掉了,0.03,1,89,3.1w+,78
1820,手机卡,0.03,1,204,3.5w+,78
1821,木偶纹,0.03,1,10,3600+,78
1822,眼周纹,0.03,1,10,3600+,78
1823,额头黄,0.03,1,193,2.7w+,78
1824,化妆填坑,0.03,1,36,-,78
1825,卡粉拔干,0.03,1,63,2.9w+,78
1826,印第安纹,0.03,1,10,3600+,78
1827,发黑厚重,0.03,1,63,2.9w+,78
1828,手涂不匀,0.03,1,104,-,78
1829,瑕疵明显,0.03,1,63,2.9w+,78
1830,睫毛不浓,0.03,1,204,3.5w+,78
1831,睫毛脱妆,0.03,1,204,3.5w+,78
1832,素颜不好,0.03,1,456,5.6w+,78
1833,鼻翼泛红,0.03,1,63,2.9w+,78
1834,指甲缝黏糊,0.03,1,104,-,78
1835,易冒痘红敏,0.03,1,77,5.5w+,78
1836,法式涂不齐,0.03,1,88,7200+,78
1837,画造型麻烦,0.03,1,88,7200+,78
1838,脂粒,0.03,1,212,11w+,77
1839,没气色,0.03,1,27,1.6w+,77
1840,泪沟沟,0.03,1,28,6600+,77
1841,眼尾纹,0.03,1,142,7200+,77
1842,细纹多,0.03,1,142,7200+,77
1843,黑圈圈,0.03,1,28,6600+,77
1844,冷了干巴,0.03,1,96,11w+,77
1845,产品没效果,0.03,1,28,6600+,77
1846,刷睫毛无技巧,0.03,1,275,-,77
1847,开裂,0.03,1,69,-,76
1848,敏敏,0.03,1,66,6.8w+,76
1849,含量低,0.03,1,66,6.8w+,76
1850,含量高,0.03,1,66,6.8w+,76
1851,效果慢,0.03,1,66,6.8w+,76
1852,皱纹深,0.03,1,69,-,76
1853,肌无力,0.03,1,118,8100+,76
1854,脸发黄,0.03,1,539,2.0w+,76
1855,脸氧化,0.03,1,539,2.0w+,76
1856,安瓶没用,0.03,1,798,4.6w+,76
1857,暗沉松垮,0.03,1,73,6300+,76
1858,脸不通透,0.03,1,539,2.0w+,76
1859,换季肌肤干,0.03,1,28,1.3w+,76
1860,眼皮褶皱无,0.03,1,118,8100+,76
1861,素颜显粗糙,0.03,1,404,2.2w+,76
1862,有细纹,0.03,1,71,5100+,75
1863,脏脏的,0.03,1,320,33w+,75
1864,手心黏糊,0.03,1,95,7100+,75
1865,皮肤卡粉,0.03,1,71,5100+,75
1866,防晒被擦,0.03,1,95,7100+,75
1867,指甲黏哒哒,0.03,1,10,4600+,75
1868,涂防晒麻烦,0.03,1,95,7100+,75
1869,脸干燥紧绷,0.03,1,229,3.3w+,75
1870,身体乳浪费,0.03,1,10,4600+,75
1871,脸蜡黄无光泽,0.03,1,229,3.3w+,75
1872,痘坑,0.03,1,86,1.7w+,74
1873,嘴巴歪,0.03,1,122,-,74
1874,妆前粗糙,0.03,1,46,-,74
1875,干巴暗沉,0.03,1,86,1.7w+,74
1876,爆痘痘印,0.03,1,86,1.7w+,74
1877,香水缺货,0.03,1,175,2.5w+,74
1878,嘴巴状态差,0.03,1,122,-,74
1879,皮肤不细腻,0.03,1,86,1.7w+,74
1880,皮肤状态差,0.03,1,41,-,74
1881,种睫毛显老,0.03,1,392,-,74
1882,浮肿,0.03,1,23,1.0w+,73
1883,T区油,0.03,1,58,1.8w+,73
1884,光关门,0.03,1,99,1.8w+,73
1885,无卧蚕,0.03,1,280,7.9w+,73
1886,用完了,0.03,1,99,1.8w+,73
1887,糊眼睛,0.03,1,52,-,73
1888,去美睫店,0.03,1,14,-,73
1889,暗沉老气,0.03,1,30,8900+,73
1890,爆痘闷痘,0.03,1,58,1.8w+,73
1891,防晒不足,0.03,1,48,-,73
1892,难卸彩妆,0.03,1,52,-,73
1893,有暗沉,0.03,1,135,-,72
1894,有色沉,0.03,1,135,-,72
1895,有褐印,0.03,1,135,-,72
1896,盗版多,0.03,1,26,1.2w+,72
1897,停售无货,0.03,1,29,1.0w+,72
1898,口红难选,0.03,1,104,-,72
1899,唇形不好,0.03,1,104,-,72
1900,唇纹卡口,0.03,1,20,-,72
1901,嘴皮黏腻,0.03,1,20,-,72
1902,掉色脱妆,0.03,1,104,-,72
1903,显精致土,0.03,1,104,-,72
1904,有暗紫印,0.03,1,135,-,72
1905,洗完拔干,0.03,1,350,-,72
1906,肌肤松弛,0.03,1,420,-,72
1907,酒精味重,0.03,1,350,-,72
1908,有工业怪味,0.03,1,350,-,72
1909,用起来假滑,0.03,1,350,-,72
1910,怕海狸甲显黑,0.03,1,3669,2.5w+,72
1911,蹭粉,0.03,1,165,1.6w+,71
1912,难卸,0.03,1,14,-,71
1913,头发塌,0.03,1,37,430+,71
1914,怕显脏,0.03,1,81,460+,71
1915,白头多,0.03,1,111,1000+,71
1916,遮瑕差,0.03,1,85,460+,71
1917,底妆脱落,0.03,1,37,430+,71
1918,斑驳卡纹,0.03,1,37,430+,71
1919,痘印暗沉,0.03,1,37,430+,71
1920,眼皮塌陷,0.03,1,120,8000+,71
1921,头油,0.03,1,76,-,70
1922,斑多,0.03,1,351,4.7w+,70
1923,眼烦恼,0.03,1,214,-,70
1924,刷子麻烦,0.03,1,68,-,70
1925,发红留印,0.03,1,49,1.0w+,70
1926,唇部脱皮,0.03,1,107,1.8w+,70
1927,底妆蹭掉,0.03,1,20,4.0w+,70
1928,戳的生疼,0.03,1,49,1.0w+,70
1929,美白不足,0.03,1,23,5.4w+,70
1930,一扎一个洞,0.03,1,49,1.0w+,70
1931,下颚线松弛,0.03,1,59,-,70
1932,妆面不显贵,0.03,1,119,-,70
1933,眼角有小纹,0.03,1,24,1.5w+,70
1934,腮红选不对,0.03,1,140,-,70
1935,不会画双C线,0.03,1,68,-,70
1936,干喽喽,0.03,1,203,2.0w+,69
1937,易掉妆,0.03,1,33,6300+,69
1938,有唇纹,0.03,1,37,1.4w+,69
1939,发乌发暗,0.03,1,203,2.0w+,69
1940,取坏睫毛,0.03,1,13,2900+,69
1941,显年龄大,0.03,1,422,3.8w+,69
1942,毛孔粗糙,0.03,1,41,160+,69
1943,油皮脏黄,0.03,1,357,3.2w+,69
1944,脖子暗沉,0.03,1,10603,6.1w+,69
1945,脖子松垮,0.03,1,10603,6.1w+,69
1946,脖子长纹,0.03,1,10603,6.1w+,69
1947,贴塌睫毛,0.03,1,13,2900+,69
1948,费时费力,0.03,1,34,7500+,69
1949,刻磨不到位,0.03,1,34,7500+,69
1950,胶原灌不进,0.03,1,25,-,69
1951,不够干净卫生,0.03,1,34,7500+,69
1952,去角质,0.03,1,52,1.6w+,68
1953,别人用过,0.03,1,117,-,68
1954,小脸粗糙,0.03,1,66,1900+,68
1955,仰甲,0.03,1,102,-,67
1956,倒刺,0.03,1,102,-,67
1957,油乎乎,0.03,1,109,1.5w+,67
1958,甲面脆,0.03,1,102,-,67
1959,眼皮肿,0.03,1,26,-,67
1960,纹路深,0.03,1,26,-,67
1961,唇线显脏,0.03,1,46,-,67
1962,唇线暗沉,0.03,1,46,-,67
1963,毛毛刺刺,0.03,1,102,-,67
1964,洗完脸干,0.03,1,75,1.6w+,67
1965,甲缘不净,0.03,1,102,-,67
1966,痘痘闭口,0.03,1,173,15w+,67
1967,眼下卡粉,0.03,1,26,-,67
1968,皮肤不通弹,0.03,1,6,1.0w+,67
1969,勿清爽,0.03,1,26,3400+,66
1970,老得快,0.03,1,25,-,66
1971,脸不紧,0.03,1,77,2.0w+,66
1972,脸扁塌,0.03,1,69,9600+,66
1973,透底色,0.03,1,285,4.9w+,66
1974,眼下黑松,0.03,1,190,-,66
1975,选色纠结,0.03,1,29,200+,66
1976,照片缺味道,0.03,1,65,-,66
1977,粉底液脱妆,0.03,1,557,5.5w+,66
1978,妆面无氛围感,0.03,1,65,-,66
1979,沾杯,0.03,1,54,2.0w+,65
1980,底子差,0.03,1,15,3500+,65
1981,怕断货,0.03,1,21,-,65
1982,显唇纹,0.03,1,54,2.0w+,65
1983,肤色差,0.03,1,15,3500+,65
1984,唇部干裂,0.03,1,90,2.8w+,65
1985,唇部翘皮,0.03,1,90,2.8w+,65
1986,皮肤黄暗,0.03,1,45,-,65
1987,不知选哪种,0.03,1,30,-,65
1988,卡粉出油多,0.03,1,165,1000+,65
1989,小脸疙疙瘩瘩,0.03,1,24,-,65
1990,掉粉,0.03,1,23,1400+,64
1991,妆卡粉,0.03,1,23,1400+,64
1992,想多睡,0.03,1,22,1.3w+,64
1993,有痘痘,0.03,1,39,-,64
1994,口一直洗,0.03,1,239,-,64
1995,晒斑雀斑,0.03,1,1681,15w+,64
1996,脸上干巴,0.03,1,50,-,64
1997,怕素颜出门,0.03,1,22,1.3w+,64
1998,油脂堵久了,0.03,1,40,3.3w+,64
1999,脸上皱巴巴,0.03,1,50,-,64
2000,皮肤粗糙蜡黄,0.03,1,578,5.5w+,64
2001,脸上斑斑点点,0.03,1,1681,15w+,64
2002,假货,0.03,1,150,1.3w+,63
2003,淡印,0.03,1,244,14w+,63
2004,买不到,0.03,1,3673,7.5w+,63
2005,角质多,0.03,1,98,2.2w+,63
2006,需定妆,0.03,1,85,480+,63
2007,麻赖赖,0.03,1,244,14w+,63
2008,假面发灰,0.03,1,113,850+,63
2009,卡纹肌线,0.03,1,113,850+,63
2010,发黄暗沉,0.03,1,113,850+,63
2011,挤不出来,0.03,1,150,1.3w+,63
2012,斑驳起皮,0.03,1,25,1.4w+,63
2013,毛孔不大,0.03,1,123,3.9w+,63
2014,湿敷干透,0.03,1,244,14w+,63
2015,皮肤发痒,0.03,1,171,1.3w+,63
2016,皱皱巴巴,0.03,1,96,5.8w+,63
2017,眼周下垂,0.03,1,9,320+,63
2018,眼线呆板,0.03,1,86,1.7w+,63
2019,脸上痘痘,0.03,1,282,-,63
2020,脸干巴巴,0.03,1,96,5.8w+,63
2021,脸干难受,0.03,1,96,5.8w+,63
2022,脸紧巴巴,0.03,1,96,5.8w+,63
2023,越来越大,0.03,1,150,1.3w+,63
2024,闹小情绪,0.03,1,24,3.3w+,63
2025,脸又油又绷,0.03,1,9358,9.9w+,63
2026,脸发紧发干,0.03,1,96,5.8w+,63
2027,下垂,0.03,1,69,2.0w+,62
2028,易掉,0.03,1,144,-,62
2029,眼干,0.03,1,30,2800+,62
2030,脏黄,0.03,1,72,560+,62
2031,泡泡脸,0.03,1,34,3.5w+,62
2032,化妆出油,0.03,1,108,2.0w+,62
2033,妆效不持,0.03,1,144,3.1w+,62
2034,指甲要断,0.03,1,53,1.4w+,62
2035,指甲软脆,0.03,1,53,1.4w+,62
2036,法令纹重,0.03,1,69,2.0w+,62
2037,眼周有纹,0.03,1,87,1.5w+,62
2038,睫毛凌乱,0.03,1,46,1.8w+,62
2039,腮帮松垮,0.03,1,69,2.0w+,62
2040,难粘睫毛,0.03,1,46,1.8w+,62
2041,化妆不服帖,0.03,1,86,8.1w+,62
2042,底妆不好用,0.03,1,144,3.1w+,62
2043,毛孔有黑头,0.03,1,86,8.1w+,62
2044,种睫毛黄水,0.03,1,46,1.8w+,62
2045,抗老,0.03,1,170,2.4w+,61
2046,下手重,0.03,1,82,1.2w+,61
2047,不服贴,0.03,1,80,1.5w+,61
2048,需补涂,0.03,1,18,3300+,61
2049,小脸黄黄,0.03,1,41,1500+,61
2050,敏敏晒后,0.03,1,24,1.1w+,61
2051,早起脸肿,0.03,1,24,1.1w+,61
2052,晒伤皮肤,0.03,1,41,570+,61
2053,溢胶掉甲,0.03,1,47,1.6w+,61
2054,痘痘闷大,0.03,1,187,-,61
2055,皮肤燥热,0.03,1,24,1.1w+,61
2056,眼周塌垮,0.03,1,30,-,61
2057,香精味重,0.03,1,38,2300+,61
2058,纹纹露露多,0.03,1,41,1500+,61
2059,脸干燥松垮,0.03,1,126,5600+,61
2060,脸有斑点点,0.03,1,126,5600+,61
2061,嘴唇干巴起皮,0.03,1,19,1.2w+,61
2062,买贵,0.03,1,23,-,60
2063,有干纹,0.03,1,66,8700+,60
2064,死皮重,0.03,1,43,3.5w+,60
2065,厚重拔干,0.03,1,21,-,60
2066,又抛又瞒,0.03,1,335,-,60
2067,变质变稀,0.03,1,90,-,60
2068,嘴角发乌,0.03,1,179,-,60
2069,夹到眼皮,0.03,1,60,-,60
2070,妆容显黄,0.03,1,179,-,60
2071,干燥斑点,0.03,1,43,1.6w+,60
2072,怕疼怕贵,0.03,1,49,-,60
2073,正装太贵,0.03,1,33,1.5w+,60
2074,毛孔问题,0.03,1,24,-,60
2075,皮肤有斑,0.03,1,66,8700+,60
2076,皮肤有红,0.03,1,66,8700+,60
2077,皮肤瘙痒,0.03,1,73,5300+,60
2078,皮肤脆皮,0.03,1,21,950+,60
2079,眼周自卑,0.03,1,49,-,60
2080,眼周难看,0.03,1,49,-,60
2081,眼皮松垮,0.03,1,49,-,60
2082,素颜不佳,0.03,1,24,-,60
2083,脸色暗沉,0.03,1,73,5300+,60
2084,脸色蜡黄,0.03,1,32,1900+,60
2085,贵用不起,0.03,1,269,3.1w+,60
2086,锁不住水,0.03,1,21,950+,60
2087,闷小粒粒,0.03,1,21,950+,60
2088,高光夸张,0.03,1,179,-,60
2089,买正装踩雷,0.03,1,33,1.5w+,60
2090,易长小粒粒,0.03,1,49,-,60
2091,清洁不干净,0.03,1,123,1.9w+,60
2092,用不完浪费,0.03,1,21,-,60
2093,糊脸不吸收,0.03,1,21,950+,60
2094,纹纹路路多,0.03,1,98,-,60
2095,脸拿什么挡,0.03,1,70,1.6w+,60
2096,买仿品不称心,0.03,1,20,-,60
2097,皮肤粗糙暗沉,0.03,1,32,1900+,60
2098,大鼻噶,0.03,1,48,-,59
2099,特别干,0.03,1,59,100+,59
2100,肌肤油,0.03,1,122,-,59
2101,不舍得买,0.03,1,16,5800+,59
2102,拍照反光,0.03,1,33,4500+,59
2103,煞白假面,0.03,1,33,4500+,59
2104,皮肤敏脆,0.03,1,72,-,59
2105,皮肤脆弱,0.03,1,19,4600+,59
2106,一味涂防晒,0.03,1,16,5800+,59
2107,手皴,0.03,1,175,2.1w+,58
2108,手起皮,0.03,1,175,2.1w+,58
2109,眉毛分层,0.03,1,27,-,58
2110,眉毛不精致,0.03,1,27,-,58
2111,出门忘带手机,0.03,1,88,210+,58
2112,怕疼,0.03,1,41,-,57
2113,飞粉,0.03,1,256,-,57
2114,怕后悔,0.03,1,41,-,57
2115,无清洁,0.03,1,111,2.6w+,57
2116,干纹松弛,0.03,1,88,5.4w+,57
2117,暗沉倦态,0.03,1,88,5.4w+,57
2118,皮肤冒油,0.03,1,111,2.6w+,57
2119,细纹加深,0.03,1,88,5.4w+,57
2120,胡青不重,0.03,1,106,-,57
2121,脸蛋暗沉,0.03,1,161,4500+,57
2122,脸蛋红红,0.03,1,161,4500+,57
2123,脸蛋蜡黄,0.03,1,161,4500+,57
2124,遇水留白,0.03,1,161,4500+,57
2125,脖子三条杠,0.03,1,37,4000+,57
2126,需单独卸妆,0.03,1,161,4500+,57
2127,不会画水彩画,0.03,1,22,4500+,57
2128,脱妆卡粉斑驳,0.03,1,88,3.3w+,57
2129,尴尬,0.03,1,158,-,56
2130,不保养,0.03,1,32,-,56
2131,有晒斑,0.03,1,25,4000+,56
2132,牵衰脑,0.03,1,74,1.1w+,56
2133,留香短,0.03,1,81,-,56
2134,肿泡眼,0.03,1,188,-,56
2135,长痘印,0.03,1,293,2.2w+,56
2136,香水贵,0.03,1,81,-,56
2137,黑色素,0.03,1,293,2.2w+,56
2138,卸妆繁复,0.03,1,158,4.8w+,56
2139,卸妆肉疼,0.03,1,56,-,56
2140,口红显老,0.03,1,42,6400+,56
2141,拔干掉色,0.03,1,265,1.1w+,56
2142,显脏飞粉,0.03,1,70,3200+,56
2143,洗完干燥,0.03,1,158,4.8w+,56
2144,涂了过敏,0.03,1,265,1.1w+,56
2145,润唇膏卡,0.03,1,42,6400+,56
2146,眼下有纹,0.03,1,70,3200+,56
2147,眼皮松弛,0.03,1,188,-,56
2148,色素沉积,0.03,1,25,4000+,56
2149,起皮掉皮,0.03,1,252,2.7w+,56
2150,找拍照姿势,0.03,1,49,7200+,56
2151,找拍照角度,0.03,1,49,7200+,56
2152,脸蓝色以上,0.03,1,49,3100+,56
2153,刷头上嘴不适,0.03,1,265,1.1w+,56
2154,妆脏,0.03,1,44,2.2w+,55
2155,掉价,0.03,1,173,2.9w+,55
2156,脸蛋嫩,0.03,1,32,1500+,55
2157,妆不协调,0.03,1,44,2.2w+,55
2158,容易晒黑,0.03,1,133,11w+,55
2159,暗沉粗糙,0.03,1,223,2200+,55
2160,洗完紧绷,0.03,1,32,1500+,55
2161,深层清洁,0.03,1,32,1500+,55
2162,调节水油,0.03,1,32,1500+,55
2163,颜色不对,0.03,1,44,2.2w+,55
2164,出汗用厚粉底,0.03,1,58,570+,55
2165,液笔出水不均,0.03,1,371,-,55
2166,痘痘深发不出,0.03,1,71,2.0w+,55
2167,显凶,0.03,1,21,-,54
2168,颈纹,0.03,1,388,5000+,54
2169,卡纹干,0.03,1,30,-,54
2170,唇色重,0.03,1,90,6.2w+,54
2171,夏天闷,0.03,1,27,5700+,54
2172,干巴巴,0.03,1,90,6.2w+,54
2173,笔炸毛,0.03,1,29,-,54
2174,有小粒粒,0.03,1,20,2.3w+,54
2175,眉眼距近,0.03,1,21,-,54
2176,美甲起翘,0.03,1,29,-,54
2177,脖子显老,0.03,1,388,5000+,54
2178,毛孔垃圾多,0.03,1,56,1.1w+,54
2179,画妆容纠结,0.03,1,61,3100+,54
2180,皮肤干绷绷,0.03,1,206,1.3w+,54
2181,脸粗糙暗沉,0.03,1,9,7600+,54
2182,香味不持久,0.03,1,151,-,54
2183,底妆卡粉斑驳,0.03,1,34,-,54
2184,脸上斑,0.03,1,75,7700+,53
2185,贵眉笔,0.03,1,4,3300+,53
2186,黑黢黢,0.03,1,75,7700+,53
2187,鼻子塌,0.03,1,148,-,53
2188,上妆出错,0.03,1,5,4700+,53
2189,低价仿货,0.03,1,295,1.4w+,53
2190,姨妈不适,0.03,1,162,5.3w+,53
2191,紧绷卡粉,0.03,1,821,4.9w+,53
2192,缺水卡粉,0.03,1,36,2700+,53
2193,油脂脏东西,0.03,1,112,4.8w+,53
2194,皮肤暗黄暗沉,0.03,1,383,1.2w+,53
2195,小包包,0.03,1,45,1900+,52
2196,无理由,0.03,1,58,2000+,52
2197,脸拉手,0.03,1,263,-,52
2198,又黄又暗,0.03,1,18,-,52
2199,松弛下垂,0.03,1,58,140+,52
2200,正装昂贵,0.03,1,12,4800+,52
2201,气垫厚重,0.03,1,52,-,52
2202,油不吸收,0.03,1,12,4800+,52
2203,润唇拉丝,0.03,1,24,7600+,52
2204,眼周卡粉,0.03,1,61,-,52
2205,肤色暗黄,0.03,1,58,140+,52
2206,脸往下走,0.03,1,55,-,52
2207,上眼皮松垮,0.03,1,61,-,52
2208,妆后扁平脏,0.03,1,15,1.0w+,52
2209,干巴巴口红,0.03,1,82,1.3w+,52
2210,底妆无光泽,0.03,1,75,340+,52
2211,下眼皮有纹路,0.03,1,61,-,52
2212,下眼皮颜色深,0.03,1,61,-,52
2213,底妆变黄变黑,0.03,1,75,340+,52
2214,胡青,0.03,1,261,-,51
2215,不牢固,0.03,1,23,1.3w+,51
2216,不饱满,0.03,1,41,2.2w+,51
2217,嘴干瘪,0.03,1,41,2.2w+,51
2218,带妆久,0.03,1,4,7400+,51
2219,怕被骗,0.03,1,332,8200+,51
2220,易起翘,0.03,1,6,1.1w+,51
2221,涂后干,0.03,1,89,3.4w+,51
2222,皮肤焦,0.03,1,91,7000+,51
2223,眼尾塌,0.03,1,29,-,51
2224,小脸无光,0.03,1,86,3300+,51
2225,白芝麻粒,0.03,1,261,-,51
2226,眨眼露馅,0.03,1,29,-,51
2227,眼皮反光,0.03,1,29,-,51
2228,粉底不贴,0.03,1,261,-,51
2229,补水不够,0.03,1,91,7000+,51
2230,贴眼麻烦,0.03,1,29,-,51
2231,黑头难消,0.03,1,248,8.0w+,51
2232,不舍买贵香,0.03,1,183,-,51
2233,单一酸刺激,0.03,1,53,-,51
2234,底妆拍不匀,0.03,1,261,-,51
2235,油闷厚假白,0.03,1,1798,3.1w+,51
2236,法令纹问题,0.03,1,45,30+,51
2237,不想手绘雕花,0.03,1,156,1.2w+,51
2238,脸部蜡黄暗沉,0.03,1,444,7.9w+,51
2239,选护肤品麻烦,0.03,1,45,30+,51
