排名,账号,类型,粉丝,均赞,最高赞,赞粉比,量级分层,赛道出现次数,美妆占比,爆款率,怎么用,命中关键词,最有代表性的一条
1,谷雨,达人号,37655,339316.0,339316.0,9.0112,甜蜜区,1,0.05,0.2,泛娱乐号：只借结构与节奏，别抄品类,胶原蛋白,339316.0赞 减肥只吃一碗。。。 #满满的胶原蛋白 #砂锅猪蹄 #记录生活日常吃饭 @安吉尔空间大师好水生活 #护肤养发从水开始
2,阿丸焖居,达人号,206888,234692.0,234692.0,1.1344,甜蜜区,1,0.15,1.0,泛娱乐+美妆植入：只借植入手法,洗面奶,"234692.0赞 当你和一百万人一起吃火锅 阿丸的十万人宿舍日常之火锅篇#C咖洗面奶 #像素风 #像素画 #AI动画 #生成艺术 
（声明：本系列视频内容纯属虚构世界观，所有人物、情节、场景均为艺术创作，不影射任何现实中的个人、团体、机构或事件。请勿对号入座。视频中“十万人宿舍”及衍生环境的极端人数及规则仅为夸张表达，无任何现实指涉。本作品仅供娱乐，无不良引导。）"
3,小小乔,达人号,10396,7624.0,7624.0,0.7334,甜蜜区,1,0.09,0.409,泛娱乐号：只借结构与节奏，别抄品类,黄黑皮,7624.0赞 素颜才有的故事感。#素颜 #黄黑皮#大疆pocket4 #故事感
4,相宜本草官方旗舰店直播,品牌号,10754,7734.0,7734.0,0.7192,甜蜜区,1,0.55,0.2,品牌号：学货盘与自播节奏,洗面奶/面膜,7734.0赞 不设轮廓，本色出“没”TA循着光影而来不被标签定义，自带耀眼光芒你，猜出TA是谁了吗？#相宜本草 #相宜本草官方旗舰店 #相宜 #相宜本草面膜 #相宜本草洗面奶
5,邹邹Z☡zᶻ ⌁,达人号,33718,18547.0,18547.0,0.5501,甜蜜区,1,0.04,0.217,泛娱乐号：只借结构与节奏，别抄品类,洗面奶,18547.0赞 教师vlog｜到底是什么玄学啊 穿的越温柔的时候骂的越狠#C咖洗面奶  #教师日常 #vlog #反差 #松弛感氛围感穿搭
6,JUNPING俊平官方旗舰店,品牌号,43566,10451.0,10451.0,0.2399,甜蜜区,1,,,品牌号：学货盘与自播节奏,面霜,10451.0赞 我被一个东北人“骗”了，却骗得心甘情愿#俊平带你养回生命力 #俊平人参好日子安瓶精华 #俊平人参支棱面霜  #东北 #挖人参
7,一只大余,达人号,10690,2724.3,4777.0,0.2548,甜蜜区,3,0.39,0.13,美妆为主：可对标，注意非美妆内容占比,洗面奶/烟酰胺/面膜,4777.0赞 怪不得那么多人都在打卡这个 #buv洗面奶#蔡徐坤#大学生护肤 #控油清洁洗面奶#三角洲行动
8,呆泪系,达人号,16332,8362.0,8362.0,0.512,甜蜜区,1,0.3,0.6,美妆为主：可对标，注意非美妆内容占比,洗面奶,8362.0赞 我换了很多洗面奶 用的最多的还是这个维她白 毫不夸张 我皮肤这么好全靠它！！#好皮肤#甜妹#抗氧#美白洗面奶#维她白美白洗面奶
9,雪影神兔,达人号,11260,2061.0,2061.0,0.183,甜蜜区,1,0.4,0.45,美妆为主：可对标，注意非美妆内容占比,洗面奶,2061.0赞 回复 @小漫春渡的评论 嘿嘿谢谢夸奖宝宝们～你们自己去搜吧，我大学一直用的#afae抗氧洗面奶，因为我很懒不想每次在脸上涂一大堆，这个每次洗完脸都嫩嫩软软的，一整天都特别亮，头发还在用#afae洗发水#嘉桐摇#甜妹@抖音创作灵感
10,小橘子(梨涡版),达人号,19170,5229.0,5229.0,0.2728,甜蜜区,1,0.09,0.136,泛娱乐号：只借结构与节奏，别抄品类,面霜,5229.0赞 香香软软的宝宝拍着拍着就长大了#袋鼠妈妈小暖霜 #萌娃 #儿童面霜 #宝宝护肤
11,美颜坊护肤品旗舰店,品牌号,16482,359.3,4606.0,0.0218,甜蜜区,14,,,品牌号：学货盘与自播节奏,抗皱面霜/水乳/眼霜/面霜,4606.0赞 面霜+精华+水乳，一瓶多用的抗皱面霜，满脸皱纹救星的老国货，送给妈妈们的礼物！
12,messy艺术,达人号,44553,11445.0,11445.0,0.2569,甜蜜区,1,0.05,0.1,泛娱乐号：只借结构与节奏，别抄品类,面膜,11445.0赞 泥浆面膜 #护肤分享 #玩泥巴 #行为艺术
13,花开富贵,达人号,26384,2873.0,2873.0,0.1089,甜蜜区,1,,,,面膜,2873.0赞 #王源客厅狂欢巡回演唱会  #王源给我涂面膜
14,金米米,达人号,22518,636.9,2492.0,0.0283,甜蜜区,9,,,,水杨酸/烟酰胺/身体乳/面霜,2492.0赞 你说我盖过的被子都好香 我就一直用 再也没换过它～#宝玑米 调香是真的顶！#身体乳 #宝玑米身体冷霜 #仙女必备
15,肖宵,达人号,16359,1459.0,1459.0,0.0892,甜蜜区,1,,,,面霜,1459.0赞 什么有色面霜 素颜霜 我将一起通通重拳出击#彩妆 #美妆 #素颜霜 #有色面霜
16,马铃薯沙发,达人号,30166,2556.0,2556.0,0.0847,甜蜜区,1,,,,面膜,2556.0赞 发光面膜来一个 @锐先生  #男生护肤 #居家肌肉随拍 #男生护肤分享 #睡前仪式 #睡前护肤
17,馥珮【眼周护理】直播间,品牌号,25178,103.3,526.0,0.0041,甜蜜区,30,,,,抗老/眼霜,526.0赞 30+眼纹显老？试试女明星都在用的肝素钠眼霜淡纹紧致~还有超值福利#眼部护理#眼纹#抗皱紧致#抗老眼霜
18,nice to meet 秋,达人号,11214,101.9,606.0,0.0091,甜蜜区,7,,,,毛孔粗大/痘印/神经酰胺/积雪草/闭口粉刺/面膜,606.0赞 大家期待了很久的“腮红面膜”终于来喽~ #自然启蒙腮红面膜 #一周面膜安排 #一周面膜公式 #敏感肌面膜 #油痘肌面膜
19,之野传承人(若溪阿妹）,达人号,37664,389.6,678.0,0.0103,甜蜜区,7,,,,洗面奶,678.0赞 化学洗面奶真的容易伤害皮肤，快试试这个草本洗脸皂，养生妈生好皮 #之野玉肌皂
20,梨涡点点,达人号,14201,2320.0,2320.0,0.1634,甜蜜区,1,,,,面膜,2320.0赞 这年头应该没有不熬夜的年轻人吧！？一熬夜小脸黄垮暗沉的就赶紧来薅怪奇物语冰美式熬夜面膜的超大羊毛。#面膜 #面膜推荐 #护肤 #熬夜必备
21,大涵涵同学,达人号,29796,291.3,788.0,0.0098,甜蜜区,6,,,,洗面奶/积雪草/精华液/美白精华/面膜/黄黑皮,788.0赞 黄黑皮的姐妹闭眼入这个#377洗面奶 真的一用一个不吱声！#熬夜党护肤必备#熬夜#洗面奶#无限回购的宝藏单品
22,辣辣不甜,达人号,15676,1140.7,3191.0,0.0728,甜蜜区,3,,,,痘印,3191.0赞 起因是主包油痘皮还爱挤#痘印 #淡印 #重组胶原 #三角洲行动 #金铲铲之战
23,大不列点点ovo,达人号,15032,684.5,2514.0,0.0455,甜蜜区,4,,,,精华液/面膜,2514.0赞 新品冲销量新人福利！拼手速了#沉浸式面膜测评 #可孚 #修复贴 #械字号
24,大庆,达人号,43549,6595.0,6595.0,0.1514,甜蜜区,1,,,,面膜,6595.0赞 洗澡遇见碎嘴子、直接聊红温了 #碎嘴子 #搞笑 #超能演剧场2026 #伦敦合伙人 #薇诺娜特护面膜
25,Gulao好物分享,达人号,12227,1207.5,2395.0,0.0988,甜蜜区,2,,,,痘印/面霜,2395.0赞 给妈妈送一个吧   @上热门🔥🔥🔥 #补水面霜推荐 #补水保湿提亮肤色 #面霜抗皱紧致
26,妮妮超爱买,达人号,18299,348.4,1453.0,0.019,甜蜜区,5,,,,洗面奶/皮肤暗沉/身体乳/面膜,1453.0赞 油糙皮都来试试这个#童颜纪 #青苹果面膜 真的便宜又好用啊！素颜全靠它兜底#面膜 #面膜推荐 #油皮
27,噜噜晓,达人号,23473,2226.0,4434.0,0.0948,甜蜜区,2,,,,身体乳,4434.0赞 到底是哪个大聪明发明的这个可以喷的身体乳香氛喷雾～对象狂贴我啊!!#女孩子就是要香香的#精致女人必备#香氛身体乳推荐#秋冬必备#无限回购的宝藏单品
28,晓晓睡不着,达人号,13408,804.0,2309.0,0.06,甜蜜区,3,,,,烟酰胺/面膜,2309.0赞 #泡泡精华 #妆前面膜
29,琦泡泡,达人号,11767,1585.0,1585.0,0.1347,甜蜜区,1,,,,面霜,1585.0赞 奇妙萌可的盒子用完了千万别扔，还能当过家家玩具#儿童面霜 #奇妙萌可
30,唐晓,达人号,24214,3201.0,3201.0,0.1322,甜蜜区,1,,,,眼霜,3201.0赞 这个#左颜右色抗皱焕亮眼霜 越早涂效果越好 #变帅 #熬夜 #男士护肤 #小眼睛
31,阿来来,达人号,13673,1789.0,1789.0,0.1308,甜蜜区,1,,,,洗面奶,1789.0赞 #洗面奶 #洗面奶推荐
32,程实很诚实,达人号,10309,303.0,1124.0,0.0294,甜蜜区,4,,,,烟酰胺/痘印,1124.0赞 谁懂这个蚕丝皂的含金量呀！#烟酰胺#蚕丝皂#平价好物#万万没想到#看到最后
33,A猪饲料批发贺总,达人号,12885,1716.0,2263.0,0.1332,甜蜜区,2,,,,洗面奶/痘印/祛痘精华,2263.0赞 简直神来的 终于找到我的人生祛痘精华了#肤泊漫祛痘精华#祛痘#祛痘淡化痘印
34,姜姜好,达人号,23868,2849.0,2849.0,0.1194,甜蜜区,1,,,,面霜,2849.0赞 #有色面霜 #伪素颜 #素颜霜 #自用分享 #学生党好物推荐
35,黎清水,达人号,27462,149.6,531.0,0.0054,甜蜜区,5,,,,痘印/眼霜/面膜,531.0赞 后悔没早点发现你。。#植物大师祛痘膏 #痘印怎么消除 #痘痘逆袭 #素颜 #变美逆袭
36,灌云依思佩尔祛痘王莉,达人号,21244,990.0,2959.0,0.0466,甜蜜区,3,,,,痘印,2959.0赞 #灌云王莉#灌云依思佩尔#苗垹#痘印痘坑#黑头
37,肖肖姐,达人号,18127,1988.0,1988.0,0.1097,甜蜜区,1,,,,面膜,1988.0赞 凌晨12宝宝还不想睡熬夜那就涂点免洗面膜 #绝色熬夜闪充面膜
38,泡泡❄️,达人号,12920,1970.0,1970.0,0.1525,甜蜜区,1,,,,洗面奶,1970.0赞 女大学生晚间沉浸式护肤vlog 清洁是护肤的第一步，好好洗脸才能有好皮肤#vlog#我的日常vlog#女大学生#宿舍#理致小双管洗面奶
39,一颗李李,达人号,27187,399.5,1444.0,0.0147,甜蜜区,4,,,,毛孔粗大/水乳/洗面奶/积雪草,1444.0赞 #eiio洗面奶 真的只有零次和无数次，姐妹们素颜出门的快乐谁懂啊#eiio好气色洗面奶 #洗面奶 #洗面奶推荐
40,爱炫点美食,达人号,45918,3169.5,4773.0,0.069,甜蜜区,2,,,,面膜,4773.0赞 参水和姜黄面膜 #美妆#护肤品#爱自己#人参
41,越来越好的小刘,达人号,222885,1565.0,1565.0,0.007,甜蜜区,1,,,,美妆博主,1565.0赞 Seoul vlog｜美美day #韩国 #美妆博主养成系 #江南 #日常分享 #首尔
42,莉娜在欧洲,达人号,25817,262.5,729.0,0.0102,甜蜜区,4,,,,修护精华/毛孔粗大/水杨酸/烟酰胺/痘印/神经酰胺/面霜,729.0赞 #真实生活分享计划   VC提亮面霜💛  主要帮助提亮肤色、改善暗沉发黄、肤色不均、痘印和色素沉着，坚持使用让皮肤看起来更加透亮有光泽✨。  🌙 建议只在晚上使用：洁面后薄薄涂一层就可以，不需要涂太厚。 🌞 第二天一定要认真做好防晒，这个很重要哦🥰💛  #护肤  #提亮肤色 #改善暗沉 #淡化痘印
43,蕾紫,达人号,10471,638.0,1095.0,0.0609,甜蜜区,2,,,,面膜,1095.0赞 青苹果面膜我们宣你 #面膜 #童颜纪
44,画梅椰子水,达人号,36784,2240.0,3951.0,0.0609,甜蜜区,2,,,,毛孔粗大/精简护肤,3951.0赞 皮肤干到起皮，精简护肤搭配 #画梅 #画梅推荐 #屏障修护 #敏肌修护 #敏肌护肤
45,人间烟火,达人号,132360,5052.2,18912.0,0.0382,甜蜜区,4,,,,胶原蛋白/面膜,18912.0赞 #王源客厅狂欢巡回演唱会  #王源王源王源王源王源王源王源王源王源王源  #王源给我涂面膜
46,用户753310343115,达人号,56026,5800.0,7957.0,0.1035,甜蜜区,2,,,,面膜,7957.0赞 #王源客厅狂欢巡回演唱会  #王源给我涂面膜
47,皮小蛋🍃,达人号,19579,2651.0,2651.0,0.1354,甜蜜区,1,,,,洗面奶,2651.0赞 Ი ᰍ ݃ ݁ᣟ݂ #lummi洁面慕斯 #女大 #洗面奶
48,成都脸纪💦水汪汪@梅梅,达人号,39295,575.8,1754.0,0.0147,甜蜜区,5,,,,皮肤管理,1754.0赞 小店不大主打一个安静 我亲自给你洗脸可以吗 #美业老板娘 #美业手艺人  #洗脸护肤#皮肤管理#成都
49,大橘子,达人号,10403,869.0,869.0,0.0835,甜蜜区,1,,,,烟酰胺/面霜,869.0赞 #抗氧 还得是尊蓝男士面霜，就这个#尊蓝烟酰胺面霜  一用一个不吱声！#男生护肤品 #男生补水好物 #男生变帅攻略
50,暖洋洋～,达人号,14066,1831.0,1831.0,0.1302,甜蜜区,1,,,,皮肤管理,1831.0赞 晒黑了…… #我的美容日记 #皮肤管理 #做脸的一天
51,臭屁虫,达人号,286300,36590.0,36590.0,0.1278,甜蜜区,1,,,,洗面奶,36590.0赞 每天都有乖乖洗脸#c咖洗面奶
52,梨梨学姐,达人号,10695,501.5,911.0,0.0469,甜蜜区,2,,,,洗面奶/身体乳,911.0赞 建议地球上所有人洗脸不干净的都人手这个#韩束黑茶洗面奶 好用又划算啊！#洗面奶 #温和清洁 #韩束 #无限回购的宝藏单品
53,肥肠老大,达人号,11282,546.0,799.0,0.0484,甜蜜区,2,,,,身体乳,799.0赞 谁懂啊！！ #漂粉霜#身体乳#日本好物分享#约会#看到最后
54,亲爱的理理,达人号,26576,2094.0,2094.0,0.0788,甜蜜区,1,,,,洗面奶,2094.0赞 她静悄悄的改变...  #护肤 #控油祛痘 #好皮肤养出来  #洗面奶
55,橙橙呀,达人号,12984,543.0,929.0,0.0418,甜蜜区,2,,,,面霜/黄黑皮,929.0赞 黄黑皮的宝子你就去用这个#377面霜 真的一用一个不吱声!!#护肤分享#好皮肤养出来#面霜#无限回购的宝藏单品
56,江孜～琼卓玛小号二👨‍👩‍👦‍👦,达人号,27418,486.3,626.0,0.0177,甜蜜区,3,,,,眼霜/防晒霜,626.0赞 【奥色木虫草眼霜】眼皮松垮眼袋抗皱淡化细纹提拉紧致
57,稚护小气泡黑头仪,达人号,73185,1085.8,20578.0,0.0148,甜蜜区,21,,,,毛孔粗大/闭口粉刺,20578.0赞 大数据它懂你的小心思，有#黑头粉刺和#毛孔粗大的宝子赶快行动起来！皮肤变好颜值蹭蹭往上涨！#气泡仪#好物推荐
58,辉艳做白日梦咯,达人号,31310,2192.0,2192.0,0.07,甜蜜区,1,,,,面膜,2192.0赞 谁家摊上这么一个公公家里都会变得鸡飞狗跳，一大家人都得听他的才好#婚后生活vlog #爸宝男 #ell水光面膜
59,锦鲤娱小圈,达人号,95549,24465.0,24465.0,0.256,甜蜜区,1,,,,面膜,24465.0赞 郭柯宇：跑过网约车、卖过面膜，租房子住 #郭柯宇 #be美学
60,童颜纪美妆旗舰店,品牌号,28566,234.0,613.0,0.0082,甜蜜区,3,,,,护肤干货/面膜,613.0赞 平价也能拥有好护肤搭子，童颜纪青苹果面膜控油补水双在线，日常囤货完全不心疼~#平价好物 #分享爱用物 #好物测评 #面膜推荐 #童颜纪
61,泽妈的日常,达人号,11472,343.5,682.0,0.0299,甜蜜区,2,,,,皮肤暗沉/面膜,682.0赞 爱惨了这个白番茄面膜‼️#童颜纪白番茄面膜 #面膜 #护肤 #白番茄 #强烈推荐
62,鱼板,达人号,144866,35634.0,35634.0,0.246,甜蜜区,1,,,,美妆博主,35634.0赞 #乡村支教 #校园vlog #美术老师#美妆博主
63,小卢要努力呀,达人号,31823,1848.0,1848.0,0.0581,甜蜜区,1,,,,面膜,1848.0赞 努力工作才能更好的生活#进厂上班#vlog日常 #00后工厂打工#欧诗漫美白淡斑面膜
64,雪梨鸭,达人号,12418,694.0,694.0,0.0559,甜蜜区,1,,,,洗面奶,694.0赞 爱熬夜爱吃甜食脸油脸暗脸不亮的快试试这款#eiio抗氧洗面奶 #提亮肤色改善暗沉 #素颜 #洗面奶推荐 #护肤
65,吉祥主播,达人号,48680,2466.0,2466.0,0.0507,甜蜜区,1,,,,面膜,2466.0赞 #保养跟不保养的区别 #洗漱敷面膜 #保养是给自己最好的投资 财源滚滚来
66,我炸炸你,达人号,23383,2267.0,2267.0,0.097,甜蜜区,1,,,,洗面奶,2267.0赞 宝宝们 你们自己去搜叭，我军训这段时间一直用的是维她白抗氧洗面奶，因为我很懒不想每次在脸上涂一大堆，这个每次洗完脸都软软嫩嫩的，一整天都特别亮#维她白美白洗面奶#抗氧#军训#大一
67,王帅（生活号）,达人号,39089,744.5,848.0,0.019,甜蜜区,2,,,,毛孔粗大/面膜,848.0赞 经常熬夜皮肤干燥缺水暗黄的，一定要去试试这个#睡眠面膜 补水保湿，紧致肌肤淡化细纹，提亮肤色改善暗沉#免洗睡眠面膜 #补水保湿 #提亮肤色 #面膜推荐
68,小芝麻爱唠叨,达人号,33899,525.0,1043.0,0.0155,甜蜜区,2,,,,身体乳,1043.0赞 #宝玑米 #身体乳#宝玑米冷霜
69,BUV官方旗舰店油皮护肤,品牌号,18795,275.0,546.0,0.0146,甜蜜区,2,,,,洗面奶/闭口粉刺,546.0赞 谁不喜欢一张干净的脸呢? 试试这款控油洗面奶，好使~插秧脸和大油田赶紧码住~#BUV绿泥洗面奶 #控油 #黑头 #防晒  #BUV你的控油实力派
70,麒麟二番榨（和粉丝虐恋中）,达人号,32743,2847.0,2847.0,0.0869,甜蜜区,1,,,,防晒霜,2847.0赞 缘似茉莉落雨 浅吟莫离之雨 #古风 #骆驼绿三角防晒霜 #骆驼素颜美白防晒霜 #王一博骆驼防晒霜
71,呆呆酱,达人号,15527,1349.0,1349.0,0.0869,甜蜜区,1,,,,水杨酸,1349.0赞 回复 @Hahaha：）的评论 其实我很少花费心思在护肤上，只是习惯做好清洁，我一直用的是芦卡肤洁面慕斯。我的皮肤还挺爱出油的，尤其是现在换季不稳定容易冒痘，这个里边添加了水杨酸+PCA锌，洗得干净不假滑，想要温和控油维稳的，这个可以试试看。#洗面奶推荐 #祛痘控油 #第52次取消发送 #楚楚编舞#卢卡肤祛痘洗面奶
72,虞美人会长徒弟刘昱辰,达人号,33594,323.5,644.0,0.0096,甜蜜区,2,,,,美业创业,644.0赞 敛财过亿后，挥霍无积蓄。 #虞美人刘昱辰 #女性成长 #美业创业 #情感共鸣 #美容院
73,想我你要告诉我呀,达人号,49774,3813.0,3813.0,0.0766,甜蜜区,1,,,,面霜,3813.0赞 被爱的话 素颜你也会夸我漂亮#芷豆豆豆霜#油痘肌面霜#逆袭
74,朱牛牛,达人号,32101,896.0,896.0,0.0279,甜蜜区,1,,,,护肤干货,896.0赞 保姆级晒后修护！ 涵盖军训，海边、沙漠、练车，所有极端暴晒环境 覆盖每个阶段的处理方式和护肤方法 全都是实测过的！#护肤干货分享 #晒后修护 #军训 #军训护肤 #美白
75,雅美皮肤管理中心,达人号,19937,553.0,553.0,0.0277,甜蜜区,1,,,,皮肤管理,553.0赞 #皮肤管理师的初心 #专业的美容师 #专业美容师 #建立自己的保养逻辑 #皮肤管理师使命
76,李宝剑今天买什么💅🏻,达人号,30326,807.0,807.0,0.0266,甜蜜区,1,,,,面膜,807.0赞 Fanbeauty 面膜全家福尝鲜，但是一个ID只能抢两单，库存就这一波，刷到还显示能拍，闭眼冲～#懒人护肤 #fanbeauty #fanbeauty面膜
77,Mxs,达人号,23179,1663.0,1663.0,0.0717,甜蜜区,1,,,,痘印,1663.0赞 男生把脸上瑕疵痘印遮一下，干干净净的真的很帅呀。#板正#男生化妆 #男士遮瑕 #酷男笔记遮瑕棒#素颜棒
78,超多烦恼,达人号,28244,649.0,649.0,0.023,甜蜜区,1,,,,面霜,649.0赞 皮肤干干净净 真的很加分#袋鼠妈妈小暖霜#儿童面霜#护肤
79,科学护肤闫博士,专业号,273416,2048.2,10579.0,0.0075,甜蜜区,8,,,,护肤干货/胶原蛋白/闭口粉刺/面膜,10579.0赞 敷面膜刺痛是在补水？别傻了！！ #面膜 #补水保湿 #痘痘闭口粉刺 #美白
80,属七先生,达人号,37847,798.0,798.0,0.0211,甜蜜区,1,,,,水乳,"798.0赞 殷承宗：黄河协奏曲全解 钢琴协奏曲《黄河》早已超越了“一部钢琴作品”的范畴。它是世界上传播最广的中国钢琴协奏曲之一，被海外评论家誉为“最杰出的作品”。殷承宗带着这部作品走遍世界，演奏上千场，他的艺术生命与这部作品已经水乳交融。
殷承宗说：“《黄河》它已经超出了抗战的精神，它实际上象征了中华民族的精神，中华民族的崛起，中华民族五千年来一种拼搏的精神、敢于斗争敢于胜利的精神，所以它保留至今。”
从鼓浪屿的琴童到世界舞台上的钢琴家，从黄河岸边的纤绳到人民大会堂的掌声，殷承宗用大半生的时间，在黑白键上凿开了一条奔涌的河流。这条河流的名字，叫黄河。而它的涛声，至今仍在每一双触碰琴键的手中，轰然作响。
#抖音精选app征稿中 #抖音精选App新声季 #抖音音乐客厅 #黄河 #黄河协奏曲"
81,晶菁亮智慧服务,达人号,53600,407.0,961.0,0.0076,甜蜜区,3,,,,抗皱面霜/眼霜/面霜,961.0赞 #社会百态#眼霜#胶原玻色因眼霜#护肤
82,是可可吖✨,达人号,35137,670.0,670.0,0.0191,甜蜜区,1,,,,身体乳,670.0赞 自从有了它！我就再没用手涂过身体乳了！就是这个身体乳粉扑用过一次后你就会爱上它了！全程不脏手不吃乳液的！三两下就能搞定！真的是便宜又好用！#身体乳粉扑 #实用好物 #提升幸福感好物 #身体乳扑子
83,楠楠楠楠方-,达人号,15129,957.0,957.0,0.0633,甜蜜区,1,,,,黄黑皮,957.0赞 回复 @小小怪下士的评论 没用美白产品哈宝子们自己去搜就行，我一直用的#贝芙丝家的沐浴露，不知不觉真的白了很多，香味感觉有种大牌香水的味道，想变白的宝宝可以试试#清纯#沐浴露#变白#黄黑皮
84,雨行,达人号,19392,1182.0,1182.0,0.061,甜蜜区,1,,,,水乳/洗面奶,1182.0赞 以前我总以为洗面奶都差不多，直到用了这个cos抗氧洗面奶才发现，原来洗面奶不仅可以清洁还能改善面部暗沉，主要是用这个洗完脸不干反而有点滋润，化妆前不用涂水乳上妆就很服帖！！虽然都是洗脸，差别还是挺大的！#好物分享  #cos抗氧洗面奶#蜡黄暗沉  @코스힐 COSHEAL海外旗舰店
85,韩束KANS MEN男士护肤官方直播间,品牌号,166262,168.6,2727.0,0.001,甜蜜区,72,,,,毛孔粗大/洗面奶,2727.0赞 低成本变帅!鼻子黑头扎根?显脏显油?洗面奶一样能搞定!!
86,BUV护肤专场,达人号,73389,159.0,771.0,0.0022,甜蜜区,10,,,,洗面奶,771.0赞 【送正装 仅一天】养出婴儿肌男女通用BUV绿泥洗面奶
87,韩束洗护官方旗舰店精华号,品牌号,129581,57.2,665.0,0.0004,甜蜜区,20,,,,精华液,665.0赞 一开始我也不信！直到我用了#韩束头皮精华液 #头皮护理#头皮精华 #掉发
88,韩束化妆品专卖店,品牌号,414444,420.0,4255.0,0.001,甜蜜区,25,,,,水乳,4255.0赞 但凡你早点知道这个#国货 也不至于被斑点皱纹黑黄皮困扰这么多年#精华水乳#美白淡斑
89,自然堂官方美白喷雾直播间,品牌号,202603,173.8,2150.0,0.0009,甜蜜区,34,,,,护肤步骤/毛孔粗大/水乳/烟酰胺/痘印/精简护肤/美白精华/面膜/黄黑皮,2150.0赞 秋冬不想每天叠加一堆护肤步骤？自然堂VC美白喷雾，把美白直接加入每天的护肤流程
90,效妆护肤旗舰店,品牌号,71032,55.8,810.0,0.0008,甜蜜区,88,,,,毛孔粗大/水杨酸/闭口粉刺/面膜,810.0赞 但凡你早点知道这个，也不至于被#黑头闭口 #毛孔粗大 困扰这么多年！原来素颜掐出水是这种感觉 #效妆光感面膜
91,南方医大彭博士（禾贝祛痘专家）,专业号,137290,104.7,818.0,0.0008,甜蜜区,33,,,,洗面奶/痘印,818.0赞 孩子青春期长痘！禾贝祛痘洗面奶，温和控油清闭口 #禾贝祛痘洗面奶 #青春期护肤
92,韩束KANS身体护理官方直播间,品牌号,321882,114.7,1900.0,0.0004,甜蜜区,62,,,,烟酰胺/美白精华/身体乳/黄黑皮,1900.0赞 淡淡花果香超治愈！韩束身体乳美白保湿 中秋睡前涂连梦都是香的#治愈香氛 #韩束 #美白保湿身体乳 #睡前护肤 #中秋好物
93,希希sci✈️9.19-9.20品牌清货,达人号,94973,164.2,545.0,0.0017,甜蜜区,17,,,,屏障受损/皮肤管理,545.0赞 35+熟龄肌，离不开的就是颜骨炮 #皮肤管理 #干皮 #垮脸 #屏障受损
94,善善,达人号,385399,141.0,612.0,0.0004,甜蜜区,13,,,,毛孔粗大/洗面奶/痘印/精华液/精简护肤/面霜,612.0赞 爱熬夜脸油脸暗脸不亮的快试试这款#美白洗面奶#提亮肤色改善暗沉#素颜#洗面奶推荐#护肤
95,百雀羚官方胶原水光膜直播间,品牌号,373052,139.8,669.0,0.0004,甜蜜区,10,,,,抗老/面膜,669.0赞 百雀羚95周年庆就在今天，百雀羚胶原水光面膜大破价只要39.9！#百雀羚
96,韩束护肤旗舰店直播间,品牌号,253292,106.8,559.0,0.0004,甜蜜区,8,,,,修护精华/抗老/面膜,559.0赞 80支PDRN次抛，抗皱提拉双在线！ #韩束  #次抛  #抗老
97,韩束护肤直播,达人号,297576,180.1,680.0,0.0006,甜蜜区,22,,,,护肤干货/毛孔粗大/洗面奶/皮肤暗沉/闭口粉刺/黄黑皮,680.0赞 黑头闭口粉刺多？韩束小绿泥洗面奶，亚马逊白泥清洁，毛孔全变样 #韩束 #洗面奶#中秋
98,EIIO奕沃美妆旗舰店,品牌号,238031,43.7,750.0,0.0002,甜蜜区,64,,,,毛孔粗大/洗面奶/皮肤暗沉,750.0赞 越洗越亮的洗面奶，谁懂啊 #eiio好气色抛光洗面奶#护肤#抗氧
99,小怡佳,达人号,66200,3686.0,3686.0,0.0557,甜蜜区,1,,,,护肤教程,3686.0赞 大美女感很重的好皮肤护肤教程！！无广无美颜无滤镜 妮儿 跟练就行#变美 #日常唠嗑 #女王
100,Lyy,达人号,12840,692.0,692.0,0.0539,甜蜜区,1,,,,水乳,692.0赞 回复 @认蒸你就熟了的评论 宝宝们你们自己去搜吧 一直用的是维她白抗氧水乳，因为我很懒不想每次在脸上涂一大堆，这个每次用完脸都软软嫩嫩的.一整天都特别亮#手势舞#抗氧#美白水乳#护肤
101,Lu.xuan,达人号,13552,720.0,720.0,0.0531,甜蜜区,1,,,,洗面奶,720.0赞 终于找到我的人生洗面奶啦 #抗氧#女高#手势舞#护肤#维她白美白洗面奶
102,^林林^,达人号,10054,546.0,546.0,0.0543,甜蜜区,1,,,,洗面奶,546.0赞 谢谢，我要这个#afae抗氧洗面奶，
103,颠🐒,达人号,45884,2213.0,2213.0,0.0482,甜蜜区,1,,,,洗面奶,2213.0赞 渴望白是少女时代的淤青 #afae抗氧洗面奶#护肤#变白
104,小缘.,达人号,57220,2271.0,2271.0,0.0397,甜蜜区,1,,,,面霜,2271.0赞 上天入地我再也找不到这么好用的面霜了！#芷豆豆豆霜#护肤#甜妹#一件穿出美女感 #甜妹舞蹈穿搭 @抖音创作灵感
105,宝藏男孩,达人号,79694,571.9,2485.0,0.0072,甜蜜区,7,,,,美容师培训,2485.0赞 不对称的看这里 #宠物美容师 #宠物店 #宠物美容师培训 #雪纳瑞
106,崔夕夕,达人号,270366,2281.0,3538.0,0.0084,甜蜜区,2,,,,美妆博主/面膜,3538.0赞 扒下美妆博主的伪装！MAC你小子真抗测啊！ #MAC无瑕粉底液 #油皮粉底液 #夏日不脱妆挑战
107,团子要努力变强,达人号,45679,1687.0,1687.0,0.0369,甜蜜区,1,,,,祛痘精华,1687.0赞 回复 @脸颊笑的评论 别再问我脸上长痘用什么了，我用的是肤泊漫祛痘精华，脸上豆消了好多，d印也淡化，真的挺好用的 #肤泊漫祛痘精华 #痘痘
108,波罗波罗蜜🍯,达人号,15016,553.0,553.0,0.0368,甜蜜区,1,,,,黄黑皮,553.0赞 亮亮王炸漂亮素颜水低成本白透亮～宇宙无敌巨好喝 黄黑皮天菜 日常给皮肤喝得漂亮水真的很不错～现在正是石榴的季节，快去试试吧～ #花青素喝出好气色 #女孩子养颜的饮品 #玫瑰养颜饮 #养生 #黄黑皮逆袭
109,饼饼懿,达人号,21650,704.0,704.0,0.0325,甜蜜区,1,,,,水杨酸,704.0赞 咳咳 回复 @雷霆嘎巴无情哈拉少出门必带伏特加的评论 其实我很少花费心思在护肤上，只是习惯把清洁做好，一直在用芦卡肤洁面慕斯。我皮肤本身比较爱出油，换季的时候状态不稳定，还容易冒小疙瘩。里面有水杨酸+PCA锌，清洗得很干净，洗完不会假滑，想要温和控油、稳住皮肤状态的姐妹，可以试试看。  #油痘肌护肤 #洁面分享 #换季护肤 #自用好物
110,韩束KANS官方直播号,品牌号,413566,357.7,1901.0,0.0009,甜蜜区,7,,,,抗老/面膜,1901.0赞 爱人先爱己 一切向内求 希望我们都能成为更好的自己#逆袭 #护肤 #爱己 #去黄提亮 #细毛孔 #韩束黄金胶原炮面膜
111,秋页🍃,达人号,401384,703.0,713.0,0.0018,甜蜜区,2,,,,皮肤管理,713.0赞 在南京西路体验全套的秋季护肤大满贯，竟然已经卷到99了！#美容护肤 #皮肤管理 #女孩子的快乐
112,小羊睡不醒,达人号,30704,955.0,955.0,0.0311,甜蜜区,1,,,,护肤教程,955.0赞 回复 @小懒的评论 我来啦!上个视频很多问护肤教程的，宝宝你们自己去搜吧，我最近一直用的是维她白抗氧洗面奶，因为我很懒不想每次在脸上涂一大堆，这个每次用完脸都软软嫩嫩的.一整天都特别亮#清纯#抗氧#美白洗面奶#好皮肤
113,没事吃口饭,达人号,353323,9726.0,9726.0,0.0275,甜蜜区,1,,,,早C晚A/水乳,9726.0赞 来深夜放毒了，和我妈的夜宵时间！ #美食vlog #日常vlog #夜宵  #记录生活 #HBN早C晚A水乳pro
114,奶绿包,达人号,64165,1813.0,1813.0,0.0283,甜蜜区,1,,,,洗面奶,1813.0赞 找到自己的频道会充满生命力 #健身 #健身vlog #健身日常 #海洋至尊三棱镜洗面奶 #男士护肤就用海洋至尊
115,努力的干饭达人,达人号,240817,6217.0,6217.0,0.0258,甜蜜区,1,,,,水乳,6217.0赞 干饭日常｜芒果奶糕碗 开心果血糯米千层 #美食#甜品#珀莱雅红宝石套装#珀莱雅红宝石水乳
116,小飞侠,达人号,92264,2256.0,2256.0,0.0245,甜蜜区,1,,,,皮肤管理,2256.0赞 谁相信哀家马上40了~ 年轻真不看年龄，是整个人舒展的状态💛找到适合自己、简单好坚持的小习惯，然后好好坚持~#女性保养 #体重管理 #发量管理 #皮肤管理#形象管理
117,胡漂亮,达人号,29008,709.0,709.0,0.0244,甜蜜区,1,,,,水乳/油皮护肤/精简护肤,709.0赞 油痘肌百元本命护肤！芙清全家桶必吃榜 #精简护肤日常 #芙清凉茶水乳 #油痘肌 #油皮 #护肤
118,热,达人号,105847,2412.0,2412.0,0.0228,甜蜜区,1,,,,积雪草,2412.0赞 好皮肤才是最大的底气#芙效宁积雪草祛痘膏
119,飞仔Joey,达人号,26018,584.0,584.0,0.0224,甜蜜区,1,,,,痘印,584.0赞 网络热门护肤视频7 今天继续来看看网上还有哪些护肤野路子 #科学护肤 #敏感肌 #油痘肌 #痘印该怎么消 #敏皮护肤
120,龙虾面🖤,达人号,32311,709.0,709.0,0.0219,甜蜜区,1,,,,洗面奶,709.0赞 很多宝宝私信问我用的什么洗面奶，我一直在用芦卡肤，已经用空好几瓶啦。泡沫很绵密，洗完整个人都很清爽。出油多、偶尔冒小豆豆的肤质用着体验感超好的，有同样情况的宝宝可以试试看#芦卡肤祛痘洗面奶#洗面奶推荐#控油祛痘#手势舞#甜妹@DOU+小助手
121,豆豆子,达人号,217199,4654.0,4654.0,0.0214,甜蜜区,1,,,,护肤教程,4654.0赞 素颜好皮肤的护肤教程！#护肤分享
122,不和笨蛋丸,达人号,79409,1455.0,1455.0,0.0183,甜蜜区,1,,,,洗面奶,1455.0赞 嗯对 品牌方看到可以送我嘛 谢谢～#甜妹 #好皮肤 #美白洗面奶 #少女感 #维她白美白洗面奶
123,TaoTao抗老干货,达人号,196596,3857.0,3857.0,0.0196,甜蜜区,1,,,,抗老,3857.0赞 素人抗衰击败富豪！深扒7大平民抗衰法则！ 仅为个案效果，请酌情参考。如有不适请线下就医。 #长寿 #逆龄抗衰 #抗老 #健康习惯
124,Franco,达人号,283016,4655.0,4655.0,0.0164,甜蜜区,1,,,,眼霜,4655.0赞 眼周又老又干？赶快进来抄答案！ #眼霜
125,好困.没睡醒,达人号,202388,3523.0,3523.0,0.0174,甜蜜区,1,,,,水杨酸,3523.0赞 回复 @Hahaha：）的评论 其实我很少花费心思在护肤上，只是习惯把清洁做好，一直在用芦卡肤洁面慕斯。我皮肤本身比较爱出油，换季的时候状态不稳定，还容易冒小疙瘩。里面有水杨酸+PCA锌，清洗得很干净，洗完不会假滑，想要温和控油、稳住皮肤状态的，可以试试看。#koe摇 #油痘肌护肤 #洁面分享 #换季护肤 #自用好物
126,等家怡,达人号,43539,565.0,565.0,0.013,甜蜜区,1,,,,洗面奶,565.0赞 简直神来的！终于找到我的人生洗面奶了！#手势舞#好皮肤#美白洗面奶
127,我想喝胡辣汤,达人号,60680,855.0,855.0,0.0141,甜蜜区,1,,,,洗面奶,855.0赞 简直神来的！终于找到我的人生洗面奶了！#手势舞#好皮肤#美白洗面奶#甜妹#维她白美白洗面奶
128,海公主,达人号,70140,721.0,721.0,0.0103,甜蜜区,1,,,,洗面奶,721.0赞 少女时代的我想变漂亮，想拥有一个好皮肤 #暴走丫头 #洗面奶推荐 #控油祛痘 #今天穿什么 #芦卡肤祛痘洗面奶
129,优雅的农民工,达人号,166053,1478.0,1478.0,0.0089,甜蜜区,1,,,,洗面奶,1478.0赞 洗个脸跟洗泡泡浴一样 #日常#随拍#芭贝拉洗面奶
130,岐,达人号,93761,696.0,696.0,0.0074,甜蜜区,1,,,,面霜,696.0赞 成为你的什么好呢~#兔头妈妈#乳脂霜#好物分享#面霜#学生党
131,lululucia,达人号,77862,626.0,626.0,0.008,甜蜜区,1,,,,面膜,626.0赞 长大真好 赚钱真好 独居真好 专注自己便是最好的状态#独居#独居女孩的生活 #宅家#一个人生活#CB面膜仪
132,甜味儿酱,达人号,111646,782.0,782.0,0.007,甜蜜区,1,,,,洗面奶,782.0赞 干干净净的脸蛋 永远是加分项#手势舞 #萌 #洗面奶推荐#控油祛痘#芦卡肤祛痘洗面奶
133,陈加加,达人号,264095,1694.0,1694.0,0.0064,甜蜜区,1,,,,水杨酸,1694.0赞 出油反复长闭口？这支水杨酸洁面真的可以试试！ #适乐肤洗面奶#适乐肤水杨酸#洗面奶推荐 #油痘肌
134,小可爱,达人号,139509,792.0,792.0,0.0057,甜蜜区,1,,,,面膜,792.0赞 #有趣的头饰 #宝妈敷面膜 #卡通娃娃脸直播
135,轩轩儿,达人号,484641,789.3,2642.0,0.0016,甜蜜区,6,,,,屏障受损/面霜,2642.0赞 讲了n次的修护乳，不会还有油敏皮没用过吧#创尔美修护乳 #油敏皮护肤 #油皮修护 #修护面霜 #油痘肌修护
136,凰屿,达人号,130352,122.8,560.0,0.0009,甜蜜区,6,,,,面膜,560.0赞 秋冬护肤必备 海藻➕牛奶➕珍珠粉 减 黄 提亮 细腻 毛孔 #海藻面膜 #面膜 #护肤 #护肤分享 #平价护肤 2罐一起🈶️优惠
137,刘佳怡怡怡,达人号,261381,738.0,738.0,0.0028,甜蜜区,1,,,,洗面奶,738.0赞 沉浸式洗脸！把一天的疲惫都洗掉#洗面奶#护肤#nokdu发酵绿豆洗面奶
138,大眼邓小眼,达人号,217359,509.0,509.0,0.0023,甜蜜区,1,,,,身体乳,509.0赞 身体护理，宜早不宜晚！#身体护理 #身体乳 #秋季护理
139,叫我小喻,达人号,174271,580.0,580.0,0.0033,甜蜜区,1,,,,抗老,580.0赞 干皮换季越用越干？问题少了这一瓶金字塔抗老精华油！ #海蓝之谜奇迹精华油 #30+胶原抗老
140,抓个美女,达人号,306841,43004.0,43004.0,0.1402,甜蜜区,1,,,,面膜,43004.0赞 偶遇@漾漾不好吃，今天逛街会买什么？#购物#护肤#好物分享#达肤妍b5面膜
141,七飞的人生日记,达人号,400636,53837.0,53837.0,0.1344,甜蜜区,1,,,,面膜,53837.0赞 30岁小夫妻回农村/从早到晚嘴不停！又吃美啦 #妈呀太香了 #膜法世家二裂酵母面膜 #农村美食 #vlog
142,组乐茹贺系列产品,达人号,55232,547.8,1209.0,0.0099,甜蜜区,5,,,,胶原蛋白/面霜,1209.0赞 #抗皱紧致面霜
143,小小小满霜,达人号,10423,1289.0,1289.0,0.1237,甜蜜区,1,,,,眼霜,1289.0赞 又在这喂这个对眼霜 #大疆nano拇指相机#橘猫#猫咪吃播#沉浸式#小小小满霜
144,黄寸芷zzz🤪,达人号,397581,48884.0,48884.0,0.123,甜蜜区,1,,,,面膜,48884.0赞 日子还是4个人一起过才有趣✌#vlog #寸芷下班日记#佩尔赫乔融雪面膜
145,草本时光（七子白养肤皂）,达人号,53471,471.2,1223.0,0.0088,甜蜜区,5,,,,洗面奶,1223.0赞 化工洗面奶伤害皮肤，试试草本养肤皂，养成妈生好皮#草本时光养肤皂
146,秃头姐妹,达人号,88613,10573.0,10573.0,0.1193,甜蜜区,1,,,,面霜,10573.0赞 占便宜的人之“我以为是我的”…… #办公室日常#占便宜同事#露得清超A面霜#露得清a醇#露得清pingu联名
147,BUV护肤国货,达人号,79852,233.8,503.0,0.0029,甜蜜区,5,,,,洗面奶,503.0赞 BUV你是真敢送啊!为了给粉丝发福利，直接放大招拍二发六，快来看看吧!#BUV绿泥洗面奶 #蔡徐坤 #护肤好物 #开学 #平价好物
148,灵汐阁主小店,达人号,255246,223.8,683.0,0.0009,甜蜜区,5,,,,油皮护肤/烟酰胺/精华液/面膜/面霜,683.0赞 这#自然堂安瓶面膜 姐妹们快试试 #自然堂安瓶烟酰胺面膜 #面膜 #面膜推荐#我可真会买
149,雅诗兰黛白金,达人号,170786,289.8,1427.0,0.0017,甜蜜区,5,,,,面霜,1427.0赞 从《神话》中走来，玉漱公主白冰的愈龄秘诀是#雅诗兰黛白金黑神话面霜 ，细胞焕新，肌龄重塑，一瓶续写肌肤不老神话
150,袋鼠妈妈青少年洁面官方直播间,品牌号,217116,185.0,909.0,0.0009,甜蜜区,5,,,,氨基酸洁面/洗面奶/闭口粉刺,909.0赞 啊啊啊我的妈呀！用它真的可以越洗越亮！#袋鼠妈妈洁面乳 #洗面奶 #护肤好物#袋鼠妈妈全成长期护理专家
151,柚柚妈妈🌸,达人号,131072,13577.0,13577.0,0.1036,甜蜜区,1,,,,美白精华,"13577.0赞 凌晨十一点十五，孩子刚哄睡，老公突然叫醒我，要我妥协。
婚姻里，凭什么永远只要求女人退让？#全职妈妈 #宝妈日常#乎刻美白精华乳"
152,王美美,达人号,101562,9908.0,9908.0,0.0976,甜蜜区,1,,,,面膜,9908.0赞 孕晚期又约着姐妹们回娘家吃烧鸡啦，真的是吃美了#记录我的生活#日常vlog#孕期记录#护肤#欧诗漫美白淡斑面膜
153,Aztm-,达人号,63017,611.5,857.0,0.0097,甜蜜区,4,,,,洗面奶/精华液,857.0赞 这款美白祛斑精华液真的太好用了 #美白祛斑精华液 #精华液推荐 #太好用了
154,广西可乐（20号美白面膜发6盒）,达人号,115364,993.2,1880.0,0.0086,甜蜜区,4,,,,水乳,1880.0赞 如果谈到理解我妈，谈到孝心，在小的时侯，我已经尽孝了，她的做法和脾气，所有的脾气和缺点，我也没有记恨她大4赚到人生第一桶金就是让她扬眉吐气，不被别人说她不下蛋的母鸡，这么多年我也没有不管这个家。而且为了整体的大方向努力着。我带我奶奶上南宁，我对我奶奶好点，她就应该选择不要说话。@广西莎莎（7号美白淡斑水乳） @广西可乐好物分享版 @六六奶奶 #有孝心的人运气不会差 #婆媳 #随拍记录生活
155,熊猫不爱笑,达人号,234977,867.5,2722.0,0.0037,甜蜜区,4,,,,面膜,2722.0赞 咱也不知道哪根筋搭错了 突然跟我说要去广州散心20号又要播佩尔赫乔了他回来没两天我又要走了 这一天天的真不知道咋整了#婚后生活 #夫妻冷战 #佩尔赫乔融雪面膜 #佩尔赫乔 #PDRN融雪面膜
156,暖宝吖🍎,达人号,212761,384.2,1096.0,0.0018,甜蜜区,4,,,,身体乳/面霜,1096.0赞 入秋后，又给孩子回购了#贝德美 这款婴儿多效霜，真的是便宜又好用，蓝甘菊精粹温和护肤，宝宝用着放心#儿童面霜#贝德美多效霜#宝宝面霜
157,上上要向上（19号10点奥贝兰绿色新面霜,达人号,233590,437.2,1090.0,0.0019,甜蜜区,4,,,,水乳/面霜,1090.0赞 新品面霜重磅来袭，一套去黄提亮水乳，再来一套绿色舒缓修护的还有我们的新品绿色面霜，拍一发5件套，19号我们不见不散！
158,旭东,达人号,177531,15368.0,15368.0,0.0866,甜蜜区,1,,,,水乳,15368.0赞 我妈这次真闯祸了，竟然把玉儿的名字喊错了，我紧忙去找姐夫给出招#日常vlog#吵架#有生之颜时光锁水乳
159,皮肤科田歆主任,达人号,394957,481.5,1089.0,0.0012,甜蜜区,4,,,,护肤干货/油皮护肤/精简护肤,1089.0赞 网红药别跟风（二）想美白淡斑，氨甲环酸片到底能不能吃？ #美白  #黄褐斑  #抖出健康知识宝藏  #护肤干货  #知识科普
160,Aucuz奥札官方旗舰店,品牌号,229671,147.0,585.0,0.0006,甜蜜区,4,,,,防晒霜,585.0赞 早八人通勤用的防晒居然还能养肤？ 日常通勤用刚好，不含酒精还能养护肌肤，赶时间的早八党太合适啦#防晒霜 #通勤 #早八通勤 #日常通勤防晒 #不网感但能换头的淡妆
161,菠菜本菠,达人号,10093,829.0,829.0,0.0821,甜蜜区,1,,,,面霜,829.0赞 你们都说我皮肤好是吧！爱用来了 #护肤分享#好皮肤 #自用好物分享#换季护肤#面霜推荐
162,小强凌凌柒,达人号,12110,970.0,970.0,0.0801,甜蜜区,1,,,,防晒霜,"970.0赞 你的persona呢？快叫出来啊！【明日方舟x P3R】 #明日方舟创作者应援计划 #明日方舟 #月行水上 #结城理 
让我看看谁还没有人格面具

借物表：
F式 阿米娅
baka 陈、Q版陈
防晒霜 凯尔希
クロノ式 能天使 、博士
Persona3 reload
场景:eda玖棠 陈的办公室、罗德岛现代音乐排练室 R.I. Studio"
163,彭七柚,达人号,274099,20710.0,20710.0,0.0756,甜蜜区,1,,,,洗面奶,20710.0赞 沉浸式体验驱车五个小时山姆买爽的一天#vlog日常 #第一视角 #婚后生活  #山姆#hbn氨基酸洗面奶
164,有果子,达人号,79688,5478.0,5478.0,0.0687,甜蜜区,1,,,,身体乳,5478.0赞 我家土象鸿哥有自己的主动和选择性被动！每天都收演绎的淋漓尽致，会嫌我拖地不干净不让我上手，也会嫌擦身体乳麻烦直接一个土象沉默！#生活的烟火气息 #人夫感 #土象 #我和室友的日常 #vlog七天打卡
165,玛姬老大,达人号,72901,4892.0,4892.0,0.0671,甜蜜区,1,,,,胶原蛋白,4892.0赞 上班带娃两头顾，又是充实满满的一天！ #香港生活 #日常vlog #高能量 #丸美胶原小金针精华#重组胶原蛋白
166,老王爱带娃,达人号,14235,921.0,921.0,0.0647,甜蜜区,1,,,,面霜,921.0赞 何其有幸遇见这么好的婆婆，我真的太幸福了 #一页儿童面霜 #老爸测评#婆媳 #面霜 #崔玉涛
167,小马很温柔,达人号,50951,405.7,1029.0,0.008,甜蜜区,3,,,,洗面奶,1029.0赞 姐妹们，我对象替你们试过了!这#蔡徐坤代言的#buv绿泥洗面奶真的夯!!#控油#大一新生
168,笑容加个人护理旗舰店,品牌号,66453,310.7,904.0,0.0047,甜蜜区,3,,,,早C晚A/美白精华,904.0赞 早 C 晚 A 不如早白晚白！usmile 双管美白牙膏，早上清新晚上美白，24 小时牙齿在线发光 #usmile 双管美白精华牙膏 #
169,H在韩日记,达人号,238175,14649.0,14649.0,0.0615,甜蜜区,1,,,,早C晚A/水乳,14649.0赞 在韩国农村我们也能够一年四季水果不断，爷爷家又到吃黄桃的季节～#vlog日常 #农村生活 #HBN早C晚A水乳pro
170,荣婷婷,达人号,77331,2592.5,2641.0,0.0335,甜蜜区,2,,,,面膜,2641.0赞 入秋了，做一次老式辣椒沫@王北四19号8点人皮面膜新品韩国首发！ #记录真实生活 #农村美食 #辣椒酱 #东北秋天必做老式辣椒沫
171,丽颖✔,达人号,149806,505.7,1101.0,0.0034,甜蜜区,3,,,,面膜,1101.0赞 平台呀，人家愿意发，哎呀，人家这是正能量宣传，那比我这儿多的多了，你咋不管呢？你为什么老光看着我呢？我这就是正能量。哎，面膜，内裤展。#床上拉伸腿部
172,明宇车城 | 哲明,达人号,221728,1126.7,1485.0,0.0051,甜蜜区,3,,,,面膜,1485.0赞 我实在忍不了了， 我今天非得给你曝光出来！！！！！！！！！！！！！！！@露姐👑明宇夫妇9月21日安牡丹面膜专场 #酒后行为艺术家 #迷惑行为大赏 #酒后迷惑行为 #夫妻日常 #明宇车业
173,谷燎子（老板和我们）,达人号,446163,2199.7,2848.0,0.0049,甜蜜区,3,,,,洗面奶,2848.0赞 感觉空唠唠的～ #老板和我们 #谷燎子 #梵美仕洗面奶 #梵美仕
174,yyyyY,达人号,14620,873.0,873.0,0.0597,甜蜜区,1,,,,洗面奶,873.0赞 很多宝宝问我护肤，我平时用的是维她白洗面奶，我觉得比之前用过的那些都好用，每次洗完脸都嫩到不行，宝宝们可以试试~ #维她白美白洗面奶  #手势舞 #校园 #学生党#fyp
175,大窝瓜,达人号,125815,521.3,1525.0,0.0041,甜蜜区,3,,,,黄黑皮,1525.0赞 黄黑皮选底妆拒绝假白发灰，贴合原生肤色放大你自带的质感优势 #黄黑皮 #亚裔妆 #遮瑕粉底液 #粉底液  #化妆分享
176,二哥二嫂爱东北,达人号,94997,445.7,698.0,0.0047,甜蜜区,3,,,,皮肤管理,698.0赞 一家人在一起不能互相挑剔，有话要说出来@铂医堂皮肤管理(抚远店)专用号 tang#农村盖房那些事 #记录真实生活 @抖音 @抖音作者助手 @
177,幺妹儿吖,达人号,418760,483.0,1438.0,0.0012,甜蜜区,3,,,,祛痘精华/精华液/面膜,1438.0赞 爱熬夜吃辣的赶紧薅这个薇诺娜正装羊毛！#薇诺娜#薇诺娜清痘净肤面膜
178,T-UNCLE,达人号,482311,578.3,1327.0,0.0012,甜蜜区,3,,,,抗老/早C晚A/眼霜/面霜,1327.0赞 官方直播间上架全流程套餐！ @EIFI护肤旗舰店 新套餐，水精华霜面霜，四件套，拍4发8！
179,小铜钱,达人号,139399,220.3,552.0,0.0016,甜蜜区,3,,,,身体乳/防晒霜,552.0赞 补货啦 #身体乳 #身体冷霜 #不粘腻身体乳 #皮肤干燥 #秋冬保湿
180,张-张,达人号,79371,4692.0,4692.0,0.0591,甜蜜区,1,,,,面膜,4692.0赞 不奥德赛时期了！哥现在纯过日子人✅ #情侣日常 #迷惑行为大赏 #敷面膜
181,妆点儿13,达人号,194223,378.3,812.0,0.0019,甜蜜区,3,,,,抗老/身体乳/面膜,812.0赞 干皮秋冬的底气！你真的有点东西… #依泉C8特润霜 #依泉特润霜 #依泉身体乳 #修护从依泉开始#身体护理
182,Chlo1羊,达人号,10323,605.0,605.0,0.0586,甜蜜区,1,,,,油皮护肤/精简护肤,605.0赞 gUrwm 混油皮卸妆后 #精简护肤日常 #混油皮 #护肤 #gurwm #护肤好物分享
183,任亿万,达人号,200653,275.7,741.0,0.0014,甜蜜区,3,,,,黄黑皮,741.0赞 黄黑皮选提亮液总是踩雷或者假白发灰的，这款提亮质地水润轻薄不卡粉很自然！#提亮液 #面中提亮 #提亮 #底妆 #面部提亮液
184,瑞秋,达人号,10296,608.0,608.0,0.0591,甜蜜区,1,,,,黄黑皮,608.0赞 不会贴睫毛画眼线的新手 最适配你的妆容出现了！！ #不贴睫毛的妆容 #顶级变美进化论  #repo #黄黑皮变美思路 #草木系妆容
185,炸炸,达人号,489652,248.0,650.0,0.0005,甜蜜区,3,,,,抗老/护肤干货/胜肽/面霜,650.0赞 肽为什么这几年爆火？真好用吗？ #司美格鲁肽 #胜肽 #抗老精华 #抗老面霜 #提拉紧致抗皱
186,胖妹的生活日记,达人号,24159,1363.0,1363.0,0.0564,甜蜜区,1,,,,面膜,1363.0赞 有没有懂牙的姐妹，我这个牙齿到底怎么回事#记录我的日常生活#记录我的乡村生活#eLL面膜#透亮好气色
187,Xin欣欣,达人号,15671,865.0,865.0,0.0552,甜蜜区,1,,,,洗面奶,865.0赞 我换了很多洗面奶 用的最多的还是这个维她白 毫不夸张 你就是我用过最好用的！！#好皮肤#素颜#对口型#女高#维她白美白洗面奶
188,amangul~本人,达人号,188827,9541.0,9541.0,0.0505,甜蜜区,1,,,,面霜,9541.0赞 💧 #护肤好物分享 #好物推荐🔥 #面霜 #水光肌 #好用
189,太原四妈日常,达人号,14681,278.0,541.0,0.0189,甜蜜区,2,,,,水乳/眼霜/面霜,541.0赞 带咱家阿姨用一下咱家的眼霜，效果真的不错！ #太原四妈刘小娟 #兴都贵宾楼 #太原四妈 #佐妍#佐妍
190,黑大姐卓玛母子小号👩‍👦,达人号,22099,456.5,843.0,0.0207,甜蜜区,2,,,,烟酰胺/面膜,843.0赞 #芭姿娜 #玫瑰护肤 #保湿补水 #紧致淡纹 #红茶面膜 烟酰胺二裂酵母
191,然小然,达人号,70582,3448.0,3448.0,0.0489,甜蜜区,1,,,,面霜,3448.0赞 卖萌偶尔失手，脸蛋从未出错 #蔚蓝档案 #佳代子 #天童爱丽丝#芷豆豆豆霜#油痘肌面霜
192,板凳母女,达人号,374505,18595.0,18595.0,0.0497,甜蜜区,1,,,,面膜,18595.0赞 妈妈40多岁还没穿过婚纱，今天我带妈妈圆梦#记录真实生活#膜法世家二裂酵母面膜#婚纱照 #日常vlog
193,北山墙.,达人号,20511,999.0,999.0,0.0487,甜蜜区,1,,,,黄黑皮,999.0赞 听DJ化妆就会……#黄黑皮 #亚裔妆 #新手化妆教程 #dj化妆 #修容
194,邱邱～大福麻麻,达人号,193781,9137.0,9137.0,0.0472,甜蜜区,1,,,,早C晚A/水乳,9137.0赞 高能量妈妈第一视角 山姆收纳 晚间日常。#第一视角vlog #婚后生活  #山姆分装 #HBN早C晚A水乳pro
195,黄芬芳,达人号,62788,2849.0,2849.0,0.0454,甜蜜区,1,,,,水乳,2849.0赞 超，这顿饭有没有点太随便了 #我一口饭都不会少吃#高蛋白饮食 #HBN原白水乳 #好东西一起分享
196,委屈的薰衣草,达人号,24473,1134.0,1134.0,0.0463,甜蜜区,1,,,,祛痘精华,1134.0赞 回复 @可乐加冰块❄️的评论 不带货哈宝子们自己去搜就行，我用的去dou的是肤泊漫祛痘精华，脸上豆消了好多，d印也慢慢淡化，宝宝可以试试#肤泊漫祛痘精华 #痘痘#甜妹#穿搭#慢摇
197,顺遂,达人号,16282,713.0,713.0,0.0438,甜蜜区,1,,,,洗面奶,713.0赞 宝宝们自己去搜吧，最近一直用的维她白抗氧洗面奶，因为我很懒不想每次脸上涂一大堆，这个每次用完脸都软软嫩嫩的.一整天都特别亮#抗氧#学生党#好皮肤#维她白美白洗面奶
198,考拉fufu,达人号,486818,21435.0,21435.0,0.044,甜蜜区,1,,,,成分科普,21435.0赞 十年敏感肌坦白局!烂脸泛红也能救回来!? #蒂佳婷#蒂佳婷324浓修彩丸#PDRN#成分科普#护肤成分
199,小茶来了,达人号,323568,13277.0,13277.0,0.041,甜蜜区,1,,,,精华液,13277.0赞 会尊重孩子变美，这种父母谁不羡慕！ #剧情#家庭 #优斐斯氨甲环酸精华液
200,蓝姐🔥,达人号,22456,927.0,927.0,0.0413,甜蜜区,1,,,,水乳,927.0赞 我们家我爸爸只留下我们三兄妹。个个都成家了，都有孩子了，都比较难的。很难得回来我家，没有什么送给我弟媳给他们。发一个红包给弟媳和她小孩，给一套护肤品给我弟媳用，我自己自带自用的七件套护肤品。好用又划算，天气凉了，天气准备冷了，多去护肤，多去擦水乳霜，皮肤才不会容易干干燥燥🥰你们有需要的也可以去我櫉窗里面逛街呀#好物推荐🔥 #记录真实生活 #农村生活
201,陀陀娃,达人号,23079,943.0,943.0,0.0409,甜蜜区,1,,,,面膜,943.0赞 干妹仔最近不正常呀，又是敷面膜又是减肥的，老乡些，你们给我分析一下她是不是有情况呀#我的乡村生活
202,好奇Huggies,达人号,179270,6709.0,6709.0,0.0374,甜蜜区,1,,,,面膜,6709.0赞 好奇奢金「屁屁面膜」裤 新生顶配 源自母胎奢护，模拟母源精华，强韧肌肤屏障+98% 如蚕丝面膜般柔软，顶配0.6D极细纤维  #好奇奢金屁屁面膜裤 #好奇屁屁面膜纸尿裤 #好奇屁屁面膜 #好奇
203,正子,达人号,365507,13581.0,13581.0,0.0372,甜蜜区,1,,,,面膜,13581.0赞 vlog|正子和老板第一次一起播服装的天 #单眼皮的小黄豆 #任权薛小婉 #工作vlog#敏飞面膜
204,无眠,达人号,15613,572.0,572.0,0.0366,甜蜜区,1,,,,积雪草,572.0赞 积雪草煮水？没那么差 毕生之研这个厚脸皮水我本来前两天我写了一个内容，只是想吐槽一下，很多植物提取物动辄加个三五十，其实没什么太大用这个事儿  结果，他们的品牌方找到我说，好多人拿着那个视频去找品牌方进行退款。这真的是出乎我的意料之外。  毕生之研的这个厚脸皮水，它没有那么差。它 200 多毫升只卖 100 块钱，不说别的，光里面这 3% 的传明酸就绝对值回票价  我个人并没有觉得这个产品是绝对多么不可购买，或者说不可替换的产品，它没有好到那种程度，但是它绝对也没有到雷品的程度  如果你就需要一个日常基础修护、偏向于干皮的爽肤水，那我觉得它还是一个不错的可以选择的产品
205,一颗橙子🍊,达人号,68056,427.5,849.0,0.0063,甜蜜区,2,,,,闭口粉刺/面霜,849.0赞 小孩姐从小护肤的意识已经打败了90%的人✨ #袋鼠妈妈小暖霜 #骗你生女儿 #萌娃 #儿童面霜
206,Purple竺,达人号,112589,3907.0,3907.0,0.0347,甜蜜区,1,,,,洗面奶,3907.0赞 老铁们 这真是我的挚爱洗面奶 #优时颜B5至简洗面奶 #近距离社交美学
207,【南宁】三只兔皮肤管理中心,达人号,22542,795.0,795.0,0.0353,甜蜜区,1,,,,皮肤管理,795.0赞 第一视角皮肤管理店老板的日常！ #南宁皮肤管理 #三只兔日韩皮肤管理中心 #美业第一视角 #南宁皮肤管理 #美业vlog
208,猫猫,达人号,14991,536.0,536.0,0.0358,甜蜜区,1,,,,精简护肤,536.0赞 19💰新手护肤全套攻略！买对不买贵！ hihi大家～这期从基础补水、痘痘闭口、白白、泛红、k 老各个功效选一个，大家可以根据自己皮肤情况叠加哦！！单纯分享，审核员请不要误判哦～#大学生好物推荐 #学生党平价护肤 #护肤分享 #学生党平价安利 #精简护肤好物
209,方圆脸的园！,达人号,27442,921.0,921.0,0.0336,甜蜜区,1,,,,面霜,921.0赞 瑕疵皮如何打造妈生奶油肌 瑕疵皮原生好皮全靠它！必看！#Za有色面霜  #有色面霜 #素颜 #水光肌 ##DOU群星闪耀时
210,台湾雯子小号,达人号,129353,476.0,788.0,0.0037,甜蜜区,2,,,,抗皱面霜/面膜/面霜,788.0赞 活动价89两瓶，韩国原装进口高效保湿抗皱 面霜#好物推荐🔥
211,可爱星球球草,达人号,53038,1736.0,1736.0,0.0327,甜蜜区,1,,,,眼霜,1736.0赞 也是赶上好闺蜜了🤡 #旅行 #构象 #构象编织眼霜 #闺蜜 #可爱星球球草
212,拾三三三,达人号,29193,977.0,977.0,0.0335,甜蜜区,1,,,,眼霜,977.0赞 想孩子的一天……#vlog日常#二胎宝妈#流量扶持#罗丽芬水光炮眼霜
213,达珍美食记 中号🎺,达人号,87277,387.5,687.0,0.0044,甜蜜区,2,,,,眼霜/防晒霜,687.0赞 #【奥色木】虫草眼霜眼皮松垮眼袋抗皱淡化细纹提拉紧致
214,孙稀饭💭,达人号,79434,2667.0,2667.0,0.0336,甜蜜区,1,,,,面膜,2667.0赞 空姐vlog | 高能量空姐的极限36小时 好状态都是自己救出来的 #空姐#日常vlog #佩尔赫乔融雪面膜
215,小淑儿的日常,达人号,140267,667.0,1244.0,0.0048,甜蜜区,2,,,,面膜,1244.0赞 妈呀，本来擦完鱼子酱面膜开开心心的，结果床上居然有一个人#小淑儿 #鱼子酱面膜#前夫又又又想复婚了 #女人爱美不分年龄
216,袁不肉（减脂塑形）,达人号,109993,446.5,793.0,0.0041,甜蜜区,2,,,,护肤干货/痘印,793.0赞 健身后频繁爆痘的4个原因。 健身前我的脸是很干净的，健身后我就开始频繁长痘，减期也会有痘印。以前老是认为是力量训练和饮食导致的，但其实从根源讲，是我们身体内部出现了易长痘的四个原因。#健身长痘 #长痘原因
217,贝贝妈的小日常,达人号,226194,451.5,603.0,0.002,甜蜜区,2,,,,面膜/面霜,603.0赞 入秋了妈妈们给孩子的秋冬面霜准备好了吗，秋风起孩子脸蛋赶紧呵护，我们家用了几年这个紫色瓶#秋冬面霜宝宝 #小朋友面霜
218,七哥很忙,达人号,247116,530.5,867.0,0.0021,甜蜜区,2,,,,抗老/身体乳,867.0赞 别盲目涂身体乳了，资深老玩家实测！ #依泉C8特润霜 #依泉特润霜 #依泉身体乳 #修护从依泉开始#身体护理
219,FERLUNA主账号❤️,达人号,200471,540.0,879.0,0.0027,甜蜜区,2,,,,护肤步骤,879.0赞 晚间护肤步骤#晚间护肤#护肤步骤#分享一下我的日常护肤
220,π总历险记,达人号,353898,9949.0,9949.0,0.0281,甜蜜区,1,,,,面霜,9949.0赞 来看看23个月小朋友早起照顾自己有多独立自主#可爱萌娃 #宝宝日常vlog#启初胚米面霜#启初 #宝宝面霜
221,课代表阿婷,达人号,18252,518.0,518.0,0.0284,甜蜜区,1,,,,面霜,518.0赞 婴儿用品的惊人爆料 #母婴用品  #一页儿童面霜 #老爸评测 #面霜 #崔玉涛
222,阿林的晚餐,达人号,352030,9469.0,9469.0,0.0269,甜蜜区,1,,,,面膜,9469.0赞 三刷胖东来，这次逛的真过瘾！#胖东来超市 #逛街买买买 ##敷尔佳乳糖酸面膜 #敷尔佳乳糖酸次抛
223,凤姐姐的小店,达人号,328228,311.5,559.0,0.0009,甜蜜区,2,,,,精简护肤/面膜,559.0赞 用一次就爱上的#山羊奶面膜 #面膜推荐#好皮肤养出来
224,菲娅Gulfihan,达人号,452834,332.0,573.0,0.0007,甜蜜区,2,,,,皮肤管理/身体乳,573.0赞 39岁阿姨的抗痘日记 #上热门话题 #护肤 #痘痘 #皮肤管理 @欧利艳皮肤管理
225,济南的冬天,达人号,20358,554.0,554.0,0.0272,甜蜜区,1,,,,痘印,554.0赞 每到一个国家、一个省、一个市，我都喜欢到当地繁华市中心走走，多看看美女。对，我就是坦荡荡地看美女，没有啥不好意思的。我在全国都记不清采访过多少人了，尤其以40岁以上的人居多，每次我请他们简单回顾自己这一生的经历，多数人都会讲起小时候如何度过饥饿、寒冷、贫穷、拮据的难堪岁月，有些人讲着讲着，一把心酸难以释怀，突然就当着你的面老泪纵横，难以自已。在物质极其匮乏的时期，目前还在世的，从1940到1970年代出生的这一大波人，大部分都是在营养不良中长大的，造成大量人群身材矮小、瘦黄、皮肤粗糙，并留下胃痛、支气管炎、肺炎、贫血、骨质疏松、缺钙等等各种小毛病，在我采访过程中，没啥小毛病的健康中老年人极为少见。饭都吃不饱，那基本的医疗更难以保障，所以以前很少出现样貌极佳的帅哥美女，本来这个人长得不错，但龅牙、牙齿不齐、鸡胸、高低肩、O型腿、痘印疤痕、面黄肌瘦，这些常见问题，很容易拖垮一个人的容貌。我印象中龅牙最为多见且杀伤力最强，同龄人里头，许多颜值不错的同学同事，都毁于龅牙。但龅牙是可以治疗的，放现在就是个只需要微调就能搞定的小事情，但以前大家可没钱收拾龅牙，极大地破坏了五官美。后来生活一变好，大家有钱给牙医治疗，现在的小孩子几乎见不到龅牙，许多同龄人的龅牙也都消失了。人只要变好看，精气神也变自信了，走出去的气质就完全变了，整个社会的美感都提升了不少。我一直反对大量搞医美，把脸整得亲妈都不认识，但我赞同做一些微调和微整形，天生小缺点该修就修，没必要啥事都强求纯天然。物质生活变好后，从80后开始，年轻人越长越高，越长越好看。现在小朋友已经见不到丑小孩了，吃得好又可以微调，缺点一修复，你会发现大街上的人比以前好看多了，大部分都肤白个高、发乌眉黛，各有各的特点，各有各的美。因为极为辛苦的体力劳动，都逐渐被机器代替，人们的美貌能维持更长时间，也不会轻易被伤害被破坏。人变美的背后，是中国每年消耗掉的6000万吨猪肉、1200万吨牛肉、6800万吨海鲜、4100万吨国产原奶、5.9亿吨蔬菜，以及3.66亿辆汽车、5万公里高铁、19万公里高速、900万台大型机械、4700架民航、3.6亿套城镇住房、3.8万家医院。我从来不相信，古代的四大美女，能比现在一个市甚至一个县的顶美好看，因为古代的营养和医疗水平，无法让美貌达到一定高度，也很难让美貌长期维持。很可能现在我们一个校的校花，就达到并超过了
226,爷栗子,达人号,20078,558.0,558.0,0.0278,甜蜜区,1,,,,美妆博主,558.0赞 你就用吧，不好用别找我。 #女生幸福感好物 #提升幸福感的可爱单品 #假装美妆博主 #少女心杂物 #少女感养成
227,冰冰不冰,达人号,238821,5874.0,5874.0,0.0246,甜蜜区,1,,,,面膜,5874.0赞 这么贴心的女友哪里找？#面膜
228,一诺碎碎念,达人号,232945,6117.0,6117.0,0.0263,甜蜜区,1,,,,面膜,6117.0赞 舞蹈生周末日常vlog #舞蹈生 #vlog #日常vlog #神秘博士酸果复合酶焕颜涂抹面膜
229,闻息,达人号,404436,10451.0,10451.0,0.0258,甜蜜区,1,,,,面膜,10451.0赞 出月子第二弹开启! #二胎 #vlog日常 #变美 #高姿面膜
230,小止,达人号,331829,7728.0,7728.0,0.0233,甜蜜区,1,,,,面霜,7728.0赞 弟弟看不下去我的行为了.... #在拍一种很新的vlog #啃老 #海龟爸爸小蓝瓶 #青少年面霜 #副业
231,突如其来的闪闪,达人号,120950,2872.0,2872.0,0.0237,甜蜜区,1,,,,面膜,2872.0赞 忙忙碌碌当模特的一天 #vlog #vlog日常#佩尔赫乔融雪面膜
232,深夜翠花,达人号,355319,7662.0,7662.0,0.0216,甜蜜区,1,,,,水乳,7662.0赞 KPL决赛日，后台都在做什么？#深夜翠花 #翠花爆改 #KPL #雪花秀人参水乳
233,小章要自律,达人号,285041,5996.0,5996.0,0.021,甜蜜区,1,,,,眼霜,5996.0赞 日复一日的陪伴里 总是有新的快乐#三月龄宝宝#新手爸妈#百天啦#丸美小红笔眼霜#丸美小红笔cp
234,回答在牛奶箱里,达人号,98007,2064.0,2064.0,0.0211,甜蜜区,1,,,,眼霜,2064.0赞 第354集｜休息日：普拉提➕一锅随性糯米 饭#日常vlog #vlog日常 #纪录美好生活 #记录真实生活#HBN咖啡因眼霜
235,红梅爱生活,达人号,70156,1494.0,1494.0,0.0213,甜蜜区,1,,,,洗面奶,1494.0赞 闺女大了，知道心疼父母了，会过这方面随人家老坤的了。姐妹们明天祛斑三件套有活动又订了300只洗面奶，免费送的，明天记得早点来哟。 #记录真实生活
236,Ruuin.（大板牙,达人号,42063,861.0,861.0,0.0205,甜蜜区,1,,,,洗面奶,861.0赞 回复 @烤冷面粉碎机💞的评论 宝宝你们自己去搜吧，我最近一直用的是维她白抗氧洗面奶，因为我很懒不想每次在脸上涂一大堆，这个每次用完脸都软软嫩嫩的.一整天都特别亮#女高#抗氧#美白洗面奶#严成玹进行曲 #holymoly
237,司空震的耐头,达人号,163939,3348.0,3348.0,0.0204,甜蜜区,1,,,,洗面奶,3348.0赞 我的好皮肤是洗面奶给的 #afae抗氧洗面奶 #护肤 #素颜
238,赵三龄,达人号,129767,2384.0,2384.0,0.0184,甜蜜区,1,,,,面霜,2384.0赞 从150斤浑身冒油的黄胖子… 到现在体重53kg，我日常生活中的一点变美思路📖 #变美#变白#饮食#面霜#赵三龄
239,了不起的汤圆Su,达人号,64493,1227.0,1227.0,0.019,甜蜜区,1,,,,水乳,1227.0赞 旅行适配度10000%的刚需夯物！ #胸贴#芙清凉茶水乳 #托特包 #身体素颜霜 #大容量包包
240,分我点牛酿,达人号,34706,643.0,643.0,0.0185,甜蜜区,1,,,,水乳,643.0赞 商家也没说天天用这个护肤就能白这么快呀#维她白抗氧水乳#变白#护肤#抗氧#女大
241,峰颖夫妇（两个儿子版）,达人号,47107,839.0,839.0,0.0178,甜蜜区,1,,,,眼霜,839.0赞 23个月小鸿烨的一天volg#带娃#二胎宝妈#小朋友的快乐就是如此简单 #罗丽芬水光炮眼霜
242,拐棍哥豆包妈本人,达人号,59441,1091.0,1091.0,0.0184,甜蜜区,1,,,,面膜,1091.0赞 #拐棍哥 #豆包妈妈 #闪身步 结尾也是用上了！豆包妈在敷面膜，被拐棍喊来当背景板，无处可躲。~我就说网上能学到真东西#德海顿牡蛎面膜 #我就说网上能学到真东西
243,杜掌柜,达人号,93529,1739.0,1739.0,0.0186,甜蜜区,1,,,,面膜,1739.0赞 呆婆婆既然还贴面膜🤣 自从有了这呆婆婆，我的生活就没有了空间，这还不说，我的日用品，衣服每天翻个遍，这还不说，关键是，她给你拿去藏起来，问她不承认，不要他翻这个，他就去翻那个，这还不说，一眨眼就溜，到外面去，没多久就搬一个东西来，又把店里的东西搬出去到处放，反正就是停不下来#我就没见过这样的呆婆婆#总有一天要把我气倒😂
244,吴少,达人号,95469,1727.0,1727.0,0.0181,甜蜜区,1,,,,洗面奶,1727.0赞 回复 @不想上课的评论 宝宝问的洗面奶来啦，我一直在用芦卡肤，已经用空好几瓶啦。泡沫很绵密，洗完整个人都很清爽。出油多、偶尔冒小豆豆的肤质用着体验感超好的，有同样情况的宝宝可以试试看#洗面奶推荐#控油祛痘#芦卡肤祛痘洗面奶
245,饭团头小子,达人号,31722,603.0,603.0,0.019,甜蜜区,1,,,,黄黑皮,603.0赞 今天素摆脱无效化妆滴黑皮少年感建模妆～#男生化妆怎么了 #男生化妆 #有手就会的男生化妆教程 #黄黑皮妆容 #百万美妆新星计划
246,Kry4tal,达人号,177854,3478.0,3478.0,0.0196,甜蜜区,1,,,,皮肤管理,3478.0赞 大学老师下班后一小时｜千呼万唤的零毛孔好皮肤养成记来啦#护肤  #皮肤管理 #零毛孔水光肌
247,好饿,达人号,143912,2325.0,2325.0,0.0162,甜蜜区,1,,,,精华液,2325.0赞 #勃乐达 #勃乐达女用精华液  @勃乐达医药专卖店健康臻选 #holymoly严成玹 #holymoly #严成玹dj摇
248,两粒灰,达人号,114856,1844.0,1844.0,0.0161,甜蜜区,1,,,,面霜,1844.0赞 油皮史上坠不吃压力之霜出现了！！#测评 #护肤#面霜#油皮换季#好物分享
249,井零,达人号,314932,4894.0,4894.0,0.0155,甜蜜区,1,,,,水乳,4894.0赞 不到两百！一套搞定换季出油敏红且焕亮的香香水霜～油皮不秋悲！ #护肤 #秋冬护肤 #溪木源敏感肌 #溪木源层孔菌智控水乳
250,人间于此(小周),达人号,51725,860.0,860.0,0.0166,甜蜜区,1,,,,水乳,860.0赞 夫妻在浙江租房打工带饭上班，两人一起上下班的打工生活#内容过于真实 #带饭上班 #打工人的生活 #科颜萃双抗水乳
251,沁沁然oo,达人号,209070,3228.0,3228.0,0.0154,甜蜜区,1,,,,面膜,3228.0赞 ASMR当路人脸客妹想化成建模怪 #蒂佳婷面膜 #韩国面膜 #蒂佳婷蓝丸#asmr#助眠
252,爹爹没有昵称,达人号,158231,2537.0,2537.0,0.016,甜蜜区,1,,,,面膜,2537.0赞 #欢乐颂 邱莹莹吐槽曲筱绡全文背诵#一人分饰多角 #模仿 #欧莱雅玻色因淡纹面膜
253,武陟梨想小院,达人号,81709,1411.0,1411.0,0.0173,甜蜜区,1,,,,面膜,1411.0赞 着急下班相亲，最后车都没坐上？#服装店 #奇葩顾客 #达肤妍全能b5面膜
254,我的嘉琪,达人号,174212,2640.0,2640.0,0.0152,甜蜜区,1,,,,身体乳,2640.0赞 嫁给暗恋男神是什么样的体验？ #依泉C8特润霜 #依泉特润霜 #依泉身体乳 #修护从依泉开始#爱情
255,我水印呢,达人号,124780,2146.0,2146.0,0.0172,甜蜜区,1,,,,身体乳,2146.0赞 我真离不开这个了 #独特艾琳身体乳
256,白松妍急性子,达人号,41891,581.0,581.0,0.0139,甜蜜区,1,,,,面霜,581.0赞 班可以加，脸不能垮！分享我的“熬夜回春”三件套✨ #熬夜#护肤#露得清超A面霜#露得清a醇#超a淡纹超年轻
257,LINLIN大姐姐,达人号,197944,2945.0,2945.0,0.0149,甜蜜区,1,,,,眼霜,2945.0赞 30+长期主义好物分享✨都是我精挑细选出来，会陪伴我很久的小东西～#长期主义#消费观#优时颜微笑眼霜
258,阿啾的一天,达人号,71714,948.0,948.0,0.0132,甜蜜区,1,,,,眼霜,948.0赞 转正后打算解决一件心头大事，希望有个好结果。#职场妈妈 #自媒体 #职场宝妈 #罗丽芬水光炮眼霜
259,Nan Nan,达人号,482316,6809.0,6809.0,0.0141,甜蜜区,1,,,,面膜,6809.0赞 红毯前24小时逆挽狂澜！巴黎飞北京，落地还要社交，为了不露怯姐拼了#vlog#护肤#德美乐嘉多维面膜
260,眼镜兔元一,达人号,72981,969.0,969.0,0.0133,甜蜜区,1,,,,洗面奶,969.0赞 全球公认提升颜值的五大高销量洁面，用对轻松逆袭 #科普 #干货 #洗面奶推荐 #盘点
261,粥^,达人号,34702,520.0,520.0,0.015,甜蜜区,1,,,,洗面奶,520.0赞 回复 @momo🍈的评论 不带货哈，可以自己去搜，我每天早晚都用，用了1个月感觉皮肤都变好了，素颜出门经常被夸，宝可以试试#肤泊漫洗面奶#护肤
262,文泰,达人号,97763,1436.0,1436.0,0.0147,甜蜜区,1,,,,洗面奶,1436.0赞 你们要看的学功夫手势舞来啦～#c咖洗面奶#抖音玩法达人挑战赛#学功夫练武术
263,Taranqi kilin  米亚沙,达人号,165013,2494.0,2494.0,0.0151,甜蜜区,1,,,,胶原蛋白,2494.0赞 #胶原蛋白抗皱五件套到了
264,晓稀日记,达人号,194233,2531.0,2531.0,0.013,甜蜜区,1,,,,痘印,2531.0赞 好物分享篇|帮小粉丝改善背后痘印啦～开心🥳搞定后背痘印、头发顺滑养护、黑头白头粉刺……#日常分享 #好物分享 #男生化妆
265,乐乐有仨儿（三胞胎版）,达人号,180143,1988.0,1988.0,0.011,甜蜜区,1,,,,面霜,1988.0赞 初秋带三胞胎兄弟露营，依旧是抓不完的娃娃！#爸爸带娃#三胞胎#嗳乐蓓贝小云朵面霜#嗳乐蓓贝#换季宝宝面霜
266,洁白,达人号,50967,636.0,636.0,0.0125,甜蜜区,1,,,,抗皱面霜/面霜,636.0赞 53岁素颜日常！ 秋风一吹又老一岁，护肤，是给自己最好的温柔。日常坚持用这款紧致抗皱面霜， 舒缓干纹，紧致肌肤， 留住脸上的好气色，优雅从容老去#70后 #秋风 #无美颜滤镜 #中年感悟 #好心情是自己给的
267,柠柯KEKE,达人号,43921,555.0,555.0,0.0126,甜蜜区,1,,,,面霜,555.0赞 38岁独居中女-姐妹聚会，快乐加倍 #日常vlog#独居女孩#独居日记#京润珍珠 #京润珍珠人参面霜
268,伴你永世（大号）,达人号,45364,559.0,559.0,0.0123,甜蜜区,1,,,,防晒霜,559.0赞 雅丽洁新品防晒霜
269,糖糖的vlog,达人号,300072,3514.0,3514.0,0.0117,甜蜜区,1,,,,面膜,3514.0赞 领证前一个人来大理旅游了10天，今天准备回去了#记录生活 #大理 #日常 #敷尔佳乳酸糖面膜 #敷尔佳乳酸糖次抛
270,梨涡小雨（涅槃重生版☀️）,达人号,345258,4351.0,4351.0,0.0126,甜蜜区,1,,,,面膜,4351.0赞 重新对生活拥有掌控力，去做一个内心充盈饱满的人#情感共鸣#女性成长#护肤#敏飞 #敏飞面膜
271,荷花（记录生活）,达人号,56952,720.0,720.0,0.0126,甜蜜区,1,,,,面膜,720.0赞 木茶纪红茶面膜真的太好用了，它能深层滋润肌肤，让皮肤水润嫩滑、弹润饱满，还能改善暗沉，让你拥有健康好肤色。而且它的质地细腻柔滑，容易推开，可以快速渗透吸收。@荷花【美好生活】 #护肤#好物分享#日常vlog #种草#宝妈
272,胖虎的朋友圈,达人号,45347,556.0,556.0,0.0123,甜蜜区,1,,,,面膜,556.0赞 既然抽烟可以光明正大的摸鱼 那我为什么不能有面膜时间 很想喊同事去敷一片 我支持女生在办公室喊 “出去，敷一片面膜” 回来后人也香香的心情也美美的#剪映 #沙雕 #搞笑
273,古小姐百货,达人号,95809,1101.0,1101.0,0.0115,甜蜜区,1,,,,身体乳,1101.0赞 #上热门 #身体乳 #创作灵感 #强烈推荐 #好物推荐🔥 姐妹们，这个身体乳真的巨好闻！它是那种木质香调，有点像寺庙焚香的那种味道，真的很高级，男生女生都会喜欢。它是这种乳液质地的，一抹就化水了，吸收很快，一点也不粘腻，涂完之后感觉全身都散发出淡淡的清香，真的很绝！喜欢木质香的一定要试试它！
274,模力Model Studio,达人号,79841,768.0,768.0,0.0096,甜蜜区,1,,,,精华液/胶原蛋白,768.0赞 你涂的精华液，原料居然是猪蹄？揭秘胶原蛋白工业化生产全过程 #猪蹄 #胶原蛋白 #分享你的科普视频 #创作者中心 #创作灵感
275,Sherry和贝贝,达人号,286453,2359.0,2359.0,0.0082,甜蜜区,1,,,,面霜,2359.0赞 住酒店上学四年，小学生早7晚10充实生活 #日常vlog #飞哦软乎乎面霜 #住酒店上学 #小学生 #充实的一天
276,老韩不老,达人号,433338,4219.0,4219.0,0.0097,甜蜜区,1,,,,抗皱面霜/面霜,4219.0赞 让她去做擅长的事，我就能没啥事 #vlog日常 #夫妻日常 #情绪价值#谷雨山参胶原霜 #抗皱面霜
277,53岁的美丽姐,达人号,76062,698.0,698.0,0.0092,甜蜜区,1,,,,水乳,698.0赞 53岁方圆脸，今天约了闺蜜下午茶 #70后 #方圆脸 #50岁依旧保持好状态 #袋鼠妈妈燕窝肽紧致水乳#秋日软糯纯棉穿搭我选好了
278,雪你旧依,达人号,54219,525.0,525.0,0.0097,甜蜜区,1,,,,面膜,525.0赞 这个面膜 我只能说我服了 #面膜#祛痘#好物推荐
279,思旭万千,达人号,101316,922.0,922.0,0.0091,甜蜜区,1,,,,洗面奶,922.0赞 爱人如养花 娇惯如浇灌#情侣日常#爱人如养花#理致小双管洗面奶
280,小张生活号,达人号,68189,606.0,606.0,0.0089,甜蜜区,1,,,,洗面奶,606.0赞 好用的洗面奶它来了 #种草好物 #好物推荐🔥
281,萝卜不黄,达人号,291736,2594.0,2594.0,0.0089,甜蜜区,1,,,,身体乳,2594.0赞 重磅来袭！8个解决“痛点”的好东西！ #依泉C8特润霜 #依泉特润霜 #依泉身体乳 #修护从依泉开始#好物种草
282,小淇乖,达人号,206904,1783.0,1783.0,0.0086,甜蜜区,1,,,,身体乳,1783.0赞 04年带2岁宝宝的幸福小生活#04 #04年带2岁宝宝 #身体乳
283,馨馨.,达人号,56109,561.0,561.0,0.01,甜蜜区,1,,,,祛痘精华,561.0赞 文艺复兴中… 回复 @红色的轻松熊的评论 不带货哈宝子们自己去搜就行，我用的去dou的是肤泊漫祛痘精华，脸上豆消了好多，d印也慢慢淡化，宝宝可以试试#肤泊漫祛痘精华#痘痘
284,怪哥（战狼版）,达人号,200403,1926.0,1926.0,0.0096,甜蜜区,1,,,,油皮护肤,1926.0赞 每天就花几毛钱，把脸上的闭口麻麻赖赖搞的服服帖帖！ #闭口 #敏皮 #油皮 #护肤 #美妆
285,许多米,达人号,53848,518.0,518.0,0.0096,甜蜜区,1,,,,抗老,518.0赞 用之前我嗤之以鼻，用之后：妈呀，真香！#垮脸自救 #法令纹#口周囊袋 #下颚线#抗老面膜推荐
286,好&amp;美丽,达人号,54860,525.0,525.0,0.0096,甜蜜区,1,,,,皮肤管理,525.0赞 才刚过几天舒服日子，就又开始来折磨我们了。幸亏这次提前打了针，不然又要掉进那种循环煎熬里。我现在是真的完全不会做皮肤管理了，以后年纪越大只会越难控制，一想到以后的日子要怎么过就发愁#狗狗皮肤问题求助 #过敏人的苦恼 #狗狗皮肤问题解决方案 #狗狗皮肤病反反复复
287,嘉嘉Austin,达人号,159416,1165.0,1165.0,0.0073,甜蜜区,1,,,,皮肤管理/精华液,1165.0赞 双方父母第一次见面我竟然把时间记错了？！ #男生皮肤管理 #优斐斯氨甲环酸精华液
288,闪嫂的小助理,达人号,126332,816.0,816.0,0.0065,甜蜜区,1,,,,面霜,816.0赞 到底是谁天天熬夜还能维持美貌？#心动密语 #护肤 #心动密语金砖面霜 #抗糖抗氧
289,李静楠,达人号,96953,581.0,581.0,0.006,甜蜜区,1,,,,眼霜,581.0赞 眼周保养太重要啦！资深整女亲测过的眼周回春思路分享 #变美 #优时颜微笑眼霜
290,野人婷姐,达人号,124499,823.0,823.0,0.0066,甜蜜区,1,,,,抗老/眼霜,823.0赞 眼霜界来了个天才？ 我的妈呀好大的口气 #眼霜#构象编织眼霜 #构象眼霜#力学抗老
291,慧慧（加油努力）,达人号,208614,1651.0,1651.0,0.0079,甜蜜区,1,,,,面膜,1651.0赞 做老人的还是不要太插手小两口的事情#朱莉欧四色涂抹面膜 #朱莉欧四色面膜
292,维维妈,达人号,186238,1180.0,1180.0,0.0063,甜蜜区,1,,,,身体乳,1180.0赞 香港55平小屋生活🏠快节奏的生活中，守住自己的幸福感 #香港生活#vlog#电饭煲做蛋糕#露比黎登身体乳
293,骆王宇工作室,达人号,101817,657.0,657.0,0.0065,甜蜜区,1,,,,护肤知识/早C晚A,657.0赞 新品速递｜这一批，能留几个？ #早c晚a #选品 #卸妆膏 #大娘带你护肤 #护肤知识
294,煜漫社,达人号,178390,1423.0,1423.0,0.008,甜蜜区,1,,,,胶原蛋白,1423.0赞 其实你脸上有一张网，它正在慢慢的断裂崩塌 #重组胶原蛋白 #丸美胶原小金针精华 #胶原
295,川乡小蕊,达人号,186107,1354.0,1354.0,0.0073,甜蜜区,1,,,,痘印,1354.0赞 今天分享一个好东西，女人就该爱自己 #碎碎念#痘印#我的生活日记#宝妈
296,辛巳✨,达人号,423563,3423.0,3423.0,0.0081,甜蜜区,1,,,,黄黑皮,3423.0赞 黄黑皮被网感妆骗了好久… 形式参考：@人机748  #变装 #原生感妆容 #有效化妆vs无效化妆 #妆前妆后
297,小泡泡🫧,达人号,101215,616.0,616.0,0.0061,甜蜜区,1,,,,黄黑皮,616.0赞 单眼皮🥥4min黑皮水光亚裔妆！ 原生辣感 黄黑皮适配～ 本泡回归啦！ #亚裔辣妹妆容 #妆教 #亚裔妆#单眼皮妆容#黄黑皮妆容
298,就是热啊🌊,达人号,187428,1434.0,1434.0,0.0077,甜蜜区,1,,,,皮肤管理,1434.0赞 备战西藏2️⃣皮肤管理～理发～精力保养 被董子初抓来做精力保养 #vlog日常 #纹唇 #vlog#理发 #皮肤管理
299,不叫胖胖了,达人号,126654,897.0,897.0,0.0071,甜蜜区,1,,,,精简护肤,897.0赞 被问800遍的素颜透亮皮怎么来的，只因我坚持了这套精简护肤#日常分享#随拍#护肤
300,鱼儿麻麻,达人号,141836,683.0,683.0,0.0048,甜蜜区,1,,,,面霜,683.0赞 养娃踩过无数坑，留下来的才是真正实用不闲置的！#宝宝好物 #一页儿童面霜#崔玉涛#一页
301,有竹-,达人号,176107,776.0,776.0,0.0044,甜蜜区,1,,,,面霜,776.0赞 肤若凝脂的具象化，散发出一种命很好的润白感！ #护肤 #贵气感 #面霜#谷雨美白油霜 #美白
302,史珍香香香,达人号,258303,1061.0,1061.0,0.0041,甜蜜区,1,,,,面霜,1061.0赞 为孩子可以妥协，但我的快乐也乐在其中 #宝妈 #海氏海诺特护霜#海氏海诺#宝宝面霜
303,崔催更,达人号,167009,624.0,624.0,0.0037,甜蜜区,1,,,,水乳,624.0赞 油皮选水乳的困难程度不亚于造一个火箭 #油皮 #水乳 #油皮水乳 #水乳套装
304,十二姐,达人号,177663,1027.0,1027.0,0.0058,甜蜜区,1,,,,眼霜,1027.0赞 姐妹们你们是多少岁开始用眼霜的？以前我用眼霜眼周长小白粒，现在用这款眼油挺好用的，分享给姐妹们哦！
305,安吉,达人号,205592,890.0,890.0,0.0043,甜蜜区,1,,,,眼霜,890.0赞 我的能量三件套：练、养、补。 #女性自我管理 #眼周护理 #熬夜眼霜 #优时颜微笑眼霜
306,万万岁,达人号,164644,798.0,798.0,0.0048,甜蜜区,1,,,,抗老/眼霜,798.0赞 30+眼周还没垮的秘密，眼霜军团上线！好坏我都不演了！！#护肤 #眼霜 #抗老
307,橙子萱要努力,达人号,305560,1148.0,1148.0,0.0038,甜蜜区,1,,,,面膜,1148.0赞 把自己照顾好了，幸福自然就来了。#女生清醒认知#爱自己#膜法世家二裂酵母面膜#护肤认知分享
308,晓得了,达人号,140753,752.0,752.0,0.0053,甜蜜区,1,,,,面膜,"752.0赞 影后也开过滴滴 郭柯宇谈谋生与重新开始 开过滴滴，卖过面膜，还上门给顾客做过服务。鲁豫问起这些经历，郭柯宇只说：“我总得让日子先转起来呀。”
暂时换一种方式生活，不代表你的人生就输了。
#郭柯宇  #鲁豫  #陈鲁豫慢谈  #重新开始  #认真生活"
309,晨飞飞,达人号,173497,986.0,986.0,0.0057,甜蜜区,1,,,,面膜,986.0赞 老公作为就不会有婆媳问题，日子也会更好 #家庭情感 #朱莉欧四色涂抹面膜 #朱莉欧四色面膜
310,零心眼   ｜谷雨传媒｜,达人号,125368,525.0,525.0,0.0042,甜蜜区,1,,,,面膜,525.0赞 这么小都爱嘟噜噜 #l_T #快乐做面膜 #好吃嘴零心眼 #好吃嘴的借杯茶
311,吉财果,达人号,229412,1153.0,1153.0,0.005,甜蜜区,1,,,,洗面奶,1153.0赞 我有折扣有优惠，现在就抓你到海洋至尊直播间，今晚8点见！#海洋至尊 #海洋至尊三棱镜洗面奶 #男士护肤
312,谷嘉明,达人号,157803,836.0,836.0,0.0053,甜蜜区,1,,,,修护精华,836.0赞 我宣布：它就是敏感肌的亲妈！是谁还没用过国韵修护精华？ #国韵仙草凝露#国韵养气霜#国韵#好东西源来如此
313,认真女子球球,达人号,187866,698.0,698.0,0.0037,甜蜜区,1,,,,胜肽,698.0赞 #日常分享精华 #以油养肤精华油 #敏感肌护肤  蓝铜胜肽精华油太好用了～
314,九小哥,达人号,460397,2602.0,2602.0,0.0057,甜蜜区,1,,,,痘印,2602.0赞 辟谣：高考0分作文是藏尾诗；碘伏能祛痘印；地震8级以上军队能直接入境；#九小哥 #辟谣
315,阿黄的新发现,达人号,229984,955.0,955.0,0.0042,甜蜜区,1,,,,抗老,955.0赞 揭秘5个，全球名人都在关注抗衰老方案 #抗衰老 #阿黄的新发现 #轻断食 #抗老方案 #细胞抗衰
316,雯雯Fairy,达人号,122106,580.0,580.0,0.0047,甜蜜区,1,,,,皮肤管理,580.0赞 姐妹们，给你们推荐一个我经常去的美容店#美容护肤 #美容皮肤管理
317,鸡姐一只黄,达人号,477229,771.0,771.0,0.0016,甜蜜区,1,,,,面霜,771.0赞 属实惊艳了姐妹们#谷雨美白油霜 #面霜
318,杨子姗,达人号,469354,1236.0,1236.0,0.0026,甜蜜区,1,,,,面霜,1236.0赞 极致J人的长期主义面霜，纯净精简 跟大家分享下我真的很喜欢、也经常出现在我视频里的老朋友 onTop纯净油霜➕屏障修护脂霜，搭配叠涂，安抚敏感肌的干燥和小情绪。 安静的滋养，很适合我，可以陪伴我很久。 onTop是我一直很喜欢的纯净护肤品牌，大家也可以去了解一下～ #面霜 #护肤 #onTop #onTop油霜 #onTop脂霜
319,姗姗🇨🇳,达人号,411424,547.0,547.0,0.0013,甜蜜区,1,,,,面霜,547.0赞 明天高低给你们拍一下我的日常，感兴趣的评论区留言。羊奶霜是大人小孩，男女老少都可以用的，放心带。#羊奶霜 #羊奶霜推荐 #娇采韵 #补水保湿面霜
320,是甜不是田,达人号,233114,789.0,789.0,0.0034,甜蜜区,1,,,,面霜,789.0赞 30s妈生好皮我悟了#橘朵好皮霜 #有色面霜 #精华养肤好皮霜 #底妆 #防晒
321,小柚子啊,达人号,300979,662.0,662.0,0.0022,甜蜜区,1,,,,水乳,662.0赞 这种“润物细无声”的惊艳谁懂啊！#好物分享  #袋鼠妈妈燕窝肽紧致水乳  #护肤
322,葛静静•日常,达人号,228298,599.0,599.0,0.0026,甜蜜区,1,,,,水乳,599.0赞 闺蜜来我家做的的这个牛排太哇塞了，来都来了，直接送他一套水乳，我自己都用了好几套了
323,诺言（郭桂鑫）,达人号,380669,991.0,991.0,0.0026,甜蜜区,1,,,,水乳,991.0赞 幸福的一天之kpl奇妙日#kpl #kpl奇妙日 #追竞用双抗 #珀莱雅双抗水乳
324,混血儿安夏博宇妈妈,达人号,387139,531.0,531.0,0.0014,甜蜜区,1,,,,眼霜,531.0赞 下个月正式搬家啦，谢谢大姐这段时间对我的关心，我也推荐一款自用款的眼霜，真的很好用，每次回国我都随身携带，很保湿很滋润，关键还能紧紧致致我们的松松垮垮的眼周围干皮细纹@是小熊猫呀（安夏博宇妈妈本人小号） @混血儿郑安夏（安夏妈妈本人小号） #眼霜
325,头头在这,达人号,346394,667.0,667.0,0.0019,甜蜜区,1,,,,防晒霜,667.0赞 爬个山怎么还意外发现个一物多用！不能当妆前的不是好防晒！！！  #骆驼橙三角防晒霜 #骆驼美白防晒霜 #王一博代言骆驼防晒 #国庆 #旅游必备
326,张婉清_,达人号,212170,634.0,634.0,0.003,甜蜜区,1,,,,面膜,634.0赞 产品用对居家护肤效果也能翻倍！秋冬的软膜太夯啦！#美帕壳聚糖面膜  #美帕 #居家护肤
327,娟砸的废话bot,达人号,321627,818.0,818.0,0.0025,甜蜜区,1,,,,洗面奶,818.0赞 快给家里那位来两瓶，真的很好用 #海洋至尊三棱镜洗面奶#东北老公 @别叫我马大哈-
328,邢大姨,达人号,391441,516.0,516.0,0.0013,甜蜜区,1,,,,洗面奶,516.0赞 洁面真没必要冲大牌，国货完全不输的好嘛？ #洗面奶 #洗面奶推荐 #HBN氨基酸洗面奶
329,大耳朵羊~,达人号,362639,787.0,787.0,0.0022,甜蜜区,1,,,,洗面奶,787.0赞 洗脸时把手洗干净再涂洗面奶，更容易起泡，用着也省#洗脸 #正确洗护习惯 #洗面奶#洗面奶起泡#分享生活小技巧
330,弓长一家老小（生活号）,达人号,221509,704.0,704.0,0.0032,甜蜜区,1,,,,身体乳,704.0赞 千万不要再乱买沐浴露了！一到秋冬身上干干的起皮，洗澡之后肌肤紧绷，这款沐浴油我们全家都在用，真心不错，味道很好闻，以油养肤，洗完连被窝都是香香的，连身体乳都省了#沐浴油 #家庭 #秋冬护肤 #自用好物分享  #经济实惠又好用
331,赵赵爱睡觉,达人号,433417,588.0,588.0,0.0014,甜蜜区,1,,,,美白精华,588.0赞 变白真的很简单 低成本也能素颜透亮 #美白 #美白精华 #护肤 #玫瑰颂 #玫瑰颂美白精华液
332,效妆官方旗舰店,品牌号,479959,527.0,527.0,0.0011,甜蜜区,1,,,,抗老,"527.0赞 ✨正式官宣｜欢迎林心如成为效妆眼油品牌代言人
眼波藏岁月，柔光见本心。
荧幕之上，她塑造无数经典角色；时光沉淀之下，依旧拥有灵动透亮的眼底状态，从容舒展，岁月不败美人眼。
效妆携手 @林心如，奔赴一场关于眼周抗老的「心」动之约。
#效妆眼部精华油 #效妆抗皱小金瓶眼油 #泪沟眼袋 #效妆眼油#效妆品牌代言人林心如"
333,长乐王大大.御美翠皮肤管理,达人号,4980,13027.5,26009.0,2.616,新星,2,,,,皮肤管理,26009.0赞 艾迪宝宝的作文.我的梦想是：竞选美丽国总统.长乐宝宝们水果能实现？#长乐 #长乐皮肤管理 #长乐眉型设计 #搞笑段子
334,钰辰,达人号,3671,6050.0,6050.0,1.6481,新星,1,,,,面膜,"6050.0赞 报喜啦！
小雪强子夫妇喜得贵子
儿女双全   圆满啦
大家一起祝福他们吧！#家庭新成员报到
面膜一元一片"
335,爆炒洋芋🥔,达人号,4333,6626.0,6626.0,1.5292,新星,1,,,,黄黑皮,"6626.0赞 @girls breath假睫毛 2103#幻莹通用H02双眼皮贴
能不能蒙上眼睛#黄黑皮轻欧美亚裔妆 #变装@DOU+小助手"
336,璐.,达人号,4990,6945.0,6945.0,1.3918,新星,1,,,,洗面奶,6945.0赞 我换了很多洗面奶 用的最多的还是这个维她白 毫不夸张 我皮肤这么好全靠它！！#好皮肤#素颜#抗氧#女高#维她白美白洗面奶
337,大月在前行,达人号,4997,3918.7,11560.0,0.7842,新星,3,,,,烟酰胺,11560.0赞 不是～这对吗？#烟酰胺蚕丝皂 #洗脸皂 #亲测分享
338,养多多多（千万不要看我橱窗）,达人号,3670,3302.0,3302.0,0.8997,新星,1,,,,面膜,3302.0赞 闺蜜把所有面膜都给我了 #闺蜜 #面膜 #剪映
339,漆不漆.,达人号,7711,6298.0,6298.0,0.8168,新星,1,,,,水杨酸,6298.0赞 回复 @雷霆嘎巴无情哈拉少出门必带伏特加的评论 其实我很少花费心思在护肤上，只是习惯把清洁做好，一直在用芦卡肤洁面慕斯。我皮肤本身比较爱出油，换季的时候状态不稳定，还容易冒小疙瘩。里面有水杨酸+PCA锌，清洗得很干净，洗完不会假滑，想要温和控油、稳住皮肤状态的，可以试试看。#油痘肌护肤 #洁面分享 #换季护肤 #自用好物
340,就不吃花生,达人号,3167,2204.0,2204.0,0.6959,新星,1,,,,洗面奶,2204.0赞 王橹杰香水什么味道洗面奶什么味道 张桂源全都知道
341,兜有米,达人号,3028,2182.0,2182.0,0.7206,新星,1,,,,面膜,2182.0赞 当我开始用童颜纪提拉面膜… #童颜纪提拉面膜 #提拉面膜 #下颌线
342,木^木,达人号,3217,2070.0,2070.0,0.6435,新星,1,,,,洗面奶,2070.0赞 回复 @momo🍈的评论 不带货哈，可以自己去搜，我每天早晚都用，用了1个月感觉皮肤都变好了，素颜出门经常被夸，宝可以试试#肤泊漫洗面奶#护肤
343,营养师阿米,达人号,3409,2113.0,2113.0,0.6198,新星,1,,,,抗老,2113.0赞 35-45女性必听，抓住这十年抗老黄金期 35~45 岁是女性围绝经前的关键抗老窗口期，  雌激素波动下降带来的代谢变慢、骨量流失、精力下降等问题，都可以通过科学干预提前建立储备。  本期内容拆解肌肉抗老的底层逻辑，澄清瑜伽、普拉提的抗老局限，  给出可落地的蛋白质、钙与维生素 D 摄入标准，以及顺应生理周期调整训练强度的实用方法，  帮你在黄金十年攒好代谢与骨量底气，平稳应对更年期。  #如何保持中年活力 #中年女性健康 #围绝经期 #35岁女性如何抗衰老 #40岁女性
344,日常生活分享,达人号,3069,1762.0,1762.0,0.5741,新星,1,,,,洗面奶,1762.0赞 洗面奶 #
345,猪猪蕾,达人号,7669,2908.0,2908.0,0.3792,新星,1,,,,身体乳,2908.0赞 回复 @小可的评论 好多姐妹在评论问我用什么身体乳✨我用的是韩宜泉身体乳！质地润但不黏糊糊，涂完不会粘被子，淡淡的香。秋冬皮肤干燥、想提亮肤色的可以试试，平价大碗。#韩宜泉身体乳 #身体乳推荐 #秋冬护肤 #平价身体乳#嘉桐摇
346,陈陈chq,达人号,3358,1351.5,2681.0,0.4025,新星,2,,,,积雪草,2681.0赞 积雪草气垫 #少女心美妆小物 #平价好物 #积雪草气垫霜 #积雪草气垫 #气垫推荐
347,祝我好运常在,达人号,9238,1915.5,8517.0,0.2074,新星,6,,,,皮肤管理/闭口粉刺,8517.0赞 沉浸式清闭口vlog~ #沉浸式皮肤管理vlog #挤痘痘 #痘痘黑头粉刺拜拜 #同城热点 #痘痘
348,星星鱼,达人号,3114,938.3,2795.0,0.3013,新星,3,,,,烟酰胺/身体乳,2795.0赞 跟风买了这个很火的烟酰胺蚕丝皂！不仅好用还好玩！泡沫丰富还绵密而且一点也不紧绷！#洁面日常 #蚕丝皂洗脸 #烟酰胺#护肤 #学生党好物推荐
349,小小樱公主,达人号,9599,4410.0,4410.0,0.4594,新星,1,,,,防晒霜,4410.0赞 开学典礼let'sgo! #化妆分享#letsgo#高能剪辑#DrG滤镜防晒#防晒霜
350,有我在你难过什么,达人号,3403,1659.0,1659.0,0.4875,新星,1,,,,洗面奶,1659.0赞 一直在用的洁面分享给你们，我不带货，纯自用分享，大家自己去搜就行。未来氧气这个抗氧洗面奶，出油长痘的时候用着很舒服，泡沫软软的，洗完脸不紧绷，用久了出油也少了。#未来氧气洗面奶#洗面奶推荐#控油
351,满满溢,达人号,3199,1007.5,1831.0,0.3149,新星,2,,,,面膜,1831.0赞 这就是霸总小说里刀削般的下颚线么哈哈哈哈我也是拥有了 #提拉面膜 #双下巴 #松弛下垂 #仙女必备 #亲测分享
352,润培香氛推荐官,达人号,6532,2853.0,2853.0,0.4368,新星,1,,,,身体乳,2853.0赞 「天元香守」限定礼盒展示💜💙 两位品牌大使太帅气了！ 忍不住给大家提前展示一下实物啦~ #roopy润培 #润培品牌大使奥利淑元 #润培护手霜 #润培身体乳 #润培沐浴露
353,相宜本草官方旗舰店洁面直播间,品牌号,7014,1296.5,2585.0,0.1848,新星,2,,,,洗面奶/面膜,2585.0赞 官宣新朋友！全新联名周边惊喜上线！一⌨三连，在下方留言分享你的“宣言”！#相宜本草 #相宜本草官方旗舰店 #相宜本草面膜 #相宜本草洁面 #面膜
354,再睡一秒钟,达人号,3261,940.0,1876.0,0.2883,新星,2,,,,烟酰胺,1876.0赞 要是早点知道你！！！我见crush也不用使劲涂素颜霜了🥺#真实生活分享计划 #烟酰胺蚕丝皂 #好物分享 #夏季好物分享 #亲测分享
355,小爱同学（养成系）,达人号,8534,2789.0,2883.0,0.3268,新星,2,,,,黄黑皮,2883.0赞 美式甜心妆超详细妆教 速学速学#美式甜心妆 #欧美妆 #黄黑皮妆容 #新手化妆教程 #全妆跟练
356,旦旦日常🛒,达人号,3393,1192.0,1192.0,0.3513,新星,1,,,,护肤教程,1192.0赞 给美女们分享珍珠粉护肤教程 #喜欢的东西会反复心动 #珍珠粉护肤 #一起做护肤#女性必看#好物分享🔥
357,琪琪吖,达人号,8356,2776.0,2776.0,0.3322,新星,1,,,,皮肤管理,2776.0赞 你多久没有好好洗个脸了，这种清爽清透感真的会上瘾#禾壹净#禾壹净皮肤管理#抖音小助手dou上热门#面部护理
358,牛肉包（增肌中）,达人号,7791,3978.0,3978.0,0.5106,新星,1,,,,早C晚A,3978.0赞 新时代生存套餐是Codex+薄肌＋自媒体+孙学+不能说违规+拿实体黄金+早C晚A护肤方案＋控糖饮食＋睡满8小时+加伪素颜+运动员+雅思7.0#男性 #男性提升#薄肌#打造薄肌3
359,鸢也,达人号,4380,1541.0,1541.0,0.3518,新星,1,,,,洗面奶,"1541.0赞 上个作品宝宝问我为什么皮肤这么好，我平常用的是未来氧气洗面奶，换季用很不错哒！我不带货，宝宝自己去搜吧，商家看到能不能给我寄几个～
#未来氧气洗面奶#洗面奶推荐#控油#手势舞 #飞蛾扑火"
360,契肌,达人号,7602,804.0,3820.0,0.1058,新星,5,,,,护肤干货/护肤知识/眼霜,3820.0赞 美容白醋液这样用 #日常护肤记录 #护肤技巧分享 #护肤干货 #好物推荐🔥 #美容白醋洗脸
361,一只颗颗,达人号,5290,1516.0,1516.0,0.2866,新星,1,,,,护肤教程,1516.0赞 哈喽呀👋这里是小助理颗颗的账号🐣 后续想看彩妆妆教｜护肤教程｜好物分享｜或者…不一样的徐徐^_^ @你的闪嫂  都可以评论区留言～
362,初悦臻选,达人号,3353,215.4,1095.0,0.0642,新星,7,,,,烟酰胺,1095.0赞 烟酰胺蚕丝皂真的会拉丝！太好用了！#烟酰胺蚕丝皂 #万万想不到 #面部清洁 #美甲 #手控
363,成风服饰1,达人号,3299,178.5,638.0,0.0541,新星,8,,,,面膜,638.0赞 秋季新款面膜裤，上身显高显瘦，运动跑步瑜伽都可以穿！
364,저녁바람,达人号,3126,687.5,1083.0,0.2199,新星,2,,,,洗面奶,1083.0赞 好用的洗面奶
365,珈禾漫剧社,达人号,3614,1608.0,1608.0,0.4449,新星,1,,,,面膜,1608.0赞 下班回家，发现室友漏qi了…😂 告诉我这是“全身撕拉面膜”？？？我想请问那！每天在被虾和无语之间反复横跳🆘#青宁居记事#当代年轻人的精神状态 #显眼包 #合租日常
366,@画图本,达人号,8363,2098.0,2098.0,0.2509,新星,1,,,,油皮护肤,2098.0赞 油痘肌一整套护肤流程 #画梅 #油痘肌 #油皮 #护肤 #画梅推荐
367,无趣,达人号,9050,2488.0,2488.0,0.2749,新星,1,,,,洗面奶,2488.0赞 上个作品宝宝问我为什么皮肤这么好，我平常用的是未来氧气洗面奶，换季用很不错哒！我不带货，宝宝自己去搜吧，商家看到能不能给我寄几个～ ＃未来氧气洗面奶#洗面奶#护肤#萌妹#自拍拍照姿势
368,葵花药业-焕肤透亮,达人号,5595,69.5,672.0,0.0124,新星,67,,,,烟酰胺,672.0赞 日常饭菜果蔬吃得少，体内缺少微量营养，坚持内服，养出好状态！#烟酰胺 #维生素c
369,小金子,达人号,5015,2033.0,2033.0,0.4054,新星,1,,,,面膜,2033.0赞 虽然老了但是都是父母给的容颜，没有动过刀子，也没有去过美容院，就是自己在网上买点化妆品，自己在家护肤面膜#来个无美颜无滤镜的自己
370,是小涵,达人号,9100,107.3,569.0,0.0118,新星,9,,,,毛孔粗大/洗面奶/痘印/面霜/黄黑皮,569.0赞 谢谢你 海洋至尊祛痘洗面奶让我重拾自信#海洋至尊#祛痘 #海洋至尊洗面奶 #控油祛痘 #男生变帅成本有多低
371,小鱼冻干,达人号,4816,542.3,1603.0,0.1126,新星,3,,,,积雪草/胶原蛋白/面霜,1603.0赞 新手也能一次成功的doll感萌妹妆！ #妆教 #新手化妆技巧 #萌妹妆 #油痘肌面霜  #芷豆豆豆霜
372,汇星投-霏霏,达人号,3014,420.3,518.0,0.1395,新星,3,,,,身体乳,518.0赞 【超大号】身体乳的扑擦乳霜素颜霜身体油专用超大超厚手套推荐
373,大姐 | 日常肌肤调理,达人号,5787,889.0,1511.0,0.1536,新星,2,,,,皮肤管理,1511.0赞 沉浸式感受第一视角白白护理日常vlog #沉浸式皮肤管理vlog #皮肤管理#芳香世家#vlog十亿流量扶持计划 #南通
374,白鸽·趣事分享（万花筒）,达人号,9807,1380.0,2727.0,0.1407,新星,2,,,,面霜,2727.0赞 这款羊奶霜卖爆了，趁着有货赶紧囤起来!#张白鸽#金其父女张白鸽#好物推荐 #羊奶霜#面霜
375,彬彬优选,达人号,4285,797.0,797.0,0.186,新星,1,,,,眼霜/胜肽,797.0赞 【新疆包邮】NTD胜肽抗皱光璨逆龄眼霜/14天抗皱*美修全绿
376,西西北北呀,达人号,3124,1023.5,1208.0,0.3276,新星,2,,,,面膜,1208.0赞 没想到素颜上课，同学都跑来夸我脸又嫩又滑！#童颜纪 #面膜 #在抖音入手的好东西 #超便宜 #真实分享生活计划
377,花花经营部,达人号,3415,610.0,610.0,0.1786,新星,1,,,,身体乳,610.0赞 【新疆包邮】云朵角鲨烷香水身体乳香氛持久保湿嫩肤温和留香补水
378,植祛护肤旗舰店护肤专场,品牌号,3900,143.6,610.0,0.0368,新星,5,,,,洗面奶,610.0赞 植祛氨基酸洗面奶，深层洁净，平衡肌肤油脂
379,箴颜皮肤管理（秣陵凤仪街店）,达人号,3709,218.2,690.0,0.0588,新星,4,,,,皮肤管理,690.0赞 38块8做三次深层清洁加补水，一次足足50分钟，全程没有任何隐形消费和推销#箴颜皮肤管理中心#清洁补水#同城好店推荐#洗脸#南京热门
380,四橙一梨,达人号,5047,982.0,982.0,0.1946,新星,1,,,,面霜,982.0赞 谁说军训新兵蛋子都是哭着过的#穿上军训服就是兵#芷豆豆豆霜#学生控油祛痘面霜
381,87542821780,达人号,6835,988.0,988.0,0.1446,新星,1,,,,面霜,"988.0赞 ⚠️警惕来历不明的美白化妆品 谁能想到，买来追求美白的护肤品，竟然会伤肾❗
近期科室收治一对姐妹，因为使用含违禁汞的化妆品，双双汞中毒，已经出现肾脏损伤。
很多速效美白、淡斑 “神器”，非法添加高浓度汞 短期看上去皮肤变白、色斑变淡 但汞会悄悄进入血液，蓄积在肾脏 肾脏是汞最主要的排泄器官，很容易被毒素攻击💥
🩺汞中毒伤肾有哪些表现？
✅早期：泡沫尿、下肢眼睑浮肿、乏力、
✅持续损伤：蛋白尿，严重进展肾功能损伤，甚至肾病综合征
⚠️全身症状：失眠、情绪波动、手抖、严重时出现意识障碍、甚至昏迷。
❌这些护肤品千万别碰 
▫️号称快速美白、速效祛斑 
▫️微商、直播间小众三无美白产品 
▫️没有正规备案、来源不明的海外代购面霜
#华西第四医院 #华西第四医院中毒科肾脏内科 #华西坝解毒保肾小分队 #汞中毒 #美白化妆品"
382,老弟夫妇直播日常,达人号,5964,808.0,808.0,0.1355,新星,1,,,,面膜,808.0赞 69.9元十盒海葡萄补水面膜，8D精华玻尿酸补水面膜，改善缺水肌，提亮肤色，敷完就能感受到肌肤水润有光泽
383,大刘护士长（接投稿）,达人号,4042,1287.0,1287.0,0.3184,新星,1,,,,面膜,1287.0赞 “经典的能干就干，不能干滚蛋” #VE面膜  #护士  #护士懂护士 #护士日常 #医护日常
384,小雨滴,达人号,7683,2421.0,2421.0,0.3151,新星,1,,,,面膜,2421.0赞 下班以后，我才真正开始生活！关上门，洗个澡，敷个面膜，慢慢地吹干头发、再用最没形象的姿势瘫床上刷着手机#下班后属于自己的时间 #记录真实生活
385,美业金玲轻奢世家招加盟总部,达人号,5665,731.0,731.0,0.129,新星,1,,,,皮肤管理,731.0赞 解决面子工程，老板娘亲自出马#洗脸 #斑痘敏 #同城好店推荐 #轻奢世家皮肤管理中心 #加盟
386,李清照,达人号,7313,1253.0,1253.0,0.1713,新星,1,,,,洗面奶,1253.0赞 嗯对 就是这个 品牌方能看见这个视频嘛？#好物分享#美白洗面奶#好皮肤
387,蛋挞麻麻,达人号,6672,138.0,537.0,0.0207,新星,4,,,,积雪草/身体乳,537.0赞 换季孩子身上干啊点啊，真的可以试试#崔玉涛 #以油养肤 一管双用，滋润舒缓保湿#一页双管霜 #身体油霜 #身体乳
388,养河马的小马(ʃƪ ˘ ³˘),达人号,6103,688.0,688.0,0.1127,新星,1,,,,防晒霜,688.0赞 神奇的河马“汗液” 很好用的防晒霜#河马日常 #自制防晒霜 #蜜蜜 #神奇的大自然
389,图图成长记🌟,达人号,7134,697.0,697.0,0.0977,新星,1,,,,洗面奶,697.0赞 老公偷用我洗面奶的后果，笑不活了哈哈哈哈 #监控下的一幕 #看到最后 #夫妻带娃日常 #婚后生活
390,张瑞希,达人号,8081,432.5,844.0,0.0535,新星,2,,,,精华液,844.0赞 快快快!！！想要新学期悄悄惊艳所有人的，那这个火出圈的377次抛精华液的大羊毛！你可千万别再错过！！抢完就没，赶紧10盒8盒的囤！！！#精华液 #377 #熬夜必备 #护肤 #学生党护肤
391,大头李李,达人号,6982,349.0,662.0,0.05,新星,2,,,,痘印/祛痘精华,662.0赞 到底什么时候才能没有长痘的烦恼啊！！#祛痘 #痘印 #祛痘精华 #大水滴3点祛痘精华
392,甜酒儿,达人号,6006,786.0,786.0,0.1309,新星,1,,,,面膜,786.0赞 和 @yun 一起 #合拍 #面膜放松法 #面膜解压方式 #日常敷面膜vlog #敷脸日常
393,彼得堡牛爷爷,达人号,7156,564.0,564.0,0.0788,新星,1,,,,面霜,564.0赞 变白的秘密是？…… #兔头妈妈#乳脂霜#好物分享#面霜#学生党
394,小蛋挞🍳,达人号,9210,2345.0,2345.0,0.2546,新星,1,,,,面霜,2345.0赞 看评论区姐妹们都在问这么小宝宝用的什么护肤品又安全又能皮肤好 其实我家用的是一页儿童面霜，跟着崔玉涛老师入的，保湿修护，还能舒缓换季泛红起红点点，很不错呐！#新生儿 #儿童面霜  #一页儿童面霜 #刚出生的宝宝 #宝宝面霜
395,大鹅涨知识,达人号,7383,848.0,848.0,0.1149,新星,1,,,,面膜,848.0赞 在绝对的权威面前，所有质疑声都将不复存在 #张馨予 #美貌 #面膜 #Liar胶原面颈眼膜 #女明星
396,幸福的则家人,达人号,3991,280.0,538.0,0.0702,新星,2,,,,精华液,538.0赞 凯撒奔赴广东，赴浩浩认亲宴之约  #生活日常#富勒烯精华液 #富勒烯小鸡腿精华液
397,星什么星,达人号,4957,1236.0,1236.0,0.2493,新星,1,,,,眼霜,1236.0赞 欢迎收看03年三支一扶高能量的一天vlog#三支一扶#日常vlog #奥色木虫草眼霜#虫草眼霜
398,鑫姐姐（孕期,达人号,9180,581.0,581.0,0.0633,新星,1,,,,面膜,581.0赞 怀孕也可以放心用的免洗睡眠面膜！深层补水，不粘腻！怀孕也要美美哒！！#袋鼠妈妈 #睡眠免洗面膜 #怀孕期间可以用的护肤品 #孕期护肤 #孕妇产妇可用
399,然后呢,达人号,7968,873.0,873.0,0.1096,新星,1,,,,洗面奶,873.0赞 回复 @猫派大王的评论 谢谢小宝呀 我每天就用氧肤时光氨基酸洗面奶洗脸 这个控油挺强的但是不会过度清洁 平时也会用它卸妆 你直接去搜就好啦#氧肤时光氨基酸洗面奶#洗卸合一洗面奶#氛围感#手势舞
400,更好.,达人号,4992,535.0,535.0,0.1072,新星,1,,,,洗面奶,535.0赞 好多家人问我怎么护肤的，理性种草！我做功课入手了抗氧洗面奶，我自己用了很久，洗完脸蛋干净透亮不少，真的好用，叫#维她白美白洗面奶#护肤#学生党#卷毛#懒人专用
401,爱吃豇豆包,达人号,8202,729.0,729.0,0.0889,新星,1,,,,洗面奶,729.0赞 干干净净的脸蛋 永远是加分项#芦卡肤祛痘洗面奶#洗面奶推荐 #控油祛痘#束腰穿搭 #辣妹
402,趣豆番茄,达人号,4308,969.0,969.0,0.2249,新星,1,,,,眼霜,969.0赞 懒人！熬夜党轻松养成星星眼！ #护眼好物 #眼周保养 #珀莱雅双抗眼霜 #眼贴 #重力眼罩
403,南阳市中医院李天坡,达人号,4030,413.8,1248.0,0.1027,新星,4,,,,护肤知识,1248.0赞 #护肤知识正能量分享 #创作者中心 #创作灵感 #带状疱疹 #带状疱疹后神经痛
404,下雨天气晴,达人号,6390,1426.0,1426.0,0.2232,新星,1,,,,身体乳,1426.0赞 手舞足蹈的继续介绍我的爱用小mu们🫰 MUJI哈哈哈相见恨晚了我说白了（赶着出门语速惊人）#muji好物分享 #muji电热睫毛夹 #muji乳液 #muji身体乳 #muji沐浴露
405,笑呵呵,达人号,9980,776.0,776.0,0.0778,新星,1,,,,美妆博主,776.0赞 #卡点变装 #养成系美妆博主 #doll感妆容 #变妆   你问西湖水 偷走她的几分美
406,叶,达人号,3189,683.0,683.0,0.2142,新星,1,,,,痘印,683.0赞 鼬的表白 #火影忍者 #宇智波鼬 #cos #致歉一切 #抽象 灵感来源@@雪殇殇殇殇.（痘印求你别限我了
407,懒懒.,达人号,8030,1271.5,1893.0,0.1583,新星,2,,,,美妆博主,1893.0赞 4分钟超详细方圆脸妆容教程来啦 #新手化妆教程 #方圆脸妆容 #妆教 #跟着美妆博主学化妆 #当中式审美回到下颌角时代
408,四叶草.,达人号,3691,704.0,704.0,0.1907,新星,1,,,,痘印,704.0赞 在那之后痘印的自卑成了我的铠甲#如何拯救痘痘肌
409,面包超人,达人号,4438,790.0,790.0,0.178,新星,1,,,,黄黑皮,790.0赞 避雷网络热门素颜霜，别再盲目跟风啦！！ #新手化妆教程 #素颜霜 #黄黑皮 #浮气素颜霜 #女大学生
410,3³,达人号,3724,535.5,649.0,0.1438,新星,2,,,,美白精华/身体乳,649.0赞 回复 @小小程的评论  哈哈谢谢宝宝喜欢：统一回复来啦！脸上发光的秘密就是桃姿集精华I坚持用黄气会淡很多#桃姿集精华 #提亮护肤#美白精华
411,so-cute,达人号,7591,1305.0,1305.0,0.1719,新星,1,,,,痘印,1305.0赞 走路劲劲的…带点痘印的小猪呀#金主训 #juhoon #金主训juhoon #金主训机场
412,Sanmei,达人号,9876,193.3,572.0,0.0196,新星,6,,,,氨基酸洁面/水乳/烟酰胺/身体乳,572.0赞 377အသားဖြူ ခန္ဓာကိုယ်လိုးရှင်းဗူးကြီး29.9 #377美白身体乳 #烟酰胺身体乳 #提亮改善暗沉 #大容量 #很划算
413,香菜,达人号,4953,192.6,513.0,0.0389,新星,5,,,,美妆博主,513.0赞 为什么你头发看着毛毛躁躁，永远留不长，就是它背刺你#养成系美妆博主 #头发分叉怎么办 #护发技巧
414,菀菀类卿,达人号,5619,874.0,874.0,0.1555,新星,1,,,,面膜,874.0赞 贝贝们我好想你们🥺#嘉桐摇#敏飞面膜#正常穿搭#已成年
415,@.,达人号,3468,505.0,505.0,0.1456,新星,1,,,,洗面奶,505.0赞 回复 @吃亿🥣梨的评论 其实我护肤超简单，每天早晚用#afae抗氧洗面奶 洗脸！洗完皮肤嫩嫩的还很亮，坚持用好皮肤就来了#护肤 #高中生 #自拍
416,0V0,达人号,3862,535.0,535.0,0.1385,新星,1,,,,痘印,535.0赞 有爱真好比一切都好#拒绝容貌焦虑 #我妻善意 #痘印怎么消除#痘印怎么消除
417,砰砰小魔仙,达人号,5557,736.0,736.0,0.1324,新星,1,,,,黄黑皮,736.0赞 身体素颜霜只有0次和无数次！肤色作弊小心机#身体素颜霜 用一次就爱上啦，请大数据推给所有#黄黑皮的姐妹
418,爱自己终生浪漫🌹🌹,达人号,5832,701.0,701.0,0.1202,新星,1,,,,防晒霜/面膜,701.0赞 我长这么大从来没有买过面膜，脸上贴的面膜还是我女儿给我的几张面膜，这几张面膜放了几个月了，以前我买过几次洗脸的保湿的，就是买的最简单的二三样，买来用过几次就不用了，每次买来放一两年都没用完就扔了，买过防晒霜也不怎么用，买来也是放一两年就扔了，我连隔离霜是什么我都不知道，我女儿告诉我，隔离霜是增白的，直到今年夏天我才开始用防晒霜，防晒霜里面有隔离霜也有增白的，用防晒霜还是出去跳舞才用一点，以前我想等自己脸自然老去，现实告诉我可不行了，因为我的面容本来看上去就比别人大几岁，我以前真的很懒，从不讲究这些，其实现在的我也不是很讲究这些，自己的脸也不怎么保养，不过现在的我还是学会了爱自已，现在的我至少减了肥，还有几个人说我长瘦了好多，还有几个说我身材长出来，我回答别人我还胖胖的很，我还有一百三十几斤，还有人说我比以前长漂亮了很多，其实我知道自已没有长漂亮，不过脸上就抹了一点增白的防晒霜而已，我也是一个不打牌不抽烟不喝酒，一天就在家里耍手机的人，现在的我也不会用心去深交一个朋友，因为现在这个社会根本没有几个值得深交的朋友，我就喜欢一个人在家里耍，自己一个人在家里耍，我也很开心，一个人在家里也很享受这种生活，我就喜欢跟友友们分享自己的心情而已，生活是自己过，不是活给别人看，自己把生活过好了，才是最真实的。
419,喜欢园子的吖吖,达人号,8354,435.7,798.0,0.0522,新星,3,,,,面膜,798.0赞 9.16录屏，细心的阿姨 @🌸勇敢小花🌸猪🐷 @🌸沈阳小园子🌸勇敢小花猪🐷 @🌸小园子洗发水面膜小花猪🌸 #小园子 #沈阳小园子直播 #沈阳小园子直播 #录屏直播回放 #直播录屏分享
420,乐一食养日常,达人号,4913,523.0,523.0,0.1065,新星,1,,,,面霜,523.0赞 很多食材我是不吃的，像厨房里的调味料辣椒、葱蒜、韭菜、香菜，洋葱，这类食材容易耗散身上的气，气一虚就容易上火，一路耗下去还会伤到咱们的肾宝宝，脸上容易长小黄点小黑点，它们自带一股浊味，吃完嘴里全是那味，打嗝都是很重的气味，浊气进到身体里，负担很重，散发不出来，整个人也不太清爽， 自己做九蒸九晒的黑芝麻吃，说句实在的，这黑芝麻它真的很难吸收！就算把它磨成粉，那硬邦邦的表皮，吃进去咱们的小月卑小胃不好运化。老祖宗留下的东西，九蒸九晒确实费时费力，真的值得咱们多费点心思。 主食我常吃籼米、麦芯馒头，面条，配点腐乳，古法豆豉，偶尔自己发点绿豆芽，炒菜用中华黑猪油、黑芝麻油。我家厨房调料很简单，只有黑猪油、黑芝麻油、古法酱油、盐、十三香和花椒，叶子菜基本上不碰，我选食材的时候，会优先挑那种生命力比较强的，比如绿豆，小小的一粒就能发出豆芽，种下去还能结出很多豆子，这种鲜活的食材我觉得吃着更踏实。 老祖宗早就讲过，人身上绝大部分能量都来自入口的食物，说到底吃的就是种子里那股生发之力，所以我专门去找国产本土老品种的五谷。 顺着古人传下来的饮食和作息过日子，整个人过得很轻松。饮食干净了，多余的欲火自然少，也不用一大堆护肤品，用植物洗发皂洗头、可以7到10天洗一次头，也不油也不痒，黑猪油当作面霜涂脸，皮肤光滑细腻，不干不油，早上不洗脸不刷牙，晚上刷牙用植物牙粉，简简单单一个馒头一碗粥一碗米油，就能供给身体需要的能量，不求花哨的营养堆砌，只求守住身体里那股小小的气机。 每天早上我会用牛角梳梳头，平时穿汉麻袜子，睡觉也会套上棉袜护住双脚，做好日常的保暖，衣服裤子也选棉麻布料，穿着舒服得劲，练练功，走路都感觉轻飘飘的。踏踏实实跟着老祖宗的法子养护，我自己觉得身子很轻盈，状态越来越好
421,동.듀,达人号,6460,665.0,665.0,0.1029,新星,1,,,,精华液,665.0赞 #胎盘素精华液
422,整形医生  赖竹豪,专业号,4844,500.0,500.0,0.1032,新星,1,,,,胶原蛋白,500.0赞 医美注射针头的干货科普，先点赞收藏 #除皱针 #瘦脸针 #玻尿酸 #胶原蛋白 #赖竹豪
423,小懒,达人号,6659,659.0,659.0,0.099,新星,1,,,,洗面奶,"659.0赞 抗氧的权威真是后知后觉
#afae抗氧洗面奶 #变白 #素颜#护肤#嘉桐摇"
424,八大处整形医生何懿,专业号,7768,436.5,834.0,0.0562,新星,2,,,,刷酸/皮肤管理/闭口粉刺,"834.0赞 严重的痤疮治疗顺序你知道吗？ 如果皮肤有炎症，痤疮严重；
那么我会选择先做光子，控油抗炎，硬化油栓。然后再刷酸针清去除黑头、白头以及成熟的脓包痘痘和硬化的油栓。#八大处何懿 #果酸焕肤 #光子嫩肤 #痤疮 #皮肤管理"
425,装忧郁,达人号,7147,639.0,639.0,0.0894,新星,1,,,,洗面奶,"639.0赞 你有没有想我呀
小宝们护肤也很关键哈，因为我很懒不想每次在脸上涂一大堆，这个维她白每次洗完都软软嫩嫩，一整天特别亮#抗氧#学生党#维她白美白洗面奶"
426,六六奶奶,达人号,8859,447.5,555.0,0.0505,新星,2,,,,水乳/面膜,555.0赞 前儿媳来看孙子，快一个月了，这段时间我们都很开心，还是跟前儿媳一起生活舒坦，那个儿子不要也罢。#前儿媳 #家庭情感共鸣 @广西莎莎（7号美白淡斑水乳） @广西可乐（15号持妆粉底液活动） @六六奶奶小日常
427,绍妈,达人号,7935,597.0,597.0,0.0752,新星,1,,,,水乳,597.0赞 我们不需要水乳精华霜重复叠加一堆产品，增加皮肤的负担#护肤品 #护肤
428,润培官方旗舰店,品牌号,891317,12920.4,22447.0,0.0145,腰部,8,,,,身体乳,22447.0赞 当生活被繁杂裹挟 我们总期盼有一处，专属于彼此的情绪角落  以好香，传递美好生活 跟随润培品牌大使一起 邂逅香气，遇见生活的浪漫 #roopy润培 #润培品牌大使奥利淑元 #润培护手霜 #润培身体乳 #润培沐浴露
429,娜抓🥤,达人号,776308,101560.0,101560.0,0.1308,腰部,1,,,,面霜,101560.0赞 有梗老师VS阴阳师。#一人分饰多角 #可复美焦点面霜#紧致 #提亮
430,小幸睡醒了💤,达人号,976069,3045.0,12145.0,0.0031,腰部,4,,,,水乳/面膜,12145.0赞 🍂一些低成本高回报的入秋幸福感好物#瑷尔博士287菌 #瑷尔博士益生菌287面膜 #287菌细胞修护
431,C咖官方旗舰店油皮酸酶焕肤,品牌号,594239,650.7,11813.0,0.0011,腰部,26,,,,油皮护肤/精简护肤,"11813.0赞 高光只是一瞬，来路却要走很久
十年里，他在镜头前出现过很多次
镜头外的路走得不快，回头时却已有人看见
正如C咖酸酶高光精华水
为了专研油皮焕肤，C咖走向山的深处
上亿年环境选择，2000万条蛋白酶序列层层筛选
最后被留下的是这颗高光酶
被时间留下的，终会发光
跟随@罗正  C咖高光大使，共赴高光时刻
#罗正C咖高光大使  #神奇的酸酶 #油皮护肤选C咖  #C咖油皮精准护肤  #C咖酸酶水"
432,植祛护肤旗舰店,品牌号,855565,515.6,12206.0,0.0006,腰部,31,,,,毛孔粗大/水杨酸/洗面奶/精简护肤,12206.0赞 青春痘，黑头，粉刺，植祛控油祛痘洗面奶，早晚洗一洗，控油又祛痘！#祛痘 #植祛
433,小树美护肤旗舰店,品牌号,975143,275.6,982.0,0.0003,腰部,14,,,,面霜,982.0赞 神仙颜值素颜霜，五合一，面霜+遮瑕膏+隔离+精华+素颜霜 #小树美
434,丸美官方旗舰店眼霜号,品牌号,619061,44.2,997.0,0.0001,腰部,36,,,,抗老/水乳/眼霜,"997.0赞 双11买什么好？快来听魏哲鸣怎么说📢 小红笔家族携手丸美品牌心动代言人@魏哲鸣Miles 正式官宣！坚持护肤管理，保持自身好状态！
#丸美品牌心动代言人官宣 #魏哲鸣 #丸美小红笔眼霜 #丸美小红笔眼油 #丸美小红笔水乳 sc id"
435,麦琳,达人号,991282,289.4,1989.0,0.0003,腰部,16,,,,抗老/眼霜,1989.0赞 油润不闷眼！优时颜 4.0 微笑眼霜好吸收不搓泥#麦琳直播好物 #直播福利套装 #优时颜
436,自然堂官方旗舰店洁面,品牌号,789872,168.2,1472.0,0.0002,腰部,17,,,,毛孔粗大/洗面奶/皮肤暗沉,1472.0赞 夏日刚需洗面奶，洗掉闷热油垢，皮肤清爽不黏腻，学生党闭眼入！#自然堂 #洁面 #自用好物
437,海洋至尊官方旗舰店,品牌号,904514,83.2,708.0,0.0001,腰部,40,,,,洗面奶/皮肤暗沉/精简护肤/闭口粉刺,708.0赞 真正好用的洗面奶，就是能让男人一用就爱上！清爽不紧绷，跟着牛油果子哥囤就对了！#牛油果子哥 #海洋至尊三棱镜洗面奶 #男士必备 #洗面奶
438,甜帅,达人号,869800,229.4,1007.0,0.0003,腰部,8,,,,洗面奶/皮肤暗沉/精简护肤/美白精华/身体乳,1007.0赞 秋冬精简护肤真的太香了 #护肤 #好皮肤养出来 #不做黄脸婆
439,妮维雅Nivea官方旗舰店,品牌号,503613,820.5,1639.0,0.0016,腰部,2,,,,痘印/美白精华/身体乳,1639.0赞 630淡斑淡痘印特证美白精华30ml改善暗沉
440,珀莱雅官方旗舰店双抗,品牌号,858874,139.6,953.0,0.0002,腰部,7,,,,早C晚A/水乳,953.0赞 超长待机持妆、还好有珀莱雅双抗帮我稳稳托底。9月19日晚8点进播直播间，和我一起解锁双抗焕亮实力！#SK卡卡 #珀莱雅双抗水乳
441,困困和呼呼,达人号,764061,14958.0,14958.0,0.0196,腰部,1,,,,烟酰胺,14958.0赞 这年头想要什么类型的男朋友都是自己diy的！ #爆改男友 #theordinary烟酰胺#theordinary#爆改
442,小爱是也,达人号,617756,10387.0,10387.0,0.0168,腰部,1,,,,积雪草,10387.0赞 素颜见你的话 你还会期待吗#芙效宁积雪草祛痘膏
443,白开水小姐,达人号,694149,9225.0,9225.0,0.0133,腰部,1,,,,面霜,9225.0赞 神来了 所有人严肃观看！！！ #有色面霜 #测评 #干皮 #伪素颜 #水光肌
444,瓜瓜助眠屋,达人号,683782,7473.0,7473.0,0.0109,腰部,1,,,,面膜,7473.0赞 ASMR助眠 | 大明星通告前的准备工作 #asmr #助眠  #兰芝睡眠面膜 #兰芝粉膜   #兰芝嘟嘟粉面膜
445,佳木有超雄,达人号,541664,3872.0,3872.0,0.0071,腰部,1,,,,面膜,3872.0赞 换季啦！秋冬平价面膜合集 无广！全类型面膜都有 不许乱花钱！#秋冬必备护肤 #面膜 #护肤 #平价
446,学长话真多（被迫相亲版）,达人号,889535,4272.0,4272.0,0.0048,腰部,1,,,,烟酰胺,4272.0赞 男生变帅攻略#干货 #诺特兰德VCVE烟酰胺片 #诺特兰德烟酰胺
447,爱生活爱香香,达人号,787683,786.7,1945.0,0.001,腰部,6,,,,身体乳/面膜/面霜,1945.0赞 姐妹们面膜来了 香香有款面膜要给大家分享，需要面膜的姐妹们不要错过啦。#记录真实生活 #我的生活日记 #日常vlog
448,高原,达人号,589776,1284.0,1284.0,0.0022,腰部,1,,,,水乳,1284.0赞 当我意识到中国审美失去下颌角太久了… #晚间护肤#有生之颜时光锁水乳#自律
449,babysheep官方旗舰店,品牌号,665044,641.3,3520.0,0.001,腰部,6,,,,面膜,3520.0赞 大夏天不要再穿又闷又厚的安睡裤了，姐妹们！试试babysheep这款蚕丝面膜裤，轻薄透气巨舒服！趁划算闭眼入！
450,_对待小禾要认真,达人号,527870,1430.0,1430.0,0.0027,腰部,1,,,,护肤干货,1430.0赞 痘肌抗🔥🔥日常可以从饮食和护肤两方面慢慢调理～#痘肌护肤 #抗炎饮食 #抗氧化护肤 #痘痘肌 #护肤干货
451,曹兔子🐰,达人号,532019,886.0,886.0,0.0017,腰部,1,,,,皮肤管理,886.0赞 一份沪币享受三大高定护理，真的是赚到了！#芮兹 #芮兹致臻 #变美攻略 #低成本变美 #皮肤管理
452,大四喜,达人号,934422,1000.0,1000.0,0.0011,腰部,1,,,,水乳,1000.0赞 把皮肤给他搞厚！ #创尔美 #创尔美修护水乳
453,黑珍珠Dani,达人号,568462,547.0,547.0,0.001,腰部,1,,,,抗老/面膜,547.0赞 松弛又高效，不费劲也能养出好皮肤好状态～#silkn丝可#丝可光雕提拉面膜仪#家用美容仪#抗老#面罩美容仪
454,穆穆姐姐,达人号,868132,759.0,759.0,0.0009,腰部,1,,,,身体乳,759.0赞 来杭州之后能和朋友经常见面啦！好幸福 #群像 #生日 #王小麦的精神世界 #露比黎登身体乳
455,周一,达人号,894426,681.0,681.0,0.0008,腰部,1,,,,抗老,681.0赞 别再盯着脸上的皱纹了，头发才是显老元凶！ #长发小寨 #长发小寨淘米水 #脱发 #防脱洗发水 #抗老
456,张小捶的面膜日记,达人号,646487,2621.2,9494.0,0.0041,腰部,5,,,,面膜,9494.0赞 奶香抹茶面膜，用奶糖直接做出来
457,王梓薇,达人号,978188,2467.0,11906.0,0.0025,腰部,5,,,,护肤干货/胶原蛋白/面膜/面霜,11906.0赞 带你们看看，90后女演员进组后不拍戏的一天，都在干什么？#剧组生活#护肤#兰奈儿水光胶原蛋白面膜。
458,@土呀土豆子,达人号,820018,91753.0,91753.0,0.1119,腰部,1,,,,早C晚A/水乳,91753.0赞 看来得换个方式整蛊他了… #整蛊系列 #外卖 #美食 #麻辣烫  #HBN早C晚A水乳pro
459,韩束KANS官方直播,品牌号,631699,400.0,1367.0,0.0006,腰部,5,,,,面膜,1367.0赞 原相机素颜能打，这套玻色因一定要入手！！#囤货更划算 #面膜推荐 #清凉一夏
460,轩澔优选,达人号,974401,294.5,885.0,0.0003,腰部,4,,,,皮肤暗沉/面膜/面霜,885.0赞 #男士面霜 换季男士皮肤粗糙暗沉，还总是油光满面的，那你就洗完脸去涂这款#保湿面膜 #男士面霜推荐#男士护肤
461,晴朗☀️,达人号,587637,175.0,584.0,0.0003,腰部,4,,,,烟酰胺,584.0赞 #生活碎碎念 #烟酰胺#21金维他 #生活小妙招
462,勇猛羊崽,达人号,686669,27929.0,40269.0,0.0407,腰部,2,,,,抗老/面霜,40269.0赞 下班后😋Let's曲水兰亭躺平24小时 #vlog#记录真实生活#麦吉丽超能精萃水 #抗老精华水
463,雯子（台湾特产在橱窗）,达人号,530490,1125.0,1872.0,0.0021,腰部,3,,,,抗皱面霜/面膜/面霜,1872.0赞 活动价89两瓶，韩国进口高效保湿提拉 紧致抗皱面霜#好物推荐🔥
464,FLORACARE百花萃官方旗舰店,品牌号,621457,286.3,823.0,0.0005,腰部,3,,,,水乳/洗面奶/精华液/面膜/面霜,823.0赞 【明星推荐】百花萃官方旗舰店#百花萃护肤套装#国货之光#护肤水乳套装##面膜#洗面奶#面霜#精华液
465,凌姑娘168,达人号,727953,529.0,674.0,0.0007,腰部,3,,,,精华液,674.0赞 我这个儿媳妇真的把公公当亲爹来使唤啊！下雨天，非要公公开车带她去拿快递，是我都不敢叫#奶奶自用多年的抗皱精华液 #视频左下角下单
466,葛旭、,达人号,697402,29150.0,29150.0,0.0418,腰部,1,,,,面膜,29150.0赞 丑会传染吗 #膜法世家二裂酵母面膜
467,阿依芸（兰一羊妈妈）,达人号,849987,34525.0,34525.0,0.0406,腰部,1,,,,面霜,34525.0赞 兰一羊，有没有奖状都不重要，在我心里你就是世界第一#麻辣串串香#碎碎念#海龟爸爸小蓝瓶#青少年面霜
468,易聪女士,达人号,812061,4709.5,8448.0,0.0058,腰部,2,,,,防晒霜/面霜,8448.0赞 第一次感受到儿童面霜的权威！#儿童面霜#启初胚米面霜#启初#换季必备
469,前夫哥老夏,达人号,841134,26863.0,26863.0,0.0319,腰部,1,,,,面霜,26863.0赞 小虎难得回来，太想他了，给他整个他想吃的徐福烩饭#单身虎爸#父子日常#海龟爸爸小蓝瓶#青少年面霜
470,chuchu楚楚,达人号,743439,3895.0,4237.0,0.0052,腰部,2,,,,眼霜/面霜,4237.0赞 人甚至不能共情从前买这些的自己，我真的扶额苦笑#丸美小红笔眼霜#丸美小红笔cp
471,小琦很哇塞,达人号,520951,1056.0,2066.0,0.002,腰部,2,,,,面膜,2066.0赞 面膜敷对，皮肤状态真的肉眼可见变好#怪奇物语#面膜种草#日常护肤#女生护肤#假期出行
472,护肤石验室（予田）9月19日新品尝鲜体验,达人号,980222,690.0,851.0,0.0007,腰部,2,,,,精华液,851.0赞 粉丝体验测评，新品重磅上新，9月19号早上9点！#予田 #光甘草定精华液 #中秋 #抖音中秋好礼季
473,韩束官方旗舰店彩妆号,品牌号,535313,396.0,730.0,0.0007,腰部,2,,,,面霜,730.0赞 面霜+精华+隔离+素颜霜，一瓶多用素颜霜，黑黄皮救星的素颜霜 10秒上妆，一抹提亮遮瑕！
474,小老师呀,专业号,660096,19022.0,19022.0,0.0288,腰部,1,,,,面膜,19022.0赞 带妈妈见他一生中最重要的人，妈妈感动到话都不知道咋说了#宝妈#二胎家庭#日常#高姿面膜
475,我是朵朵妈,达人号,786522,419.5,629.0,0.0005,腰部,2,,,,身体乳,629.0赞 皮肤干燥起皮的一定要来试下这款身体乳，大牌香味，不黏腻，很滋润，活动价29.9两支#身体乳推荐 #香氛身体乳推荐
476,王Sir探美业,达人号,897093,518.5,739.0,0.0006,腰部,2,,,,刷酸/毛孔粗大/痘印,739.0赞 毛孔粗大混油皮避坑三大逻辑 毛孔粗大混油皮痘痘肌是五回事#痘痘#毛孔粗大#混油皮#刷酸#王sir探美业
477,富贵rich,达人号,605674,282.5,520.0,0.0005,腰部,2,,,,精简护肤,520.0赞 一定要看成片！超级满意的一天！ #可可系  #可可系完全是浓人的舒适区    #精简护肤界有自己的橄榄大法  #潮妆研究所 #planner粉饼
478,珠光宝气萌妞妞💎,达人号,878510,19558.0,19558.0,0.0223,腰部,1,,,,早C晚A/水乳,19558.0赞 给所有猝不及防兜底！3个超快手出门变美小方法，玄关顺上就走！#穿搭 #配饰 #护肤 #HBN早C晚A水乳pro
479,高伯伯,达人号,871606,16185.0,16185.0,0.0186,腰部,1,,,,面霜,16185.0赞 带小友谊去友谊商店 #兰蔻塑颜精雕面霜#日常vlog#记录真实生活
480,我是一鹤,达人号,645442,8033.0,8033.0,0.0124,腰部,1,,,,面霜,8033.0赞 青岛寻嫂扑空！一鹤追到家里，瑞哥干脆开车直奔淄博，势要把嫂子逮住 #大宝红宝瓶#红宝瓶面霜#日常vlog
481,尤马马,达人号,739137,8661.0,8661.0,0.0117,腰部,1,,,,眼霜,8661.0赞 这些能给精致中女带来直观影响的精养小习惯#女性提升 #精致生活 #变美小技巧 #优时颜微笑眼霜
482,王爷和盼盼,达人号,938613,8591.0,8591.0,0.0092,腰部,1,,,,面霜,8591.0赞 年轻有活力幸福一家人 #夫妻日常#家庭 #伙今吃啥 #海龟爸爸小蓝瓶 #青少年面霜
483,菟丝爱动漫,达人号,606365,4584.0,4584.0,0.0076,腰部,1,,,,面膜,4584.0赞 美容草莓面膜居然在偷走人们的表情和情绪！ #bjd娃娃 #怪诞美学 #童话 #极繁主义
484,元气姬姬,达人号,771212,5418.0,5418.0,0.007,腰部,1,,,,面膜,5418.0赞 哼！太虚剑意！你可瞧好了！ #胡有姬 #太虚剑意你可瞧好了 #变装  #膜法世家二裂酵母面膜 #小师妹
485,芥末椰yeri,达人号,628203,4306.0,4306.0,0.0069,腰部,1,,,,身体乳,4306.0赞 秋日悦己，好好善待皮肤，才会自带好状态 #依泉C8特润霜 #依泉特润霜 #依泉身体乳 #修护从依泉开始#总助的日常
486,博士生小薛Yuki,专业号,781951,4634.0,4634.0,0.0059,腰部,1,,,,身体乳,4634.0赞 生物学博士从原理教你跳出“痒抓循环” #依泉C8特润霜#依泉特润霜#依泉身体乳#修护从依泉开始 #拯救敏感肌
487,圆湘琴子,达人号,662023,5212.0,5212.0,0.0079,腰部,1,,,,抗老,5212.0赞 咱打工人想要去年龄感，不靠化妆，一瓶油就能拿到大结果！#护肤#抗老#打工人#佰草集仙草油#精华油
488,嘉嘉油鸭,达人号,904415,6194.0,6194.0,0.0068,腰部,1,,,,黄黑皮,6194.0赞 黄黑皮就应该选这种贴合自己原生肤色的粉底液，妆容才高级又有质感！#底妆 #粉底液 #黄黑皮粉底液 #遮瑕粉底液
489,Nico妮妮,达人号,969183,3765.0,3765.0,0.0039,腰部,1,,,,面霜,3765.0赞 托运好贵…但是还是跨越万里把它们带走了。 #干皮#好物 #谷雨美白油霜#面霜
490,李有诗（护肤版）,达人号,522493,1863.0,1863.0,0.0036,腰部,1,,,,水杨酸/面霜,1863.0赞 百元内护肤品好物推荐第五期！看看有啥是你用得上的！沐浴露，水杨酸还是舒缓面霜#护肤 #避坑
491,Lena🎀,达人号,537321,2794.0,2794.0,0.0052,腰部,1,,,,水乳,2794.0赞 30+女人带娃旅行，轻松get好状态 #带娃旅行 #亲子游 #THEWHOO #天气丹5A水乳 #后whoo
492,木三,达人号,690150,3879.0,3879.0,0.0056,腰部,1,,,,眼霜,3879.0赞 请把我和它锁死！能回购一辈子的仙品 #好物分享#购物分享#回购好物#眼霜#沐浴油
493,广东著名性感火辣爆浆蟑螂🪳女士,达人号,556446,2691.0,2691.0,0.0048,腰部,1,,,,面膜,2691.0赞 再次低估了，原来老辈子吃得这么好啊 #现代苏培盛 #日常vlog #面膜 #干皮 #暴晒
494,正义的赛罗,达人号,550196,2589.0,2589.0,0.0047,腰部,1,,,,面膜,2589.0赞 贝小黑给西瓜敷面膜 #贝小黑 #赛小罗  #奥特曼儿童动画片 #奥特曼3-6岁儿童动画片  #儿童动画
495,甜久久（冲刺版）,达人号,630558,3328.0,3328.0,0.0053,腰部,1,,,,面膜,3328.0赞 熬夜后的垮脸，一片修护面膜就能快速救场#熬夜护肤  #怪奇物语  #修护面膜  #冰咖啡面膜
496,僖子,达人号,598766,2235.0,2235.0,0.0037,腰部,1,,,,洗面奶,2235.0赞 终于找到了一款质价比高的洁面了！ #HBN氨基酸洗面奶 #好物推荐🔥
497,李璐Gemma,达人号,956995,4821.0,4821.0,0.005,腰部,1,,,,精简护肤,4821.0赞 34岁，我很满意我自己 #优斐斯传明酸臻颜精华 #优斐斯超感传明酸 #精简护肤  #变美习惯 #好状态自己养
498,攀攀nikki,达人号,883896,2108.0,2108.0,0.0024,腰部,1,,,,面霜,2108.0赞 美白油霜到底是不是智商税？ #谷雨美白油霜#面霜#测评
499,嘉嘉别吃撑,达人号,557113,1874.0,1874.0,0.0034,腰部,1,,,,面霜,1874.0赞 挑战让普通粉丝逆袭变美，今天是脸垮姐妹！#测评  #护肤  #逆袭  #大宝红宝瓶面霜
500,一只柚崽,达人号,529797,1623.0,1623.0,0.0031,腰部,1,,,,面霜,1623.0赞 和儿子互换身份的一天#人类幼崽  #亲子日常 #养儿子的快乐 #皮帕熊金银花面霜#皮帕熊金银花早晚霜
501,小本Brant,达人号,610254,749.0,749.0,0.0012,腰部,1,,,,面霜,749.0赞 线下专柜夯爆！谷雨你变成了我不认识的样子#面霜分享 #谷雨美白油霜 #晒后美白 #修护 #光甘草定
502,树莓昕昕籽,达人号,714830,1015.0,1015.0,0.0014,腰部,1,,,,水乳,1015.0赞 难道我们敏感肌只能求成分安心吗 #可复美胶原水乳
503,Ellen,达人号,746435,1170.0,1170.0,0.0016,腰部,1,,,,眼霜,1170.0赞 日常好物分享  #好物分享#优时颜微笑眼霜
504,粤式斯文sisi,达人号,797356,1740.0,1740.0,0.0022,腰部,1,,,,眼霜,1740.0赞 别乱花高价搞眼周！先听我的踩坑史 #肌研舒压眼霜#曼秀雷敦
505,吕天意_Ya,达人号,730867,979.0,979.0,0.0013,腰部,1,,,,防晒霜,979.0赞 去新疆一趟都晒不黑？怎么会有如此争气的防晒#安热沙防晒霜#安热沙小金瓶#安热沙小金喷#国庆#开学
506,宁夏九儿,达人号,641705,965.0,965.0,0.0015,腰部,1,,,,面膜,965.0赞 就这个#膜法世家二裂酵母面膜 我劝熬夜的姐妹们都去试试！随便敷敷都很透亮！我们全家人都爱敷！#提亮肤色改善暗沉 #换季必囤 #面膜
507,雪柴糕糕在韩国,达人号,606601,1586.0,1586.0,0.0026,腰部,1,,,,面膜,1586.0赞 跟着韩国牛马的魔鬼作息过一天，熬夜脸逆袭水光肌！ #糕仁日常 #韩国女生 #蒂佳婷 #蒂佳婷324浓修彩丸 #oliveyoung面膜
508,上海女子图鉴,达人号,646877,1394.0,1394.0,0.0022,腰部,1,,,,面膜,1394.0赞 偶遇珍珠帮帮主“辣弟胖丁”  逛街买什么 #街头购物 #大哥姐 #eiio水光面膜 #珍珠帮帮主
509,幸福守候,达人号,682036,857.0,857.0,0.0013,腰部,1,,,,面膜,857.0赞 大家好，昨天喝喜酒好多亲戚都说我越来越年轻了，今天有时间给你们分享我用的是什么#焕亮 #面膜霜 #补水保湿 #好东西一起分享
510,梅姐阳哥的农村生活,达人号,633758,885.0,885.0,0.0014,腰部,1,,,,洗面奶,885.0赞 这锅烟灰真的有用，刚好我们有洗面奶，素材挺好的#洗面奶 #洁面乳
511,野生芫荽（辣条）,达人号,687631,1269.0,1269.0,0.0018,腰部,1,,,,黄黑皮,1269.0赞 黄黑皮挚爱｜无广新手0技术get亚裔妆好物分享～ #黄黑皮 #肿泡眼 #新手化妆 #亚裔妆好物 #亚裔妆
512,南瓜三姐夫（克丽缇娜洗面奶专场）,达人号,815512,747.0,747.0,0.0009,腰部,1,,,,水乳/面霜,747.0赞 秋季，给你们带来了克丽缇娜好用的爽肤水，乳液，面霜，保湿，抗皱的呢
513,小鱼同学UAU,达人号,899634,658.0,658.0,0.0007,腰部,1,,,,水乳,658.0赞 成功打入韩国国民落地签㊙️组织内部 #挑战101种人生 #职业体验 #韩国 #雪花秀人参水乳
514,舒舒Shirley,达人号,674855,569.0,569.0,0.0008,腰部,1,,,,防晒霜,569.0赞 长假前得再囤两瓶带出门！！#安热沙防晒霜#安热沙小金瓶#安热沙小金喷#国庆#开学
515,情多多2.0（9.19生日大场！）,达人号,686012,588.0,588.0,0.0009,腰部,1,,,,面膜,588.0赞 依旧力度拉满#面膜 #护肤
516,李俊禄,达人号,849092,632.0,632.0,0.0007,腰部,1,,,,面膜,632.0赞 什么档次 偷偷用我勒面膜
517,十一天,达人号,674139,597.0,597.0,0.0009,腰部,1,,,,洗面奶,597.0赞 干手干脸轻轻揉搓 定期清洁！洗面奶清洁不到位的就得靠它！#去角质
518,时间美学  张琴,达人号,663316,634.0,634.0,0.001,腰部,1,,,,痘印,634.0赞 瑕疵皮底妆先把拍遮瑕这一步做对 #妆教 #痘印 #瑕疵皮 #底妆 #化妆教程
519,欧莱雅官方旗舰店,品牌号,11864868,127.6,2804.0,0.0,头部,27,,,,水乳/面膜/面霜,2804.0赞 但凡你早点知道这套全新欧莱雅复颜水乳，也不至于刚过了30就担心细纹暗沉显老！上新限时拍1发N，速抢！
520,瓜瓜厂长,达人号,4383875,215.2,547.0,0.0,头部,10,,,,护肤步骤/水乳/洗面奶/皮肤管理/闭口粉刺/面霜,547.0赞 涂个水乳像铺水泥，一层一层都掉渣！#兰奈儿深层清洁泥疗
521,光光今晚8点换季护肤焕肤抗老直播,达人号,1312219,661.7,1825.0,0.0005,头部,6,,,,护肤干货/痘印,1825.0赞 25岁之后是不是护肤品越用越没效果？不是产品不行，是皮肤吸收力下降！省心省钱省时间的焕肤大法分享给你，抓住 10 月黄金护肤期，1 个月就能抵别人大半年护肤收益，瑕疵皮熟龄肌速速收藏~#熟龄肌 #护肤干货 #秋冬护肤
522,凡士林官方旗舰店,品牌号,1016358,272.2,845.0,0.0003,头部,5,,,,烟酰胺/身体乳,"845.0赞 💌小卡预告｜和「妮」的亲密距离已解锁30%
凡士林 ✖️ JENNIE 联名小卡 on the way💙
你能Pick到哪个「妮」～
中国独家限量&全球限量小卡惊喜加载中▶️，即将揭幕👀

#JENNIE凡士林全球品牌大使 
#VaselinexJENNIE #JENNIE 
#凡士林美白身体乳 #凡士林雪融霜"
523,刘真Eeeeee_L,达人号,4721507,4095.2,7572.0,0.0009,头部,4,,,,面膜/面霜,7572.0赞 正装小娇韵诗大放送！哪个油皮还没被我种草这个善良版的毛孔精英#小娇韵诗O椰吸油霜 #myclarins #油皮面霜
524,孙嘉阳,达人号,1019919,204574.0,204574.0,0.2006,头部,1,,,,水乳,204574.0赞 轮到自己，那些偏方全不管用了 #一人分饰多角  #重组家庭  #李艳和春琴#丸美胶原水乳Pro
525,BUV笔薇官方旗舰店,品牌号,2316682,339.9,14988.0,0.0001,头部,115,,,,毛孔粗大/洗面奶/痘印/闭口粉刺,14988.0赞 快快快！这么好用的buv小绿泥洗面奶才这价，错过真得拍大腿了#buv #buv小绿泥洗面奶#出油就用BUV #囤洗面奶#护肤
526,白云山美妆旗舰店,品牌号,1654717,190.9,11179.0,0.0001,头部,83,,,,毛孔粗大/闭口粉刺,11179.0赞 国货之光白云山清洁泥膜棒，用惯了大牌的我，却爱上这个老国货，#毛孔粗大#黑头闭口多的一定要试试它！#温和清洁泥膜
527,廿一山山,达人号,1938957,113366.0,113366.0,0.0585,头部,1,,,,美妆博主,113366.0赞 “真心换真心”#姜乘澜 #美妆博主  #化妆 #真诚 #女性
528,丽可植官方旗舰店,品牌号,1272967,20.7,644.0,0.0,头部,95,,,,毛孔粗大/痘印/祛痘精华/精华液/精简护肤/闭口粉刺,644.0赞 青春期孩子脸部护理很重要 这款丽可植祛痘精华 深得我心 给孩子用正合适#国货老品牌#平价祛痘好物
529,百雀羚官方旗舰店,品牌号,4547720,34.7,586.0,0.0,头部,31,,,,抗皱面霜/抗老/毛孔粗大/水乳/精华液/面霜,586.0赞 女人一过25岁，额头干纹法令纹越来越深，别乱买护肤品，我们帮你紧致淡纹 #百雀羚超A瓶礼盒 #百雀羚抗皱水乳 #护肤
530,科颜氏KIEHL&#39;S,达人号,2891612,250.5,2099.0,0.0001,头部,11,,,,抗老/防晒霜/面霜,2099.0赞 护肤日常分享｜代言人蔡徐坤同款科颜氏高保湿面霜，滋润感拉满
531,玉泽Dr.Yu官方旗舰店,品牌号,1423598,101.1,881.0,0.0001,头部,22,,,,精简护肤/面霜,"881.0赞 惊喜空降✨小紫邀你稳稳赴约！ 
一到换季，皮肤就泛红干痒？
首位玉泽品牌护肤全球代言人@杨紫 在线分享她的修护搭子👇
「玉泽专研青蒿修护面霜」分分钟退红，敏感不反复。百位皮肤学专家认可有效，创研青蒿提取物，加速修护。干敏皮、油敏皮分肤定制。
「玉泽青蒿修红次抛」对抗8大泛红，全皮层修护。首次应用青蒿微囊渗透技术，2倍促渗直透肌底。 
📅9月21日20点
小紫稳稳空降抖音「玉泽Dr.Yu官方旗舰店」直播间💜
🎁代言人亲签+专属周边好礼已备好，更有超多惊喜福利掉落！
⏰定好闹钟，和小紫稳稳相愈吧！ 
#杨紫玉泽首位全球护肤代言人#守护稳稳的YANGZI#玉泽 #抖音商城超级品牌日 #抖音超级品牌日"
532,妮薇颜美妆旗舰店,品牌号,1074631,271.8,704.0,0.0003,头部,8,,,,抗老/面霜/黄黑皮,704.0赞 神仙颜值素颜霜，五合一，面霜+遮瑕膏+隔离+精华+素颜霜，提亮遮瑕不假白、无需卸妆。轻松打造素颜裸妆!
533,草本时光（专注斑点）,达人号,2017892,113.7,722.0,0.0001,头部,37,,,,烟酰胺/面霜/黄黑皮,722.0赞 求求这玩意千万别停产！草本七子白搭配 377 烟酰胺，淡化斑点改善黄皮，养出匀净透亮好肌肤！
534,女明猩粥粥💅（重生版）,达人号,2275922,319.0,1400.0,0.0001,头部,9,,,,水乳/眼霜/面霜,1400.0赞 不是..哈哈 逗我呢？搞这么大券...？给我找仇恨？？#毕生之研#毕生之研厚脸皮#水乳
535,美颜坊官方旗舰店,品牌号,1846864,49.3,554.0,0.0,头部,57,,,,抗皱面霜/抗老/水乳/眼霜/胶原蛋白/面霜,554.0赞 皱纹、细纹、脸上显老怎么办？快来试试这款抗皱面霜吧！很有用#法令纹#鱼尾纹#细纹
536,OLAY官方旗舰店直播间,品牌号,1501508,59.1,902.0,0.0,头部,21,,,,抗老/毛孔粗大/水乳/烟酰胺/胜肽/胶原蛋白/面霜,"902.0赞 OLAYx孙颖莎｜自生年轻超能力，你也可以 一路迸发，不断超越自我
需要拥有什么超能力？

是千百次挥拍后的笃定
是坚持突破自我的坚韧

她的“超能力”从不来自外界
而是从心底自生，成为了本能

三年，OLAY陪她把这份力量
从赛场延续到每一刻

全新第6代#OLAY超红瓶
和她一起进阶，自生年轻“超能力”
28天超紧脸，超淡纹，超提拉

让年轻，自生长
唤醒自己的“超能力”
她可以，你也可以

#OLAY #OLAY品牌代言人孙颖莎 #OLAY超红瓶  #OLAY超红瓶水乳 
#孙颖莎的力量从哪里来"
537,小鱼儿.,达人号,4226577,134.7,594.0,0.0,头部,9,,,,毛孔粗大/水乳/洗面奶/皮肤暗沉/面膜/面霜,594.0赞 就这个#童颜纪 新品青苹果面膜，爱熬夜脸爱出油毛孔粗大暗沉的快去用！坚持敷敷素颜出门都自信了！#童颜纪面膜 #好皮肤养出来 #护肤 #面膜
538,自然堂护肤旗舰店,品牌号,6288391,49.5,1883.0,0.0,头部,55,,,,抗皱面霜/水乳/烟酰胺/积雪草/黄黑皮,1883.0赞 真实体验！自然堂超光白水乳套装含松茸抗氧+99%烟酰胺+积雪草修护，辅助改善暗黄，买一送一，到手13件，温和美白～
539,幸福一家人周甜丽,达人号,13549760,508.7,3181.0,0.0,头部,10,,,,水乳/面膜,3181.0赞 不吹不黑，欧诗漫的美白淡斑精华面膜和珍白水乳我和婆婆用很久了#欧诗漫#osm
540,韩束官方旗舰店男士直播间,品牌号,1213067,39.0,615.0,0.0,头部,40,,,,抗老/毛孔粗大/水乳/洗面奶/痘印/皮肤暗沉/眼霜/精简护肤,615.0赞 经常熬夜皮肤暗黄，又干又又油，试试#韩束 男士精华露，水乳精华三合一的，补水保湿，控油提亮，抗皱紧致，真的不错
541,丸美官方旗舰店,品牌号,4028007,52.3,508.0,0.0,头部,27,,,,抗老/水乳/眼霜/精简护肤/胜肽,508.0赞 魏哲鸣同款！四抗水乳一套紧致提亮。
542,丸美Marubi旗舰店,品牌号,1654334,64.9,540.0,0.0,头部,12,,,,水乳/美白精华/胶原蛋白,540.0赞 丸美新升级胶原Pro，15min肌肤嘭弹，7天淡7大纹！ #丸美#丸美胶原水乳Pro#丸美胶原礼盒Pro#护肤礼盒#丸美胶原水乳【QY+AY】
543,OLAY,达人号,6891925,917.1,6638.0,0.0001,头部,8,,,,水乳/美白精华,6638.0赞 OLAYx孙颖莎｜自生年轻超能力，你也可以 一路迸发，不断超越自我 需要拥有什么超能力？  是千百次挥拍后的笃定 是坚持突破自我的坚韧  她的“超能力”从不来自外界 而是从心底自生，成为了本能  三年，OLAY陪她把这份力量 从赛场延续到每一刻  全新第6代#OLAY超红瓶 和她一起进阶，自生年轻“超能力” 28天超紧脸，超淡纹，超提拉  让年轻，自生长 唤醒自己的“超能力” 她可以，你也可以  #OLAY#OLAY品牌代言人孙颖莎#OLAY超红瓶水乳#孙颖莎的力量从哪里来
544,HBN官方旗舰店,品牌号,4619338,290.9,966.0,0.0001,头部,50,,,,抗老/护肤步骤/早C晚A/水乳/洗面奶/眼霜/精简护肤,966.0赞 快使用HBN水乳霜套装对抗 松弛 皱纹 暗黄 迎接你的王子吧#护肤好物#抗皱
545,多余和毛毛姐,达人号,32851642,143.7,1456.0,0.0,头部,19,,,,面膜,1456.0赞 想要面膜的姐妹们别错过
546,陈赫,达人号,69033510,1409.4,21725.0,0.0,头部,19,,,,面膜,21725.0赞 很特别的嘉宾 很出片的拍摄！ #赤赤赫赫的vlog #萌宠出道计划  #欧莱雅安瓶面膜
547,EIIO奕沃官方旗舰店,品牌号,3132621,153.2,1296.0,0.0,头部,19,,,,面膜/黄黑皮,1296.0赞 宠粉宠到底！加量不加价！这波福利你还不快接！#eiio #eiio水光面膜
548,王北四19号8点人皮面膜新品韩国首发！,达人号,6030751,2146.3,16903.0,0.0004,头部,9,,,,面膜,16903.0赞 直奔人皮面膜本土工厂实地溯源 拒绝国内分装代加工，原料生产全在韩国搞定。#护肤 #溯源之旅 #旅游
549,黛兰卡官方旗舰店,品牌号,1458681,98.2,844.0,0.0001,头部,96,,,,抗老/面膜/黄黑皮,844.0赞 脸不干的可以刷走了！补水好物黛兰卡面膜快来带走！#黛兰卡##黛兰卡面膜 #好皮肤敷出来
550,小欧阳（直播号),达人号,1101738,111.5,854.0,0.0001,头部,11,,,,洗面奶,854.0赞 17块的三式洗面奶？！你敢信？？？还是全新2.0！！！#三式 #洁面 #三式洗面奶 #三式洁面乳 #好物推荐🔥
551,体德校长李维刚,达人号,22302024,222.9,1040.0,0.0,头部,8,,,,毛孔粗大/洗面奶,1040.0赞 我亲自把关，高夫洗面奶控油真行，护肤套组直接安排，兄弟们冲！#李维刚 #高夫
552,草安堂研究所（美白专场）,达人号,1046711,67.4,541.0,0.0001,头部,14,,,,油皮护肤/洗面奶/黄黑皮,541.0赞 懒人必备的洁面神器，既能卸妆又能清洁，原来洗干净脸毛孔都会变细腻~#草安堂洗面奶 #洁面分享 #护肤
553,珀莱雅官方旗舰店直播间,品牌号,2639941,67.4,513.0,0.0,头部,9,,,,早C晚A,513.0赞 北体人均什么水平？随便抓几个都能露两手！青春尽管全力上场，珀莱雅为每一份热爱补给焕亮好状态。#珀莱雅早c晚a #护肤
554,长发小寨官方旗舰店,品牌号,1878688,49.8,587.0,0.0,头部,13,,,,脱发掉发,"587.0赞 脱发掉发的 试试这个非遗传承的防脱方法！lwj260914
#长发小寨 #长发小寨淘米水"
555,張想想Arisa-aa,达人号,1387617,527.3,1571.0,0.0004,头部,3,,,,抗老,1571.0赞 趁还来得及 预制一张嘭弹饱满脸蛋～ #抗老精华 #次抛 #夸迪 #以油养肤#夸迪悬油次抛
556,eLL官方旗舰店5,品牌号,1596480,134.2,4196.0,0.0001,头部,49,,,,毛孔粗大/闭口粉刺,4196.0赞 毛孔大扫除！ell泥膜把老废油脂带走亲测ell泥膜，改善黑头闭口效果看得见#毛孔粗大 #脸部护理 #泥膜 #素颜水光肌 #ell泥膜
557,方树蓝,达人号,1122460,40689.0,40689.0,0.0362,头部,1,,,,抗老/面霜,40689.0赞 30+的抗老误区 99%的人都搞错了 #纵横由我#雅诗兰黛智妍胶原霜 #雅诗兰黛智妍面霜 #胶原面霜#秋冬面霜
558,阿尔忒弥斯美伢,达人号,4733199,174482.0,174482.0,0.0369,头部,1,,,,胶原蛋白,174482.0赞 晚霞与你 #可复美#重组胶原蛋白#可复美超透棒#次抛精华#护肤
559,黑心少奶奶-陈诗情,达人号,2155072,8288.0,16477.0,0.0038,头部,2,,,,水乳/面膜,16477.0赞 韩女怎么高温带妆do脸作死都饱满透露的秘密！ #韩女爱用 #修护#蒂佳婷324浓修彩丸 #蒂佳婷面膜
560,允恩,达人号,3051116,5434.5,10849.0,0.0018,头部,2,,,,水乳/面膜,10849.0赞 拜托！请追随我到天涯海角吧！！ #护肤#瑷尔博士287菌#瑷尔博士益生菌287面膜 #287菌细胞修护
561,刘巧巧9.20上午十点新品混场,达人号,4012161,8349.0,12774.0,0.0021,头部,2,,,,面膜,12774.0赞 本人的这套懒人聪明澡流程，让糙皮糙发成为过去式 #好物种草  #沐浴露  #护发素  #面膜
562,三岛迪仔,达人号,5149976,2185.5,2913.0,0.0004,头部,2,,,,抗老/精华液,2913.0赞 累就一个字，护肤要用好东西，我只说一次！#晚间护肤#护肤#黛之美#黛之美玻色因抗皱精华液
563,卢圆圆,达人号,2111621,1634.0,3253.0,0.0008,头部,2,,,,抗老/面霜,3253.0赞 干敏皮集合！恭迎天菜面霜回宫。#维缇芮生紧实霜#维缇芮生面霜
564,苏雪儿Yuki,达人号,1016192,27404.0,27404.0,0.027,头部,1,,,,抗老,27404.0赞 抗老不走弯路！3000的和300的抗老精华到底区别在哪？！#自然堂小紫瓶#抗老精华#自然堂超抗小紫瓶#自然堂25周年一起更美
565,陈星越,达人号,4370274,107146.0,107146.0,0.0245,头部,1,,,,面膜,107146.0赞 《看吓着》 #占有欲 #理肤泉B5面膜PRO＋
566,Jade金豆,达人号,1511647,39343.0,39343.0,0.026,头部,1,,,,面膜,39343.0赞 把生活还给自己，才能更好的去爱孩子~#margys骨胶原面膜#margys#把生活还给自己#女性力量#宝妈
567,微辣Cc,达人号,1160029,30213.0,30213.0,0.026,头部,1,,,,面膜,30213.0赞 婆婆非要挑事，没想到老公的反应竟然…#朱莉欧四色涂抹面膜#朱莉欧四色面膜
568,不陳文,达人号,1141730,29246.0,29246.0,0.0256,头部,1,,,,洗面奶,29246.0赞 可以和你在一起吗 可以的话就算了#舒肤佳祛痘洗面奶 #舒肤佳祛痘#氛围感
569,叶欣壹,达人号,1538956,34843.0,34843.0,0.0226,头部,1,,,,皮肤管理,34843.0赞 40岁大厂女商务上午赶早班机，下午请假生存全过程#职场#vlog#上班#皮肤管理
570,周八,达人号,1555279,250924.0,250924.0,0.1613,头部,1,,,,面膜,250924.0赞 我用几根钢管在房东家做了个摩天轮床 #改造#膜法世家二裂酵母面膜 #旧房改造#房间改造
571,罗亿忻（户外撒欢版）,达人号,1128379,12116.0,12116.0,0.0107,头部,1,,,,面霜,12116.0赞 成年人的回血密码，就是找到爱好给自己充能！#可复美焦点面霜#紧致#提亮#户外
572,周芯竹,达人号,5051313,54378.0,54378.0,0.0108,头部,1,,,,眼霜,54378.0赞 和T-ara孝敏姐姐一起当练习生的一天！ #vlog#雅诗兰黛小棕微雕眼霜#雅诗兰黛微雕眼霜#淡纹眼霜
573,苏大实验员萝卜,达人号,2853663,27269.0,27269.0,0.0096,头部,1,,,,抗老,27269.0赞 一个动作测出干老真相！同样以油抗衰，为什么就你越用越垮？ #以油养肤#抗老#海蓝之谜奇迹精华油#抗老精华#海蓝之谜
574,徐知涵,达人号,1245551,9663.0,9663.0,0.0078,头部,1,,,,面霜,9663.0赞 恭喜涵子在有色面霜挖宝成功，实现0的突破！#彩妆 #有色面霜 #底妆 #好物分享
575,十一列车-,达人号,1850427,12258.0,12258.0,0.0066,头部,1,,,,面霜,12258.0赞 vlog. 💭生活在一粒粒饱满 好美味 久违的早起五老哥给闺蜜们奉上   忙碌后的自我调节时刻 这个秋天也要更加热爱生活～ #vlog#健身#资生堂悦薇胶原炮面霜#悦薇胶原炮面霜#悦薇面霜
576,氧化菊,达人号,12999700,66241.0,66241.0,0.0051,头部,1,,,,面膜,66241.0赞 8年模特实测！黄泡脸一键爆改皮贴骨 #氧化菊 #水肿 #好物推荐 #冰美式面膜 #CODEMINT纨素之肤
577,花爷爱撸妆,达人号,1030374,4032.0,4032.0,0.0039,头部,1,,,,神经酰胺,4032.0赞 这次真的让测评团用上好东西了！真的好好用！#珂润修红精华#神经酰胺#精华#干敏肌#夏日在场企划
578,陈梦洁19号佩尔赫乔万人团购,达人号,2684769,2882.8,9160.0,0.0011,头部,6,,,,面膜,9160.0赞 和姐妹们一起游山玩水～ 19号早上8点的直播姐妹们都预约上了嘛#被大自然治愈的一天 #梦洁有六个葫芦娃 #佩尔赫乔融雪面膜
579,小符临门,达人号,1085644,1864.0,1864.0,0.0017,头部,1,,,,面膜,1864.0赞 一个机器搞定所有问题？三人猛猛测，看看到底是真是假！ #测评#旭茵AI面膜仪#旭茵#旭茵AI面罩C10Pro
580,You李奕,达人号,1527814,2406.0,2406.0,0.0016,头部,1,,,,面膜,2406.0赞 如果下次遇见你 #敷面膜敷尔佳 #敷尔佳方胖子 #敷尔佳湿敷膜
581,小蜗周周,达人号,1010764,1165.0,1165.0,0.0012,头部,1,,,,抗老,1165.0赞 pov：当你以为我维持美貌毫不费力的时候 #护肤分享 #晚间护肤#海蓝之谜奇迹精华油#海蓝之谜#抗老精华
582,贝德美官方旗舰店,品牌号,6167542,163.3,728.0,0.0,头部,6,,,,面霜,728.0赞 秋冬给宝贝护肤就囤它，直播间还有好多福利等你，快上车#贝德美 #儿童 #面霜
583,淦诗岐,达人号,1662372,326.5,1364.0,0.0002,头部,6,,,,面膜/面霜,1364.0赞 要不是好用到跳脚，我真的不想再分享第二次了#圣歌兰#面膜#颈膜#圣歌兰3区特攻面颈膜 9.19号20:00我的自用爱用！
584,种草大户萌叔Joey,达人号,8885654,1523.8,8498.0,0.0002,头部,6,,,,早C晚A/水乳,8498.0赞 出差忘带手机都不能忘带它们！来看看我的换季出差必备好物吧~#毕生之研厚脸皮水乳
585,熊宝🐻19号早8点眼油霜中秋回馈盛典,达人号,2215929,310.3,873.0,0.0001,头部,6,,,,眼霜,873.0赞 你还在用眼霜吗
586,阿娇‘sss,达人号,1131581,685.0,685.0,0.0006,头部,1,,,,毛孔粗大,685.0赞 跟黑头说再见～ #去黑头 #草莓鼻 #毛孔粗大 #精致女孩的秘密武器 #阿娇sss
587,草本伊个人护理旗舰店,品牌号,1016786,3197.8,15603.0,0.0031,头部,5,,,,面膜,15603.0赞 面膜巾这样的消耗品，现在这个机制买了就是赚到 !#好物推荐 #女生必备#测评
588,乌乌Woozzz,达人号,3776784,428824.0,428824.0,0.1135,头部,1,,,,面膜,428824.0赞 ASMR 当重度洁癖人来做深度清洁（单王拿下） #asmr#场景模拟#剧情#乌乌Woozzz#慕拉得超升小脸弹面膜
589,豫东小老妹,达人号,1028166,1024.6,3138.0,0.001,头部,5,,,,烟酰胺,3138.0赞 堂弟高旗结婚，周浩趁机会拉了四个漂亮伴娘，小老妹正好抓个正着#结婚#烟酰胺
590,吴平凡9.19可复美抢跑双十一,达人号,1284022,408.5,1526.0,0.0003,头部,4,,,,抗老/胶原蛋白/面霜,1526.0赞 熬夜大王，别垮着脸啦！ #熬夜专家 #熬夜护肤 #可复美焦点面霜 #肤色蜡黄暗沉怎么调理
591,高矮胖瘦·22号EZZ长高专场,达人号,9095863,289.5,559.0,0.0,头部,4,,,,修护精华/面膜/面霜,559.0赞 “高原”的面霜搭配“海洋”的面膜，这个秋冬，皮肤找不到又干又不稳定的理由#达肤妍 #达肤妍高原面霜 #达肤妍海葡萄面膜
592,姚瑞☀️晚上𝟖点四抗有活动,达人号,1367158,387.2,557.0,0.0003,头部,4,,,,抗老/面膜,557.0赞 俺家“小姑子”明天到超市又该闹人了……#搞笑 #日常vlog #胶原水光面膜 #姚瑞的四抗 #家庭
593,朱梓骁19号8点珂谧穿膜胶原次抛双重补贴,达人号,19735620,288.2,1139.0,0.0,头部,4,,,,护肤干货/皮肤管理,1139.0赞 皮肤管理！认准珂谧穿膜胶原棒就对了...#朱梓骁 #珂谧穿膜胶原棒
594,咪的妙脆角,达人号,2629273,210092.0,210092.0,0.0799,头部,1,,,,面霜,210092.0赞 美味的我｜妙脆维修误闯婚礼当花童的一天！#萌宠出道计划 #妙脆角小猫 #修理猫  #治愈#OLAY超红瓶面霜
595,JohnsonBrothers强森兄弟,达人号,1802330,120682.0,120682.0,0.067,头部,1,,,,防晒霜,120682.0赞 小时候等防晒霜干是种什么体验… #搞笑 #分享#兄弟 #青年创作扶持计划 #原创
596,三儿在澳洲,达人号,1208514,74905.0,74905.0,0.062,头部,1,,,,面霜,74905.0赞 张小黑没升的职，都升在厨艺上了，把坏脾气留给妈妈的孩子#记录真实生活#润本蛋黄油精华霜 #润本面霜 #润本
597,王一楠,达人号,2577435,163430.0,163430.0,0.0634,头部,1,,,,面膜,163430.0赞 76岁的“老助理”来陪我上班啦 #记录真实生活#一勺楠风#云南#母女#毛戈平鱼子面膜
598,成成妈,达人号,2670914,153177.0,153177.0,0.0574,头部,1,,,,面霜,153177.0赞 万物皆可口袋饼，平时不知道吃什么的快试试吧#农村生活 #农村美食 #海龟爸爸小蓝瓶#青少年面霜
599,米卡Mika,达人号,1040880,58904.0,58904.0,0.0566,头部,1,,,,面霜,58904.0赞 20后总裁工作日的一天 #薇诺娜宝贝小奶盖屏障霜 #薇诺娜宝贝面霜
600,小A_Vicky,达人号,3308501,359.0,694.0,0.0001,头部,3,,,,面霜,694.0赞 1支用胳肢窝，1支用脸，露得清姜黄面霜9.20中秋专场！
601,娄艺潇,达人号,21538778,411.0,1226.0,0.0,头部,3,,,,屏障受损,1226.0赞 姐妹们，你们是不是也是这样子的皮肤！我现在就在韩国皮肤科，我们一起看看屏障受损的皮肤到底怎么修护！#敏感肌 #屏障 #薇诺娜
602,粥粥难焦,达人号,1784084,90270.0,90270.0,0.0506,头部,1,,,,身体乳,90270.0赞 陷阱从来不是硬拉你进去的，而是让你心甘情愿留下来#粥粥难焦#OLAY蓝风铃沐浴露#OLAY第三代超白瓶身体乳
603,沛瑶小姨,达人号,1887446,86737.0,86737.0,0.046,头部,1,,,,面膜,86737.0赞 没想到我们这个草台班子还能拍霸总短剧！ #日常vlog#记录真实生活#我的生活日记#理肤泉B5面膜PRO➕
604,樱桃老丸子呀,达人号,2232136,92507.0,92507.0,0.0414,头部,1,,,,面霜,92507.0赞 我妈结婚的时候不喊我？没关系，我直接给她再办一次婚礼#兰蔻塑颜精雕面霜#复刻父母年代的婚礼#带妈妈再穿一次婚纱
605,小瑞田心,达人号,1851454,63893.0,63893.0,0.0345,头部,1,,,,水乳,63893.0赞 平平淡淡，团圆即圆满 #生活记录#vlog#中秋节#欧莱雅复颜燕窝酸水乳#欧莱雅复颜中秋节礼盒
606,李智贤,达人号,1980771,7537.0,14941.0,0.0038,头部,2,,,,抗老/面霜,14941.0赞 30岁不是倒计时，是女性人生的起跑线#中女#资生堂悦薇胶原炮面霜#抗老#悦薇胶原炮面霜#悦薇面霜
607,深情航仔,达人号,3568051,118577.0,118577.0,0.0332,头部,1,,,,面膜,118577.0赞 青春没有售价，年轻就爱溜达#vlog日常 #vlog十亿流量扶持计划#理肤泉B5面膜PRO＋
608,会美甲的贝拉姐,达人号,3330041,104032.0,104032.0,0.0312,头部,1,,,,面霜,104032.0赞 翻车甲大爆改第七期！“稳赢”指甲它来了 #翻车甲大爆改 #可复美焦点面霜 #紧致 #提亮
609,老爸评测,达人号,23692570,1529.5,2026.0,0.0001,头部,2,,,,屏障受损/面霜,2026.0赞 面霜里加30%油？#老爸抽检 #以油养肤 #全家共用 #安唯伊高保湿油霜 #安唯伊秋日油养计划
610,王囡囡,达人号,2734347,965.0,1384.0,0.0004,头部,2,,,,面霜,1384.0赞 大小姐严选哈哈哈哈😂 #美妆好物推荐 #创作者中心 #创作灵感 #bonpoint小樱桃面霜 #母婴
611,你的闪嫂,达人号,8189019,4709.0,5015.0,0.0006,头部,2,,,,修护精华/面霜,5015.0赞 心动密语的新品第三款面霜终于来啦#心动密语
612,兰官方旗舰店,品牌号,1675038,312.5,625.0,0.0002,头部,2,,,,水乳/美白精华/面霜,625.0赞 美白淡斑、滋润抗皱，秋冬用这两瓶水乳面霜都不用买了！
613,傅首尔,达人号,4339409,771.0,1496.0,0.0002,头部,2,,,,面膜,1496.0赞 居然有上脸这么惊艳的面膜？9月20日 早8点，不见不散～ #面膜 #好物分享 #护肤面膜 #面膜节
614,小星吖,达人号,1453811,933.5,1740.0,0.0006,头部,2,,,,洗面奶/面膜,1740.0赞 #童颜纪青苹果面膜 #收缩毛孔 #面膜面膜敷起来
615,阿惠不会,达人号,1123872,559.5,999.0,0.0005,头部,2,,,,胶原蛋白/面膜,999.0赞 又来敷面膜了～械字号破口可用 #医用面膜 #面膜分享推荐 #重组胶原蛋白
616,我是范范,达人号,1466180,445.0,545.0,0.0003,头部,2,,,,身体乳,545.0赞 秋冬季节皮肤干痒起皮，一定少不了身体乳，用一次香三天的身体乳，平时39.9一支，今天29.9直接到手两支身体乳，不拔干，不黏腻，很滋润，大牌香型，简直就是行走的香水#身体乳推荐 #香氛身体乳推荐
617,伤心大圆啵,达人号,1251308,440.5,764.0,0.0004,头部,2,,,,美白精华,764.0赞 本人美白秘诀，就是惜玥这款雪肌美白精华
618,云村姚妹,达人号,1029555,845.5,1136.0,0.0008,头部,2,,,,皮肤管理/胶原蛋白,1136.0赞 好姐妹还在拿草草护肤，我给推荐了我一直在用的随色胶原蛋白四件套#记录真实生活 #随色
619,皮肤科樊一斌博士,专业号,1762993,536.5,737.0,0.0003,头部,2,,,,刷酸/胶原蛋白,737.0赞 不是所有刷酸都叫刷酸！皮肤科博士讲透酸类产品 #樊哥撩皮肤 #抖出健康知识宝藏 #成分党护肤 #变美 #牛奶酸
620,雅诗兰黛,达人号,7546551,1643.5,3283.0,0.0002,头部,2,,,,抗老,"3283.0赞 修护没少做，皮肤问题仍反复？
#雅诗兰黛全修小棕瓶 ，44年不断突破修护边界，全生态细胞深修，1瓶修护抗老"
621,博士贺妈妈,专业号,1005854,473.0,936.0,0.0005,头部,2,,,,抗老/护肤干货,936.0赞 抗老总无效？问题出在哪 #抖出健康知识宝藏 #健康知识分享 #抗衰 #全分子量玻尿酸 #护肤
622,孙坚,达人号,7133192,843.0,1685.0,0.0001,头部,2,,,,护肤干货,1685.0赞 秋冬护肤记住这几个东西#护肤干货
623,玲子reiko,达人号,7053300,132414.0,132414.0,0.0188,头部,1,,,,抗老,132414.0赞 为Millie准备生日宴，给她挑几个小礼物 #玲你看世界#兰蔻菁纯MD凝时精华#兰蔻菁纯MD精华#抗老精华#抗老
624,嗯呢宫宫,达人号,1442772,24360.0,24360.0,0.0169,头部,1,,,,面霜,24360.0赞 在一起四年，竟然是第一次去拍情侣写真 #情侣vlog#情侣日常#日常vlog #谷雨美白油霜#面霜
625,小嘉开饭啦,达人号,3262865,55727.0,55727.0,0.0171,头部,1,,,,面膜,55727.0赞 猪蹄牛蹄筋一起炖太香啦 #记录真实生活 #膜法世家二裂酵母面膜 #妈呀太香了
626,番茄娱头,达人号,1642319,24907.0,24907.0,0.0152,头部,1,,,,美妆博主,24907.0赞 姜乘澜也没预料到将将好的盛况吧！ #姜乘澜 #美妆 #将将好 #美妆博主
627,辣辣小粽子,达人号,1335494,17250.0,17250.0,0.0129,头部,1,,,,面霜,17250.0赞 四十女人恋爱vlog得罪我，你就这样过夜生活吧！ #四十女人  #恋爱vlog  #资生堂悦薇胶原炮面霜 #悦薇胶原炮面霜 #面霜
628,椿屋小奈,达人号,1084179,14341.0,14341.0,0.0132,头部,1,,,,面膜,14341.0赞 被占有欲超强的crush发现和别的男孩玩杀糕局 #crush#妆前妆后#新手化妆教程#buv#buv复活草面膜
629,方脸姐妹,达人号,1141217,12651.0,12651.0,0.0111,头部,1,,,,面霜,12651.0赞 这个又干又晒的沙漠里还真测出来一个好用的儿童面霜！？ 保湿滋润舒缓全拿捏！#测评#贝德美蓝甘菊精华霜#儿童面霜
630,毛小星,达人号,2238755,23402.0,23402.0,0.0105,头部,1,,,,面霜,23402.0赞 逆袭必看！韩女越来越美？全靠这个方法！ #雅诗兰黛智妍胶原霜 #雅诗兰黛智妍面霜 #胶原面霜 #纵横由我
631,厦门航空-林佳,达人号,1323294,15993.0,15993.0,0.0121,头部,1,,,,抗老,15993.0赞 飞行日记之黑龙江 争取退休前小粉丝当上飞行员了一起飞#vlog #民航人#麦吉丽超能精萃水 #抗老精华水 #时尚风格之夜
632,强哥民宿日记,达人号,1195502,10682.0,10682.0,0.0089,头部,1,,,,面霜,10682.0赞 国际学校一年20万的学费花着，还要额外花钱参加英文训练营，这两口子要卷起来了 #海龟爸爸蓝胖子特护霜  #儿童面霜 #日常vlog
633,凉仔,达人号,1231481,11271.0,11271.0,0.0092,头部,1,,,,面霜,11271.0赞 看起来高能量才会得到一切 7个心得 #变美 #高能量 #大宝大红瓶 #大红瓶面霜
634,董思玗(晓菲姐家的小宝),达人号,5865992,48640.0,48640.0,0.0083,头部,1,,,,面霜,48640.0赞 小宝：你们说我姐是不是更像董张飞了？！#董黛玉 #戏精宝宝 #萌娃 #海龟爸爸小蓝瓶 #青少年面霜
635,黄政贤,达人号,1149429,10804.0,10804.0,0.0094,头部,1,,,,抗老/胜肽/面霜,10804.0赞 胜肽种类越多≠越厉害，浓度也不是全部，这点很少有人讲透#敏感肌 #护肤 #抗老 #面霜
636,徐艺洋,达人号,7081312,63001.0,63001.0,0.0089,头部,1,,,,洗面奶,63001.0赞 又是超高能量的一天~#rnw洗面奶
637,报姐唠唠,达人号,2418480,18391.0,18391.0,0.0076,头部,1,,,,抗皱面霜/面霜,18391.0赞 欧美明星富豪集体回春？为变年轻都各种上手段？ #商业#抗皱#抗皱面霜#敏感肌#谷雨银飞碟面霜
638,子轩成分测评,达人号,1249969,8695.0,8695.0,0.007,头部,1,,,,面霜,8695.0赞 实验室实测！青少年到底应该怎么选择祛痘产品？#袋鼠妈妈苦丁茶祛痘面霜 #油痘肌 #祛痘 #青春期护肤
639,魏哲鸣Miles,达人号,3389099,22373.0,22373.0,0.0066,头部,1,,,,水乳,22373.0赞 滴滴滴！快接我的视频通话，邀请你一起用#丸美四抗水乳 ，把透亮发光肌焊在脸上！#魏哲鸣丸美品牌心动代言人 #丸美
640,偹爷（苏贝娅）,达人号,1801534,11422.0,11422.0,0.0063,头部,1,,,,面膜,11422.0赞 你的自卑不是束缚我的理由 #慕拉得超升小脸弹面膜 #潮妆研究所 #爱的头等小事  #剧情#一人分饰多角
641,李多海,达人号,1978959,14051.0,14051.0,0.0071,头部,1,,,,面膜,"14051.0赞 愚园路citywalk｜李多海给韩国朋友准备的中国伴手礼！ 最近好多韩国朋友来上海玩，都很喜欢这里。

大家大多打卡武康路、安福路，其实愚园路也藏着不少好逛的店。

 
今天来愚园路citywalk，挑选送给韩国朋友的伴手礼。

线下体验了谷雨黑飞碟面膜，不用额外搭配仪器，15分钟居家就可以完成护理。

体验感很不错，买两盒带回韩国送给朋友们。

 上海好店太多，每次来都忍不住买买买😭

#上海愚园路citywalk  #外国人在中国 
#谷雨黑飞碟面膜 #抗皱涂抹面膜"
642,Nicole王若晰的日常,达人号,3286027,15844.0,15844.0,0.0048,头部,1,,,,面霜,15844.0赞 马上过节了，阿英儿子二次入伍双喜临门，乐乐下厨晚上和Simon、荣哥节前团聚下#记录真实生活#兰蔻塑颜精雕面霜
643,浩会整,达人号,1406647,7642.0,7642.0,0.0054,头部,1,,,,面霜,7642.0赞 油敏皮晒后修护、换季维稳的面霜答卷#玉泽#全国皮肤屏障专业峰会#抖音商城超级品牌日 #抖音超级品牌日  #抖音超品活动
644,乌米白,达人号,1461996,7930.0,7930.0,0.0054,头部,1,,,,面膜,7930.0赞 孩子半岁，肉眼可见的轻松了好多！  #海外生活 #带娃#谷雨黑飞碟面膜 #抗皱涂抹面膜
645,詹白白,达人号,1708993,7605.0,7605.0,0.0044,头部,1,,,,面膜,7605.0赞 终于遇到了一个聪明面罩 全脸统一正式退出我的人生！！#护肤  #CurrentBody3代面膜仪#CB面膜仪3代 #CB面膜仪
646,张卜睿berry,达人号,2035725,8753.0,8753.0,0.0043,头部,1,,,,抗老,8753.0赞 国庆再也不想人挤人了！都来这充充电#国庆 #旅游 #兰蔻菁纯MD凝时精华 #兰蔻菁纯MD精华 #抗老
647,皮晶晶,达人号,1066194,2905.0,2905.0,0.0027,头部,1,,,,精华液,2905.0赞 欢迎收看我美美后怎么护理的vlog！ #美美日记  #优斐斯氨甲环酸精华液#碎碎念护肤
648,哦王小明（9月20号中午12点抗老上新场,达人号,3017689,4346.0,4346.0,0.0014,头部,1,,,,抗老/面霜,4346.0赞 这期攒了好几年！超有品的抗老护肤品合集！ 不骗你～ #抗老 #精华 #面霜 #护肤 #变美 9.20号12:00，我们不见不散哦～
649,少女总裁,达人号,3181168,6923.0,6923.0,0.0022,头部,1,,,,面霜,6923.0赞 一个宝宝霜的成人缘怎么能好成这样？ #儿童面霜  #贝德美  #护肤  #修护
650,李纯chun,达人号,1034772,1245.0,1245.0,0.0012,头部,1,,,,面霜,1245.0赞 超好用的换季面霜被我找到啦～ #儿童面霜  #贝德美
651,任小娜（周六晚七点直播！！,达人号,2005623,4191.0,4191.0,0.0021,头部,1,,,,面霜,4191.0赞 国庆出门玩，这些东西别忘记！ #好物推荐🔥 #好物#谷雨美白油霜 #面霜
652,陈彦妃,达人号,9337336,22533.0,22533.0,0.0024,头部,1,,,,面霜,22533.0赞 当我们把【非遗拓染礼服】穿入马尔代夫，9岁的大娃鼓起勇气，向异国友人传递华夏美学！#陈彦妃的vlog#海龟爸爸蓝胖子特护霜#儿童面霜
653,大宋宋Tiffany,达人号,1065130,1398.0,1398.0,0.0013,头部,1,,,,面霜,1398.0赞 把自己养好，是一件长期主义的事 #保养  #悦薇胶原炮面霜  #护肤 #资生堂悦薇胶原炮面霜 #悦薇面霜
654,何泓姗VivaHo,达人号,2334959,5340.0,5340.0,0.0023,头部,1,,,,水乳,5340.0赞 长期带妆拍戏，演员护肤主打一个修护维稳！ #可复美胶原水乳
655,小王子本人,达人号,1294905,2609.0,2609.0,0.002,头部,1,,,,水乳,2609.0赞 是真的！少喝两杯奶茶就能买到一套水乳！ #平价护肤品#清仓捡漏#护肤好物
656,演员 李洋,达人号,1018032,2619.0,2619.0,0.0026,头部,1,,,,眼霜,2619.0赞 拍戏这些年最耗的就是眼周，女演员眼部保养 经验分享#优时颜微笑眼霜 #眼部护理 #眼霜推荐
657,雨露,达人号,1005431,1367.0,1367.0,0.0014,头部,1,,,,眼霜,1367.0赞 自用推荐，这款眼霜可好用了#眼霜推荐#好物推荐#护肤分享
658,小雨和雄大,达人号,4577398,5592.0,5592.0,0.0012,头部,1,,,,水杨酸/洗面奶,5592.0赞 比妻管严更可怕的是妻不管吗？#中日情侣 #妻不管#适乐肤洗面奶#洗面奶推荐#适乐肤水杨酸洁面
659,予涵Hannah,达人号,1371735,4725.0,4725.0,0.0034,头部,1,,,,抗老,"4725.0赞 30岁高能量中女一日网球vlog
#海蓝之谜精萃水#海蓝之谜柔酸瓶精华#海蓝之谜油皮精萃水#抗老精华#网球"
660,陈莴笋,达人号,1392392,4392.0,4392.0,0.0032,头部,1,,,,护肤教程,4392.0赞 交老底瘪痘狠招！痘在我脸上真活不过几小时.... #祛痘#悦芙媞点痘精华#悦芙媞修红精华#悦芙媞修痘cp#护肤教程
661,电商派,达人号,1087315,1547.0,1547.0,0.0014,头部,1,,,,美妆博主,1547.0赞 千万粉丝博主“姜乘澜”回归直播首秀位列带货总榜第一，此前被判赔偿1119万余元，限制高消费。#姜乘澜 #程十安 #网红 #美妆博主 #电商直播
662,喜东东,达人号,1550639,502.0,502.0,0.0003,头部,1,,,,精华液,502.0赞 丈夫的容貌，妻子的荣耀#优斐斯氨甲环酸精华液
663,一只霹雳文⚡️,达人号,1358021,1242.0,1242.0,0.0009,头部,1,,,,面霜,1242.0赞 10秒垮脸自测！你到底垮到了什么程度 #资生堂悦薇胶原炮面霜#悦薇胶原炮面霜#悦薇面霜#测评#面霜
664,王若顿,达人号,2774055,1550.0,1550.0,0.0006,头部,1,,,,面霜,1550.0赞 去年在新加坡实验室和研发对话，今天我们去看看一瓶面霜是怎么做出来的吧！
665,测评员周周,达人号,1695165,1903.0,1903.0,0.0011,头部,1,,,,面霜,1903.0赞 从成分表查到学术文献，被官方点名的婴幼儿面霜，到底凭什么?#松达秋冬屏实力特护#松达标准之上特护为安
666,毛八岁,达人号,1282532,786.0,786.0,0.0006,头部,1,,,,面霜,786.0赞 已经有预感能度过一个稳稳的秋冬了～#护肤分享 #干敏好物 #贝德美 #儿童面霜 #贝德美蓝甘菊精华霜
667,元梦妈妈,达人号,3056431,3442.0,3442.0,0.0011,头部,1,,,,面霜,3442.0赞 这两天劳动的意义在我这儿正是坍塌状态，但今天是非常好的玻色因面霜，所以我来了。#元梦妈妈
668,Alice-然,达人号,5132078,824.0,824.0,0.0002,头部,1,,,,抗老/面霜,824.0赞 争气的女人就是这样散发着光的！！！！#爽文 #抗老 #兰蔻菁纯面霜
669,白白叶叶☀️,达人号,3058061,1992.0,1992.0,0.0007,头部,1,,,,抗老/面霜,1992.0赞 太久没有用到 这么好用的抗老面霜了！#白白叶叶
670,傲娇美77,达人号,1469602,842.0,842.0,0.0006,头部,1,,,,水乳,842.0赞 没错我拥有了一个新身份！水乳共创合伙人！感谢姐妹们的一路支持，是大家给予我和大水滴的肯定，让我们一起开启新的篇章！#换季护肤刚需 #水乳分享
671,复旦博士宇光,专业号,2896606,643.0,643.0,0.0002,头部,1,,,,抗老/水乳,643.0赞 造神式营销看腻了？直接上皮肤超声硬核对账 #好皮肤养成记 #安利一个护肤品 #抗老#欧莱雅复颜燕窝酸水乳 #燕窝酸
672,都市现场,达人号,13592672,2140.0,2140.0,0.0002,头部,1,,,,防晒霜,2140.0赞 #媒体原创  “高圆圆把防晒霜剪了带出门”上热搜。直接把防晒霜剪开分装随身带，街头随时可以补涂。#高圆圆把防晒霜剪了带出门  #高圆圆  #出游装东西妙招
673,森妮夫妇,达人号,1604137,1298.0,1298.0,0.0008,头部,1,,,,面膜,1298.0赞 好的婚姻，就是有人把你的不安放在心上 #夫妻日常 #慕拉得超升小脸弹面膜 #潮妆研究所 #爱的头等小事
674,名新娱乐,达人号,4206025,4511.0,4511.0,0.0011,头部,1,,,,面膜,4511.0赞 小猫：吃饭呢怎么做上面膜了 #小猫 #抽象 #表情包 #可爱 #万万没想到
675,小萝卜heidi（月子中,达人号,1382572,695.0,695.0,0.0005,头部,1,,,,面膜,695.0赞 满月趴vlog｜ENTJ当了妈妈，标准又上新高度 #好奇奢金屁屁面膜裤#好奇屁屁面膜纸尿裤#好奇屁屁面膜#好奇纸尿裤
676,美co在韩国🇰🇷,达人号,3183212,575.0,575.0,0.0002,头部,1,,,,面膜,575.0赞 皮肤变好第一步，把脸洗干净，清洁做到位 没有死皮角质 黑头粉刺，皮肤吸收更好了，自然就变漂亮了 #美co在韩国  #护肤 #清洁 #洁面  #面膜
677,陈尤礼yeah,达人号,2694327,601.0,601.0,0.0002,头部,1,,,,水杨酸/洗面奶,601.0赞 去油和假滑的洁面统统不可取！懒得做功课的油皮直接抄作业吧#油皮#油痘肌#适乐肤水杨酸洁面#洗面奶推荐
678,马宝儿,达人号,9297842,9042.0,9042.0,0.001,头部,1,,,,身体乳,9042.0赞 喜欢是可以控制的吗#沉浸式化妆 #御姐 #海妖风 #OLAY超白瓶身体乳
679,蔡磊破冰驿站,达人号,5866616,564.0,564.0,0.0001,头部,1,,,,身体乳,564.0赞 多芬大白碗保湿润肤身体乳 #多芬 #身体乳 #好物分享 @蔡磊
680,OK不蟹（山野遛娃版）,达人号,1172009,1170.0,1170.0,0.001,头部,1,,,,身体乳,1170.0赞 成为妈妈后的晚间自愈套餐，靠它逐渐找回自己#依泉C8特润霜#依泉特润霜 #依泉身体乳#修护从依泉开始#身体乳
681,吴雅婷Iris,达人号,3000259,2727.0,2727.0,0.0009,头部,1,,,,身体乳,2727.0赞 和依泉的这次合作，也是一次全新的尝试。谢谢你们一直都在#依泉C8特润霜#依泉特润霜#依泉身体乳#修护从依泉开始
682,控球后卫FM,达人号,1208128,547.0,547.0,0.0005,头部,1,,,,烟酰胺,547.0赞 安静的去做，直到成功！#自律#逆袭#烟酰胺
683,福建肯哥,达人号,3783200,524.0,524.0,0.0001,头部,1,,,,烟酰胺,524.0赞 #烟酰胺香水沐浴露 #洗澡持久留香 #舒缓滋润保湿
684,胡云峰主任,达人号,4512050,736.0,736.0,0.0002,头部,1,,,,痘印,736.0赞 脸上痘坑粉底都盖不住，老胡教你两招正确预防和处理！#痘坑 #痘印 #挤痘 #科普 #皮肤损伤怎么办
685,快乐一家人，,达人号,1746471,823.0,823.0,0.0005,头部,1,,,,皮肤暗沉,823.0赞 忙完一天的工作。轻轻哼上一首歌。秋天来了，皮肤干，皮肤黄皮肤，皮肤暗沉，没有光泽的。龙血膏提亮肤色，改善皮肤暗黄，补水，滋润养肤，越用皮肤越好。喜欢的姐妹千万不要错过，真心好用。今天拍下的很划算，到手四瓶。
686,王世宁医生,专业号,5292255,3078.0,3078.0,0.0006,头部,1,,,,闭口粉刺,3078.0赞 8种常见皮肤问题，医生告诉你如何处理 #樱桃状血管瘤 #脂肪瘤 #闭口粉刺 #医学科普 #抖出健康知识宝藏
687,北京卫视我是大医生,专业号,4494698,563.0,563.0,0.0001,头部,1,,,,皮肤管理,563.0赞 洗澡搓出来的黑泥到底是什么？你知道吗 #健康科普 #搓澡 #生活小常识 #冷知识#皮肤管理
688,逐浪新闻,达人号,28830593,4010.0,4010.0,0.0001,头部,1,,,,美妆博主,4010.0赞 千万粉丝美妆博主张凯毅，于9月19日在个人账号宣布与丈夫张煜东离婚，孩子抚养权归自己，加上冷静期已分开近三个月。 张凯毅坦言，并非单一一方的问题，坦言“高估了自己，低估了柴米油盐对生活的打磨”，她表示虽有遗憾但从不后悔成为母亲，接下来会把重心放在孩子与事业上。 回顾两人的感情轨迹，发展速度曾令人关注。
