排名,点赞,收藏,评论,收藏赞比,作者,形式,发布时间,标题,命中关键词,链接
1,515136,44601,10377,0.09,老爸评测,视频,2026-08-22,那么多款防晒喷雾❗️为什么都不防晒❓,防晒测评,https://www.xiaohongshu.com/explore/6a88ef73000000002901ac82
2,44745,53284,437,1.19,嘟嘟要变美,视频,2025-12-13,每天按3分钟❗️重度黑眼圈，成功上岸✌️,黑眼圈改善,https://www.xiaohongshu.com/explore/693d46b5000000001e00d20a
3,31770,57968,92,1.82,王哪儿跑～,视频,2026-08-15,坚持养眼半年,黑眼圈改善,https://www.xiaohongshu.com/explore/6a8061bc0000000025006d11
4,17298,24745,529,1.43,人间清醒Max,视频,2026-01-24,秋冬油敷｜拯救干皮，皮肤好到发光！（无广跟练,以油养肤,https://www.xiaohongshu.com/explore/6974c2f5000000000903addb
5,19332,2551,8009,0.13,姜乘澜,图文,2026-09-02,夏天懒人洁面✨一步卸除防晒淡妆,护肤干货,https://www.xiaohongshu.com/explore/6a97c05d000000002900c8f6
6,18411,14444,133,0.78,啊陌大可爱,图文,2026-01-29,《去黄气》干货来了！！！（图文篇,护肤干货,https://www.xiaohongshu.com/explore/697b5777000000000b0093b1
7,11552,9033,209,0.78,椰丝塔,图文,2026-06-02,美女夏天全身抛光白白大法！（亲测无广）,护肤干货,https://www.xiaohongshu.com/explore/6a1e51c2000000000803fbf7
8,13135,6662,136,0.51,赵小乐H,视频,2026-08-30,17款面霜测评，不踩雷版！适不适合你一看就懂,抗老面霜,https://www.xiaohongshu.com/explore/6a93f2fe000000002903dcf1
9,6156,6287,159,1.02,阿舒（护肤版）,图文,2025-11-03,油皮精简护肤（无广）,精简护肤,https://www.xiaohongshu.com/explore/69088f650000000005030196
10,13437,2350,329,0.17,星期八约会（脂敏皮实测,图文,2026-03-18,9年干敏痘肌，屏障修护💧初体验感受分享,敏感肌修复,https://www.xiaohongshu.com/explore/69ba446c000000002202a43e
11,6196,4281,412,0.69,美神预备役,图文,2026-08-26,睡前变美小习惯tips（合集）,护肤干货,https://www.xiaohongshu.com/explore/6a8e65c50000000004009b23
12,6438,4601,78,0.71,文太,视频,2025-09-23,🔥一招养出好皮肤❗️改善油痘肌（跟练版）,油痘肌,https://www.xiaohongshu.com/explore/68d284ae0000000007028662
13,5063,4335,205,0.86,小查饿了,图文,2026-02-18,发明早c晚a的人简直是天才！！！！！！！,早C晚A,https://www.xiaohongshu.com/explore/69897eb9000000000d0088dd
14,4325,4276,95,0.99,皮肤科田歆教授,视频,2025-12-30,每天几毛钱 | 把敏感肌修护好！,敏感肌修复,https://www.xiaohongshu.com/explore/6953ac1e000000001e037664
15,7157,2017,92,0.28,15年成分护肤蔡老师,视频,2026-07-08,5年前我就料定它会刷新人类防晒史......,防晒测评,https://www.xiaohongshu.com/explore/6a4cd49d00000000160275a6
16,4980,2898,74,0.58,eukay,图文,2026-03-29,油皮/混油女宝养成不长痘肤质小tips,油痘肌,https://www.xiaohongshu.com/explore/69c91709000000002302036e
17,4944,2781,55,0.56,大s变美日记,图文,2026-09-16,大s教人护肤，毛孔细致的秘密,护肤干货,https://www.xiaohongshu.com/explore/6aa9e7c0000000002a02f06f
18,3222,2780,124,0.86,护肤小马,图文,2026-03-29,3个巨能白的方法！！！（文献实证+护肤流程版）,成分党,https://www.xiaohongshu.com/explore/69c9420f000000001a02364d
19,3513,2697,0,0.77,然宝baby,图文,2026-07-15,长期主义护肤品｜25岁+精简护肤,精简护肤,https://www.xiaohongshu.com/explore/6a57878c00000000080009c2
20,3178,2788,50,0.88,伍大郎烧饼摊,图文,2025-10-08,陈年老泪沟慢慢平了…,黑眼圈改善,https://www.xiaohongshu.com/explore/68e64050000000000402133b
21,3262,2337,258,0.72,10的无坑星球,视频,2026-02-26,第8️⃣次tca填痘坑！,刷酸,https://www.xiaohongshu.com/explore/69a05ce5000000001a02e6bd
22,3245,2345,130,0.72,幺幺琳,视频,2026-08-22,防晒别乱买！50款实测红榜真顶流vs黑榜营销,防晒测评,https://www.xiaohongshu.com/explore/6a89413c000000002800b60f
23,2484,2841,38,1.14,陈米米,视频,2026-08-09,你的黑眼圈是假的！教你4步疏通眼周,黑眼圈改善,https://www.xiaohongshu.com/explore/6a786a5d00000000060064be
24,3299,1479,189,0.45,心情很糟糕,图文,2026-05-21,大学生精简护肤,精简护肤,https://www.xiaohongshu.com/explore/6a0ea1ac0000000008025167
25,3462,1465,84,0.42,Alex实话实测,视频,2026-06-12,防晒衣问题这么多❗竟然还有那么多人不知情,防晒测评,https://www.xiaohongshu.com/explore/6a2be72f0000000021023f18
26,2110,1871,44,0.89,小芳瑞子,视频,2026-03-16,正确油敷|拯救干皮，皮肤好到发光！,以油养肤,https://www.xiaohongshu.com/explore/69b7e3e90000000021011548
27,2725,1509,24,0.55,我没瘦,视频,2025-11-21,素颜自由的尽头是以油养肤 5种精华油正确用法 跟练✅ #精华油的使用方法  #以油养肤 ,以油养肤,https://www.xiaohongshu.com/explore/69202133000000001e000ebf
28,1992,1660,111,0.83,鹿鱼鱼,图文,2026-06-27,油皮把钱花在这三个成分上就够了,成分党,https://www.xiaohongshu.com/explore/6a3f9eff000000002201a5d8
29,2424,1424,78,0.59,番茄找蛋,图文,2026-07-24,抗炎博主油痘肌护肤品分享（更新版）,油痘肌,https://www.xiaohongshu.com/explore/6a63235f000000001102fe12
30,2781,925,212,0.33,Benny董子初,视频,2025-12-06,2025年度大赏-面霜篇。巅峰之位花落谁家？,抗老面霜,https://www.xiaohongshu.com/explore/69341848000000001b030433
31,1569,1533,145,0.98,许灵仔,视频,2026-07-09,【抛光不烂脸】油皮怎么把水杨酸用出效果？,刷酸,https://www.xiaohongshu.com/explore/6a4f7cd5000000001503c2f7
32,2152,1256,87,0.58,饱饱学画画,图文,2026-05-13,听话照做！骆王宇护肤,油痘肌,https://www.xiaohongshu.com/explore/6a04a78a00000000080261f6
33,2015,1313,79,0.65,轻松变美bot,图文,2026-08-16,素颜也能很美之护肤60条小常识和避坑,护肤干货,https://www.xiaohongshu.com/explore/6a815eaf000000000502a099
34,1931,1341,67,0.69,成分控于于,图文,2026-03-09,痘肌护肤，避开这些致痘成分,护肤干货,https://www.xiaohongshu.com/explore/69ae41d10000000022033fe1
35,1789,1243,65,0.69,全国健身健美冠军-孙瑞芬,视频,2026-05-11,一个动作 黑眼圈变不见#运动  #锻炼  #居家锻炼,黑眼圈改善,https://www.xiaohongshu.com/explore/6a01991000000000360199c7
36,1927,1101,110,0.57,酱 大头～,图文,2026-04-26,我的屏障修护日记,屏障修复,https://www.xiaohongshu.com/explore/69edb94d0000000022028b7d
37,1695,923,252,0.54,Eric王佳楠,视频,2026-08-19,爆火🔥海外身体防晒大测评❗超全整理❗,防晒测评,https://www.xiaohongshu.com/explore/6a853eb9000000002403c35d
38,1825,1017,70,0.56,富贵小阿姨,图文,2026-03-16,早c晚a的最大受益者出现了,早C晚A,https://www.xiaohongshu.com/explore/69b7b591000000001a0315d8
39,1920,979,50,0.51,洋洋成分测评,视频,2026-08-29,胶原蛋白盲目跟风可行吗？成分党来剖析原理,成分党,https://www.xiaohongshu.com/explore/6a9284060000000021024d22
40,1417,989,201,0.7,Zenk_zz,视频,2026-08-18,防晒审判官在岗测评这100+爆款防晒,防晒测评,https://www.xiaohongshu.com/explore/6a842c90000000002102115c
41,1145,947,306,0.83,是潘潘呐,图文,2026-06-26,还在乱涂水乳精华面霜？一篇看懂区别,护肤干货,https://www.xiaohongshu.com/explore/6a3dfbb0000000001602782b
42,1652,980,66,0.59,气泡西兰花,图文,2026-05-18,2026皮肤变嫩变白最聪明的搭配,早C晚A,https://www.xiaohongshu.com/explore/6a0aabf9000000000702c880
43,1266,1147,73,0.91,mass小姐,视频,2026-08-27,无广真爱！一口气30个油痘肌护肤好物,油痘肌,https://www.xiaohongshu.com/explore/6a8fd7ee0000000026007e1f
44,2300,607,41,0.26,养生配方师candy,视频,2026-08-12,解析麦角硫因抗氧化逻辑｜成分党护肤干货！,成分党,https://www.xiaohongshu.com/explore/6a7c1057000000002202ef99
45,2180,644,45,0.3,大啊大晴天,图文,2025-11-10,Torriden 使用体验分享,精简护肤,https://www.xiaohongshu.com/explore/6911f4e8000000000301bae7
46,1352,917,63,0.68,蓝莓泡芙,图文,2026-09-07,这辈子淡痘印淡纹花过最值的钱,早C晚A,https://www.xiaohongshu.com/explore/6a9a6182000000000b0028b8
47,2124,428,28,0.2,翠果翠果,图文,2026-09-17,油痘肌的洁面天花板，被我找到了,油痘肌,https://www.xiaohongshu.com/explore/6aa8e5bd00000000120261a7
48,1364,790,24,0.58,硕士营养师林爸（成分党）,视频,2026-08-18,看懂成分表，告别盲目跟风买护肤品,成分党,https://www.xiaohongshu.com/explore/6a83d27d0000000033019d5b
49,1168,894,16,0.77,summer不讲肤德,图文,2026-02-25,1分钟教你快速识别自己的肤质，护肤效率翻倍,护肤干货,https://www.xiaohongshu.com/explore/699e7845000000001a02c5d5
50,1313,717,58,0.55,犯困蛋挞,图文,2026-07-18,开始不信 现在老实了。。。,早C晚A,https://www.xiaohongshu.com/explore/6a5b11fb000000000f03373e
51,1373,618,102,0.45,村口梅花（爱挖宝,图文,2025-10-03,早c晚a半年后皮肤真的会变化很大吗…,早C晚A,https://www.xiaohongshu.com/explore/68db82e700000000040055ff
52,1202,761,63,0.63,莓果露露子,图文,2026-03-18,早C晚A三个月，素颜已经无法无天!!,早C晚A,https://www.xiaohongshu.com/explore/69ba1a42000000001d01b9c5
53,1143,779,51,0.68,糕冷德兰西,图文,2026-09-14,抗老最大的误区，就是一直往脸上做加法,成分党,https://www.xiaohongshu.com/explore/6aa7b7b10000000011032cc3
54,1105,727,82,0.66,沉睡辣la,图文,2026-09-11,说一个新手入门早C晚A的稳妥选择！,早C晚A,https://www.xiaohongshu.com/explore/6aa0f77b0000000012036f5d
55,1207,707,35,0.59,Wayne,图文,2026-08-21,全天下的脆皮敏感肌都去买这个！！！,敏感肌修复,https://www.xiaohongshu.com/explore/6a86ed49000000003b014880
56,1084,721,61,0.67,智恩乔妹儿,图文,2026-03-27,把早C晚A放一块到底是谁想到的。。。,早C晚A,https://www.xiaohongshu.com/explore/69c66aec0000000022027d80
57,1109,518,181,0.47,不芝火舞,图文,2026-09-17,小女子的黑眼圈从没这样白嫩透亮过。。。,黑眼圈改善,https://www.xiaohongshu.com/explore/6aaa5cd00000000011036933
58,1471,504,38,0.34,鸡腿先生,图文,2026-09-06,建议油痘肌去oliveyuong 直接买10支！,油痘肌,https://www.xiaohongshu.com/explore/6a9a511e000000000b036df6
59,828,513,236,0.62,配方师Andy,图文,2026-09-01,成分党含泪总结：你的抗老可能第一步就错了,成分党,https://www.xiaohongshu.com/explore/6a8ffa81000000002303ce10
60,1142,601,59,0.53,芊多多,图文,2026-09-09,嫌弃早C晚A刺激的！你肯定没用过这个,早C晚A,https://www.xiaohongshu.com/explore/6aa029cd000000002800076e
61,1036,610,82,0.59,是大孟啊,图文,2026-03-02,真心话：不会护肤，你别怪兜里没钱,早C晚A,https://www.xiaohongshu.com/explore/69a55bef000000002800b6f1
62,793,615,123,0.78,杨小乐,图文,2026-03-30,我的护肤品，已经没有贵妇感了,成分党,https://www.xiaohongshu.com/explore/69ca256c000000001f004217
63,1028,612,44,0.6,椰子絮,图文,2026-09-19,真正对黑眼圈管用的东西！！！,黑眼圈改善,https://www.xiaohongshu.com/explore/6aae54f2000000002901075e
64,850,712,30,0.84,懂成分的阿文（护肤版）,图文,2026-09-10,扒完成分才懂！珂润火这么多年真不是靠营销,成分党,https://www.xiaohongshu.com/explore/6a9fc102000000002a027df7
65,909,685,13,0.75,不知甜糕底厚（护肤小号,视频,2026-04-09,油痘肌回报率最高的四件套,精简护肤,https://www.xiaohongshu.com/explore/69d7ab6c00000000210053e7
66,1107,455,95,0.41,红眼病修勾,图文,2026-07-22,25+之后可算不会被早C晚A骗了。。。,早C晚A,https://www.xiaohongshu.com/explore/6a5f4045000000000a03aa1a
67,1711,225,33,0.13,薛薛BRITTANY🍑,视频,2026-08-22,6款大牌面霜别乱买‼️对号入座省下一半钱‼️,抗老面霜,https://www.xiaohongshu.com/explore/6a8905ee000000003703edef
68,942,541,55,0.57,Momo,图文,2026-01-10,终于修复好屏障了,屏障修复,https://www.xiaohongshu.com/explore/6962c710000000000a02bf60
69,770,334,245,0.43,菲诗亿曦修护敏肌,图文,2026-02-04,屏障受损大红脸用这个方法巨,敏感肌修复,https://www.xiaohongshu.com/explore/69833fc1000000001a031b6b
70,1430,308,25,0.22,专研成分的Emmy,图文,2026-04-16,抗老别盲目，选对成分稳稳拿捏,成分党,https://www.xiaohongshu.com/explore/69e0785a00000000210064b6
71,864,531,48,0.61,姐是当富婆的料,图文,2026-09-20,别吵了，抗老面霜我只服这罐,抗老面霜,https://www.xiaohongshu.com/explore/6aabdc120000000011035982
72,891,432,76,0.48,早起怪兽,图文,2026-09-10,早C晚A的宝藏搭配（油痘皮版）,早C晚A,https://www.xiaohongshu.com/explore/6aa144d7000000002701460c
73,937,115,259,0.12,锡学长（本人号）,视频,2026-03-27,其实我们也不想成为瑕疵皮油痘肌的…..,油痘肌,https://www.xiaohongshu.com/explore/69c64afd000000001a023da5
74,816,491,17,0.6,理性护肤盈盈,图文,2026-09-19,内行人锐评：2026年了 胶原别乱交智商税,护肤干货,https://www.xiaohongshu.com/explore/6aadff0b000000002900efc9
75,501,276,263,0.55,不想要腮红,图文,2026-03-15,玫瑰痤疮红烫解决办法,敏感肌修复,https://www.xiaohongshu.com/explore/69b68093000000002102c543
76,624,396,131,0.63,多多不嫌多,图文,2026-09-14,论普通人如何消除黑眼圈（附用法,黑眼圈改善,https://www.xiaohongshu.com/explore/6aa7c39600000000260145f1
77,912,345,68,0.38,月野two,图文,2026-09-17,听劝！军训晒后千万别乱涂,敏感肌修复,https://www.xiaohongshu.com/explore/6aaa70d0000000000b001993
78,833,371,67,0.45,暴躁大魔王,图文,2025-11-06,30%果酸第三次｜这次换个用法,刷酸,https://www.xiaohongshu.com/explore/690d0fce0000000005001b6b
79,795,458,14,0.58,芝欧粥～（清货版）,图文,2026-08-27,果酸+果酸水+磨砂膏‼️告别暗沉,刷酸,https://www.xiaohongshu.com/explore/6a90423b0000000025011fdd
80,819,443,12,0.54,牛角包超人,图文,2026-09-20,普通人照搬的修护精华选择逻辑（敏肌篇）,护肤干货,https://www.xiaohongshu.com/explore/6aafac32000000000d024c9e
81,760,407,39,0.54,香菇宝贝,图文,2026-09-05,不开玩笑，停产我会哭死。。。,屏障修复,https://www.xiaohongshu.com/explore/6a9914bf0000000028032915
82,200,116,390,0.58,防晒那点事儿,图文,2026-08-17,来说说你认为好用的防晒，我来测！,防晒测评,https://www.xiaohongshu.com/explore/6a82b91c0000000025014911
83,1273,100,1,0.08,好运kiki（成分党,图文,2026-05-18,成分党看雅诗兰黛白月光面霜，它真的夯爆了,成分党,https://www.xiaohongshu.com/explore/6a0ab6e6000000000803129c
84,747,321,20,0.43,嗯嗯好的,图文,2026-04-20,早C晚A的尽头。。。,早C晚A,https://www.xiaohongshu.com/explore/69e4f3e0000000001d0199bd
85,486,454,13,0.93,Nono,图文,2026-04-17,🇩🇪dm这个护肤油…我一开始真的有点看不上,以油养肤,https://www.xiaohongshu.com/explore/69e2086b0000000021004dba
86,1062,113,47,0.11,呼呼huhu,图文,2026-04-15,早C晚A抗老公式（教程版）,早C晚A,https://www.xiaohongshu.com/explore/69d75f34000000001a0357b6
87,597,397,10,0.66,苹果就是没素汁,图文,2026-09-13,屏障越烂越要去用！！修护届的成分大牛,屏障修复,https://www.xiaohongshu.com/explore/6aa51a55000000002a02438a
88,548,335,67,0.61,小姨刷卡,图文,2026-09-13,这个乳液不好用我把这瓶吃了,屏障修复,https://www.xiaohongshu.com/explore/6aa54946000000002700985c
89,477,215,158,0.45,『*-阡陌。*』,图文,2026-08-15,26岁精简护肤,精简护肤,https://www.xiaohongshu.com/explore/6a808540000000003300ea72
90,814,237,27,0.29,检疫合格小香猪,图文,2026-09-20,上天下地都没用过这么能打的抗老面霜！,抗老面霜,https://www.xiaohongshu.com/explore/6aaf909100000000120263b2
91,430,425,27,0.99,脆芽,图文,2026-09-20,30+职场姐姐｜懒人也能坚持的以油养肤方法,精简护肤,https://www.xiaohongshu.com/explore/6aafa5be000000002802ea95
92,588,265,76,0.45,柚子团团,图文,2026-09-11,对黑眼圈杀伤力99%,黑眼圈改善,https://www.xiaohongshu.com/explore/6aa3d751000000000b035025
93,507,331,53,0.65,攀岩小子（护肤老鸟版）,图文,2026-09-20,红敏肌最容易陷入的修护陷阱,敏感肌修复,https://www.xiaohongshu.com/explore/6aafaeee00000000280323ac
94,531,290,69,0.55,鸭梨士多der,图文,2026-09-17,淡黑眼圈回报率10000%,黑眼圈改善,https://www.xiaohongshu.com/explore/6aab95d2000000002502f90a
95,791,187,45,0.24,别叫我达芬奇,图文,2026-03-21,最有效的抗衰公式我找到了（阿芙早C晚A反馈,早C晚A,https://www.xiaohongshu.com/explore/69bd29af0000000021004c6b
96,402,405,9,1.01,Leo讲成分（真话版）,图文,2026-09-20,这欧莱雅小蜜罐彻底打破了无效抗老‼️,抗老面霜,https://www.xiaohongshu.com/explore/6aafb72a0000000026019346
97,286,84,239,0.29,梦到了梦,图文,2026-03-23,姐妹们，轻易别刷酸啊…,刷酸,https://www.xiaohongshu.com/explore/69c13cc9000000002202719c
98,541,247,44,0.46,一颗小土豆,图文,2026-03-30,30岁中女 精简护肤两件套,护肤干货,https://www.xiaohongshu.com/explore/69ca6c52000000002301cd94
99,572,245,34,0.43,有点小钱的ivy,图文,2026-09-20,目前为止修红巨巨好用的一个。。,敏感肌修复,https://www.xiaohongshu.com/explore/6aaf8f8b0000000028037c98
100,470,306,12,0.65,咸蛋黄教主,图文,2026-09-20,两位数治好油痘肌的所有焦虑。。。,油痘肌,https://www.xiaohongshu.com/explore/6aaf9b3a000000002603b3de
101,359,276,67,0.77,小熊爱吃大米饭,图文,2026-09-19,没人觉得适乐肤对烂脸真的有奇效吗,屏障修复,https://www.xiaohongshu.com/explore/6aad02d10000000026019f04
102,285,201,140,0.71,Luna,图文,2026-01-13,年度爱用面霜,抗老面霜,https://www.xiaohongshu.com/explore/6966417c000000002202e742
103,455,271,34,0.6,超爱买的小许,图文,2026-03-01,用了5年早C晚A 挑出了最适合普通人的2套,早C晚A,https://www.xiaohongshu.com/explore/699fe207000000001a02890e
104,330,301,52,0.91,星夜柿香✨,图文,2026-09-20,高效护肤routine，这套神仙组合狠狠码住！,护肤干货,https://www.xiaohongshu.com/explore/6aafa1d5000000002b012083
105,370,255,64,0.69,单Niel,图文,2026-05-12,果酸，纯科普。,成分党,https://www.xiaohongshu.com/explore/6a0326ed0000000007012332
106,479,273,12,0.57,妙妙,图文,2026-03-25,积雪草｜敏皮救星✨,护肤干货,https://www.xiaohongshu.com/explore/69c38b58000000001e00c044
107,497,194,57,0.39,屁屁侦探,图文,2026-09-20,30+姐姐抗老紧脸透亮必吃榜！！！,护肤干货,https://www.xiaohongshu.com/explore/6aace7790000000011032725
108,488,198,54,0.41,嘟嘟酱啊啊啊,视频,2026-06-26,价值10个W的贵妇面霜红黑榜来了！,抗老面霜,https://www.xiaohongshu.com/explore/6a3d308600000000070269d2
109,641,161,24,0.25,超爱买的小许,图文,2026-08-19,水杨酸是新手护肤性价比最高的成分,成分党,https://www.xiaohongshu.com/explore/6a85cd65000000001b030117
110,402,267,24,0.66,青果碎碎念,图文,2026-09-20,以油养肤被低估太久！,以油养肤,https://www.xiaohongshu.com/explore/6aaf92f5000000002a02eb10
111,669,61,59,0.09,Una成分研究所,图文,2026-01-19,贵妇护肤中的“鱼籽”真的有那么神奇吗？,成分党,https://www.xiaohongshu.com/explore/696e66c0000000000c034141
112,420,205,43,0.49,幻星,图文,2026-09-20,30+抗老还在堆胶原，从一开始就输了,抗老面霜,https://www.xiaohongshu.com/explore/6aafb5da000000002901143e
113,355,242,16,0.68,程橙的产品开发笔记,图文,2026-04-21,别浪费了你的精华油！99%的人只会第一种,以油养肤,https://www.xiaohongshu.com/explore/69e733b300000000210056c2
114,291,194,69,0.67,无尽夏,图文,2026-08-23,如何修复刷酸后屏障受损型逆光疹,刷酸,https://www.xiaohongshu.com/explore/6a8ae17f000000000302854d
115,251,115,114,0.46,Benk,图文,2026-09-16,越努力越返贫的兰蔻塑颜霜,抗老面霜,https://www.xiaohongshu.com/explore/6aa953e50000000011036ea3
116,350,193,22,0.55,setmefree,图文,2025-11-12,最适合混油人的爽肤水（自封,油痘肌,https://www.xiaohongshu.com/explore/6914b850000000001b026d19
117,384,192,8,0.5,十二月,图文,2026-09-20,牛……来！五罐面膜搞定全脸护肤？？！,护肤干货,https://www.xiaohongshu.com/explore/6aaf9971000000002601d94b
118,399,145,27,0.36,种草侦探（成分版）,图文,2026-09-20,26年我的年度面霜出现了,抗老面霜,https://www.xiaohongshu.com/explore/6aafa5e8000000002802ebc3
119,342,180,14,0.53,方哟哟-,图文,2026-03-13,混干皮一些小小护肤心得,护肤干货,https://www.xiaohongshu.com/explore/69b41b98000000001f005e95
120,267,181,29,0.68,美式加点料,图文,2026-08-24,目前敏皮最严厉的母亲,敏感肌修复,https://www.xiaohongshu.com/explore/6a864c73000000002a026b19
