账号,笔记数,视频笔记,代表作分数,代表作点赞,均分,总点赞,总收藏,总评论,命中关键词,代表作,代表作链接
老爸评测,1,1,635469,515136,635469,515136,44601,10377,防晒测评,那么多款防晒喷雾❗️为什么都不防晒❓,https://www.xiaohongshu.com/explore/6a88ef73000000002901ac82
嘟嘟要变美,1,1,152624,44745,152624,44745,53284,437,黑眼圈改善,每天按3分钟❗️重度黑眼圈，成功上岸✌️,https://www.xiaohongshu.com/explore/693d46b5000000001e00d20a
王哪儿跑～,1,1,147982,31770,147982,31770,57968,92,黑眼圈改善,坚持养眼半年,https://www.xiaohongshu.com/explore/6a8061bc0000000025006d11
人间清醒Max,1,1,68375,17298,68375,17298,24745,529,以油养肤,秋冬油敷｜拯救干皮，皮肤好到发光！（无广跟练,https://www.xiaohongshu.com/explore/6974c2f5000000000903addb
姜乘澜,1,0,48461,19332,48461,19332,2551,8009,护肤干货,夏天懒人洁面✨一步卸除防晒淡妆,https://www.xiaohongshu.com/explore/6a97c05d000000002900c8f6
啊陌大可爱,1,0,47698,18411,47698,18411,14444,133,护肤干货,《去黄气》干货来了！！！（图文篇,https://www.xiaohongshu.com/explore/697b5777000000000b0093b1
椰丝塔,1,0,30245,11552,30245,11552,9033,209,护肤干货,美女夏天全身抛光白白大法！（亲测无广）,https://www.xiaohongshu.com/explore/6a1e51c2000000000803fbf7
赵小乐H,1,1,26867,13135,26867,13135,6662,136,抗老面霜,17款面霜测评，不踩雷版！适不适合你一看就懂,https://www.xiaohongshu.com/explore/6a93f2fe000000002903dcf1
阿舒（护肤版）,1,0,19207,6156,19207,6156,6287,159,精简护肤,油皮精简护肤（无广）,https://www.xiaohongshu.com/explore/69088f650000000005030196
星期八约会（脂敏皮实测,1,0,19124,13437,19124,13437,2350,329,敏感肌修复,9年干敏痘肌，屏障修护💧初体验感受分享,https://www.xiaohongshu.com/explore/69ba446c000000002202a43e
美神预备役,1,0,15994,6196,15994,6196,4281,412,护肤干货,睡前变美小习惯tips（合集）,https://www.xiaohongshu.com/explore/6a8e65c50000000004009b23
文太,1,1,15874,6438,15874,6438,4601,78,油痘肌,🔥一招养出好皮肤❗️改善油痘肌（跟练版）,https://www.xiaohongshu.com/explore/68d284ae0000000007028662
小查饿了,1,0,14348,5063,14348,5063,4335,205,早C晚A,发明早c晚a的人简直是天才！！！！！！！,https://www.xiaohongshu.com/explore/69897eb9000000000d0088dd
皮肤科田歆教授,1,1,13162,4325,13162,4325,4276,95,敏感肌修复,每天几毛钱 | 把敏感肌修护好！,https://www.xiaohongshu.com/explore/6953ac1e000000001e037664
15年成分护肤蔡老师,1,1,11467,7157,11467,7157,2017,92,防晒测评,5年前我就料定它会刷新人类防晒史......,https://www.xiaohongshu.com/explore/6a4cd49d00000000160275a6
eukay,1,0,10998,4980,10998,4980,2898,74,油痘肌,油皮/混油女宝养成不长痘肤质小tips,https://www.xiaohongshu.com/explore/69c91709000000002302036e
大s变美日记,1,0,10671,4944,10671,4944,2781,55,护肤干货,大s教人护肤，毛孔细致的秘密,https://www.xiaohongshu.com/explore/6aa9e7c0000000002a02f06f
护肤小马,1,0,9154,3222,9154,3222,2780,124,成分党,3个巨能白的方法！！！（文献实证+护肤流程版）,https://www.xiaohongshu.com/explore/69c9420f000000001a02364d
然宝baby,1,0,8907,3513,8907,3513,2697,0,精简护肤,长期主义护肤品｜25岁+精简护肤,https://www.xiaohongshu.com/explore/6a57878c00000000080009c2
伍大郎烧饼摊,1,0,8904,3178,8904,3178,2788,50,黑眼圈改善,陈年老泪沟慢慢平了…,https://www.xiaohongshu.com/explore/68e64050000000000402133b
10的无坑星球,1,1,8710,3262,8710,3262,2337,258,刷酸,第8️⃣次tca填痘坑！,https://www.xiaohongshu.com/explore/69a05ce5000000001a02e6bd
幺幺琳,1,1,8325,3245,8325,3245,2345,130,防晒测评,防晒别乱买！50款实测红榜真顶流vs黑榜营销,https://www.xiaohongshu.com/explore/6a89413c000000002800b60f
陈米米,1,1,8280,2484,8280,2484,2841,38,黑眼圈改善,你的黑眼圈是假的！教你4步疏通眼周,https://www.xiaohongshu.com/explore/6a786a5d00000000060064be
心情很糟糕,1,0,6824,3299,6824,3299,1479,189,精简护肤,大学生精简护肤,https://www.xiaohongshu.com/explore/6a0ea1ac0000000008025167
Alex实话实测,1,1,6644,3462,6644,3462,1465,84,防晒测评,防晒衣问题这么多❗竟然还有那么多人不知情,https://www.xiaohongshu.com/explore/6a2be72f0000000021023f18
小芳瑞子,1,1,5984,2110,5984,2110,1871,44,以油养肤,正确油敷|拯救干皮，皮肤好到发光！,https://www.xiaohongshu.com/explore/69b7e3e90000000021011548
我没瘦,1,1,5815,2725,5815,2725,1509,24,以油养肤,素颜自由的尽头是以油养肤 5种精华油正确用法 跟练✅ #精华油的使用方法  #以油养肤 ,https://www.xiaohongshu.com/explore/69202133000000001e000ebf
鹿鱼鱼,1,0,5645,1992,5645,1992,1660,111,成分党,油皮把钱花在这三个成分上就够了,https://www.xiaohongshu.com/explore/6a3f9eff000000002201a5d8
番茄找蛋,1,0,5506,2424,5506,2424,1424,78,油痘肌,抗炎博主油痘肌护肤品分享（更新版）,https://www.xiaohongshu.com/explore/6a63235f000000001102fe12
Benny董子初,1,1,5267,2781,5267,2781,925,212,抗老面霜,2025年度大赏-面霜篇。巅峰之位花落谁家？,https://www.xiaohongshu.com/explore/69341848000000001b030433
许灵仔,1,1,5070,1569,5070,1569,1533,145,刷酸,【抛光不烂脸】油皮怎么把水杨酸用出效果？,https://www.xiaohongshu.com/explore/6a4f7cd5000000001503c2f7
饱饱学画画,1,0,4925,2152,4925,2152,1256,87,油痘肌,听话照做！骆王宇护肤,https://www.xiaohongshu.com/explore/6a04a78a00000000080261f6
轻松变美bot,1,0,4878,2015,4878,2015,1313,79,护肤干货,素颜也能很美之护肤60条小常识和避坑,https://www.xiaohongshu.com/explore/6a815eaf000000000502a099
成分控于于,1,0,4814,1931,4814,1931,1341,67,护肤干货,痘肌护肤，避开这些致痘成分,https://www.xiaohongshu.com/explore/69ae41d10000000022033fe1
全国健身健美冠军-孙瑞芬,1,1,4470,1789,4470,1789,1243,65,黑眼圈改善,一个动作 黑眼圈变不见#运动  #锻炼  #居家锻炼,https://www.xiaohongshu.com/explore/6a01991000000000360199c7
酱 大头～,1,0,4459,1927,4459,1927,1101,110,屏障修复,我的屏障修护日记,https://www.xiaohongshu.com/explore/69edb94d0000000022028b7d
Eric王佳楠,1,1,4297,1695,4297,1695,923,252,防晒测评,爆火🔥海外身体防晒大测评❗超全整理❗,https://www.xiaohongshu.com/explore/6a853eb9000000002403c35d
富贵小阿姨,1,0,4069,1825,4069,1825,1017,70,早C晚A,早c晚a的最大受益者出现了,https://www.xiaohongshu.com/explore/69b7b591000000001a0315d8
洋洋成分测评,1,1,4028,1920,4028,1920,979,50,成分党,胶原蛋白盲目跟风可行吗？成分党来剖析原理,https://www.xiaohongshu.com/explore/6a9284060000000021024d22
Zenk_zz,1,1,3998,1417,3998,1417,989,201,防晒测评,防晒审判官在岗测评这100+爆款防晒,https://www.xiaohongshu.com/explore/6a842c90000000002102115c
是潘潘呐,1,0,3957,1145,3957,1145,947,306,护肤干货,还在乱涂水乳精华面霜？一篇看懂区别,https://www.xiaohongshu.com/explore/6a3dfbb0000000001602782b
气泡西兰花,1,0,3810,1652,3810,1652,980,66,早C晚A,2026皮肤变嫩变白最聪明的搭配,https://www.xiaohongshu.com/explore/6a0aabf9000000000702c880
mass小姐,1,1,3779,1266,3779,1266,1147,73,油痘肌,无广真爱！一口气30个油痘肌护肤好物,https://www.xiaohongshu.com/explore/6a8fd7ee0000000026007e1f
养生配方师candy,1,1,3637,2300,3637,2300,607,41,成分党,解析麦角硫因抗氧化逻辑｜成分党护肤干货！,https://www.xiaohongshu.com/explore/6a7c1057000000002202ef99
大啊大晴天,1,0,3603,2180,3603,2180,644,45,精简护肤,Torriden 使用体验分享,https://www.xiaohongshu.com/explore/6911f4e8000000000301bae7
蓝莓泡芙,1,0,3375,1352,3375,1352,917,63,早C晚A,这辈子淡痘印淡纹花过最值的钱,https://www.xiaohongshu.com/explore/6a9a6182000000000b0028b8
翠果翠果,1,0,3064,2124,3064,2124,428,28,油痘肌,油痘肌的洁面天花板，被我找到了,https://www.xiaohongshu.com/explore/6aa8e5bd00000000120261a7
硕士营养师林爸（成分党）,1,1,3016,1364,3016,1364,790,24,成分党,看懂成分表，告别盲目跟风买护肤品,https://www.xiaohongshu.com/explore/6a83d27d0000000033019d5b
summer不讲肤德,1,0,3004,1168,3004,1168,894,16,护肤干货,1分钟教你快速识别自己的肤质，护肤效率翻倍,https://www.xiaohongshu.com/explore/699e7845000000001a02c5d5
犯困蛋挞,1,0,2921,1313,2921,1313,717,58,早C晚A,开始不信 现在老实了。。。,https://www.xiaohongshu.com/explore/6a5b11fb000000000f03373e
村口梅花（爱挖宝,1,0,2915,1373,2915,1373,618,102,早C晚A,早c晚a半年后皮肤真的会变化很大吗…,https://www.xiaohongshu.com/explore/68db82e700000000040055ff
莓果露露子,1,0,2913,1202,2913,1202,761,63,早C晚A,早C晚A三个月，素颜已经无法无天!!,https://www.xiaohongshu.com/explore/69ba1a42000000001d01b9c5
糕冷德兰西,1,0,2854,1143,2854,1143,779,51,成分党,抗老最大的误区，就是一直往脸上做加法,https://www.xiaohongshu.com/explore/6aa7b7b10000000011032cc3
沉睡辣la,1,0,2805,1105,2805,1105,727,82,早C晚A,说一个新手入门早C晚A的稳妥选择！,https://www.xiaohongshu.com/explore/6aa0f77b0000000012036f5d
Wayne,1,0,2726,1207,2726,1207,707,35,敏感肌修复,全天下的脆皮敏感肌都去买这个！！！,https://www.xiaohongshu.com/explore/6a86ed49000000003b014880
智恩乔妹儿,1,0,2709,1084,2709,1084,721,61,早C晚A,把早C晚A放一块到底是谁想到的。。。,https://www.xiaohongshu.com/explore/69c66aec0000000022027d80
不芝火舞,1,0,2688,1109,2688,1109,518,181,黑眼圈改善,小女子的黑眼圈从没这样白嫩透亮过。。。,https://www.xiaohongshu.com/explore/6aaa5cd00000000011036933
鸡腿先生,1,0,2593,1471,2593,1471,504,38,油痘肌,建议油痘肌去oliveyuong 直接买10支！,https://www.xiaohongshu.com/explore/6a9a511e000000000b036df6
配方师Andy,1,0,2562,828,2562,828,513,236,成分党,成分党含泪总结：你的抗老可能第一步就错了,https://www.xiaohongshu.com/explore/6a8ffa81000000002303ce10
芊多多,1,0,2521,1142,2521,1142,601,59,早C晚A,嫌弃早C晚A刺激的！你肯定没用过这个,https://www.xiaohongshu.com/explore/6aa029cd000000002800076e
是大孟啊,1,0,2502,1036,2502,1036,610,82,早C晚A,真心话：不会护肤，你别怪兜里没钱,https://www.xiaohongshu.com/explore/69a55bef000000002800b6f1
杨小乐,1,0,2392,793,2392,793,615,123,成分党,我的护肤品，已经没有贵妇感了,https://www.xiaohongshu.com/explore/69ca256c000000001f004217
椰子絮,1,0,2384,1028,2384,1028,612,44,黑眼圈改善,真正对黑眼圈管用的东西！！！,https://www.xiaohongshu.com/explore/6aae54f2000000002901075e
懂成分的阿文（护肤版）,1,0,2364,850,2364,850,712,30,成分党,扒完成分才懂！珂润火这么多年真不是靠营销,https://www.xiaohongshu.com/explore/6a9fc102000000002a027df7
不知甜糕底厚（护肤小号,1,1,2318,909,2318,909,685,13,精简护肤,油痘肌回报率最高的四件套,https://www.xiaohongshu.com/explore/69d7ab6c00000000210053e7
红眼病修勾,1,0,2302,1107,2302,1107,455,95,早C晚A,25+之后可算不会被早C晚A骗了。。。,https://www.xiaohongshu.com/explore/6a5f4045000000000a03aa1a
薛薛BRITTANY🍑,1,1,2260,1711,2260,1711,225,33,抗老面霜,6款大牌面霜别乱买‼️对号入座省下一半钱‼️,https://www.xiaohongshu.com/explore/6a8905ee000000003703edef
Momo,1,0,2189,942,2189,942,541,55,屏障修复,终于修复好屏障了,https://www.xiaohongshu.com/explore/6962c710000000000a02bf60
菲诗亿曦修护敏肌,2,0,2173,770,1112,795,344,247,敏感肌修复,屏障受损大红脸用这个方法巨,https://www.xiaohongshu.com/explore/69833fc1000000001a031b6b
专研成分的Emmy,1,0,2121,1430,2121,1430,308,25,成分党,抗老别盲目，选对成分稳稳拿捏,https://www.xiaohongshu.com/explore/69e0785a00000000210064b6
姐是当富婆的料,1,0,2070,864,2070,864,531,48,抗老面霜,别吵了，抗老面霜我只服这罐,https://www.xiaohongshu.com/explore/6aabdc120000000011035982
早起怪兽,1,0,1983,891,1983,891,432,76,早C晚A,早C晚A的宝藏搭配（油痘皮版）,https://www.xiaohongshu.com/explore/6aa144d7000000002701460c
锡学长（本人号）,1,1,1944,937,1944,937,115,259,油痘肌,其实我们也不想成为瑕疵皮油痘肌的…..,https://www.xiaohongshu.com/explore/69c64afd000000001a023da5
理性护肤盈盈,1,0,1849,816,1849,816,491,17,护肤干货,内行人锐评：2026年了 胶原别乱交智商税,https://www.xiaohongshu.com/explore/6aadff0b000000002900efc9
不想要腮红,1,0,1842,501,1842,501,276,263,敏感肌修复,玫瑰痤疮红烫解决办法,https://www.xiaohongshu.com/explore/69b68093000000002102c543
多多不嫌多,1,0,1809,624,1809,624,396,131,黑眼圈改善,论普通人如何消除黑眼圈（附用法,https://www.xiaohongshu.com/explore/6aa7c39600000000260145f1
月野two,1,0,1806,912,1806,912,345,68,敏感肌修复,听劝！军训晒后千万别乱涂,https://www.xiaohongshu.com/explore/6aaa70d0000000000b001993
暴躁大魔王,1,0,1776,833,1776,833,371,67,刷酸,30%果酸第三次｜这次换个用法,https://www.xiaohongshu.com/explore/690d0fce0000000005001b6b
芝欧粥～（清货版）,1,0,1753,795,1753,795,458,14,刷酸,果酸+果酸水+磨砂膏‼️告别暗沉,https://www.xiaohongshu.com/explore/6a90423b0000000025011fdd
牛角包超人,1,0,1741,819,1741,819,443,12,护肤干货,普通人照搬的修护精华选择逻辑（敏肌篇）,https://www.xiaohongshu.com/explore/6aafac32000000000d024c9e
