排名,商品,卖点标签,昨日销量,直播销量,视频销量,商品卡销量,关联达人,关联视频,链接
1,【官方自营】美迪惠尔PDRN精粹AD积雪草玫瑰面膜10盒组合,AD积雪草 PDRN精粹 玫瑰提取物,7667.0,7667.0,0.0,0.0,1.0,0.0,https://www.chanmama.com/promotionRank/yWq0pOTd_HRAqIx1FjgEH-2ZG7uRoRw5.html
2,【粉丝专享】韩国 lefilleo色修奶皮肌源修护面膜65g,,6683.0,6683.0,0.0,0.0,1.0,0.0,https://www.chanmama.com/promotionRank/xDj_GTJ670FVZV7UjNzruHoosbqSHWow.html
3,【陈圆圆专属】花知晓-雪夜礼盒双头唇釉水润提亮液腮红眼影盘送礼Z,,4922.0,4922.0,0.0,0.0,1.0,0.0,https://www.chanmama.com/promotionRank/qBROa8XCAridDGf7T3MIwk075_swKUYQ.html
4,【中秋抢先购】自然堂洗面奶水润焕亮洁面洗卸合一不紧绷清洁控油,保湿 清洁 喜马拉雅绿茶,4684.0,4678.0,11.2,0.0,91.0,43.0,https://www.chanmama.com/promotionRank/lC_1Rmr2or1vyTfbWLyjROGKfTpGQ7dB.html
5,【小松鼠专属】斐色Feise唇泥·唇蜜（自由搭配）,,4149.0,4149.0,0.0,0.0,1.0,1.0,https://www.chanmama.com/promotionRank/Z2veQWxOPFZQmZ1epCPDlpZ9cBE6IB5r.html
6,欧诗漫OSM珍白水乳组合焕白DB-GB,,3978.0,3978.0,0.0,0.0,1.0,0.0,https://www.chanmama.com/promotionRank/CKgDHlR6HXveiJc2z0WX-K9ni8m6eOSx.html
7,【中秋礼物买香水送香膏】FOCONIE法蔻尼香水东方花香正装试香,持久留香,3649.0,3204.0,103.8,454.5,42.0,36.0,https://www.chanmama.com/promotionRank/5m4Yhfhbdij1kYJv16pSBFJEFyCpV9zs.html
8,【闫玉晨专属经典粉饼16g+7.2g】花间颂粉饼柔焦控油定妆持妆zbf,控油,3531.0,0.0,0.0,3531.0,0.0,0.0,https://www.chanmama.com/promotionRank/LDyQTVeeScP_Awy7CrwDeXY6-z08fthQ.html
9,薇诺娜新品传明酸修白水乳套装 美白祛斑舒缓紧致修护 DB 0920,,3495.0,3495.0,0.0,0.0,1.0,0.0,https://www.chanmama.com/promotionRank/FWu3u_LVRn8xb7OqRg7hdTM00c2rVU8B.html
10,【升级3.0胶原炮】御泥坊东方黑参胶原棒2.0+微800次抛抗皱紧致精华,紧致 抗皱 修护,3395.0,3395.0,0.0,0.0,1.0,0.0,https://www.chanmama.com/promotionRank/td3LA1Np2iuje6wp0KKa22zgizgDNXKJ.html
11,eiio水光弹润面膜补水保湿修护透亮紧致敏肌适用,保湿 紧致 修护,3052.0,1791.0,0.0,1464.0,1.0,0.0,https://www.chanmama.com/promotionRank/slBRott5OeOfMkPBstb1QSg8GvRzGG9H.html
12,北莱美千叶玫瑰发光焕颜精油面膜,改善暗沉,2969.0,2969.0,0.0,0.0,1.0,0.0,https://www.chanmama.com/promotionRank/mMiuuKvC0EY91QIBxOAY5ZfMeJwS1bBn.html
13,本草太太抗皱紧致眼部泥膜眼部精油护肤套装新,,2921.0,2921.0,0.0,0.0,2.0,0.0,https://www.chanmama.com/promotionRank/GDucx3VrIeq47Ary2bicnoRiLF52MY0R.html
14,素说美丽【涨前特惠】多重重组胶原蛋白塑颜保湿紧致提拉眼膜 A,保湿 紧致 七夕,2921.0,2658.0,0.0,308.6,2.0,0.0,https://www.chanmama.com/promotionRank/CvRci_mElrDMjFkvuk0B20l5BnWVNl06.html
15,【达人专属】优时颜第4代眼霜紧致修护抗皱淡纹提拉抚纹提亮T,紧致 抗皱 修护,2623.0,2623.0,0.0,0.0,3.0,0.0,https://www.chanmama.com/promotionRank/6wD6Ri1XPW-1v5XldOLTwTPPvSb8GjlT.html
16,【新色上新】斐色Feise唇泥·唇蜜,,2592.0,2592.0,0.0,0.0,1.0,1.0,https://www.chanmama.com/promotionRank/JZeZyrP8i5d_I4hZiRSu7jVpVuXcqiR2.html
17,BABI「屿艺礼盒」清透防晒定妆喷雾*2+防晒气垫*1+四色修容盘*1,,2498.0,2498.0,0.0,0.0,1.0,5.0,https://www.chanmama.com/promotionRank/b04GCUBgTdS_eaECI45es_3kyqOF16-I.html
18,厚脸皮水乳/霜3.0 修护舒缓抗皱补水保湿提亮敏感肌水乳DB,保湿 抗皱 修护,2495.0,2495.0,0.0,0.0,9.0,0.0,https://www.chanmama.com/promotionRank/fP4fyn7pSsXHYfWVYXtj-x8GFpV-eUMx.html
19,【全新升级】妮薇颜懒人素颜霜大容量抗皱护肤嫩肤专用养颜保湿持妆,保湿 抗皱 提亮,2433.0,2424.0,16.2,0.0,1.0,2.0,https://www.chanmama.com/promotionRank/9sGBtDkcUs-gQYbc_F4R7icjIwHtjc9m.html
20,【开学焕白季】韩束男士377小白泥洗面奶焕白净透美白控油保湿护肤,保湿 控油 滋养,2426.0,1405.0,28.4,1163.0,18.0,8.0,https://www.chanmama.com/promotionRank/Qy9x-aSy53bK247KNTaK19ImvEzCogM8.html
21,【中秋小珊姐特惠活动】SFF丝芙焕颜美肤霜精华入妆秋冬裸感专属-2,,2389.0,2389.0,0.0,0.0,1.0,0.0,https://www.chanmama.com/promotionRank/MiakozUbvJQrDubI3Bjetuh-37Uh5aXi.html
22,【中秋礼物】柯琳妮尔富勒烯抗皱精华水疗湿敷舒缓敏肌适用补水喷雾,紧致 抗皱 修护,2376.0,2376.0,0.0,0.0,1.0,0.0,https://www.chanmama.com/promotionRank/VzZm5_69Gg0clfRaQ-mgJGB0wEmIIIMO.html
23,【点我预约～】Rose unicorn豹子面膜 9 月 20 日 10:05 中秋破价,保湿 紧致 抗皱,2258.0,2258.0,0.0,0.0,2.0,0.0,https://www.chanmama.com/promotionRank/gLwzaabjogSTAbQj6C4AJ--VTuJ_8hj-.html
24,PRAMY柏瑞美&WAKUKU联名定妆喷雾控油保湿防水防汗两瓶装快速定妆,保湿 控油,2187.0,0.0,0.0,2187.0,0.0,0.0,https://www.chanmama.com/promotionRank/cu7letzHH3zM_X8lIBKPy_Zh1XpEKEVe.html
25,【限时补贴 全年至低】百雀羚胶原水光面膜充盈抗皱补水祛黄提亮,保湿 紧致 抗皱,2156.0,2156.0,0.0,0.0,3.0,0.0,https://www.chanmama.com/promotionRank/TBnl0Qf7WAvVAUhWXLGtU2X9Uy9kNXbw.html
26,【毛光光专属】达尔肤杏仁酸抛光水3.0 爽肤水提亮去闭口补水湿敷水,,2124.0,0.0,0.0,2124.0,0.0,0.0,https://www.chanmama.com/promotionRank/3lM32blHOnAoh5Q_rCj_kH7nM2Bm4oDe.html
27,【重磅升级】馥郁满铺晚香光感焕白精华油30ml升级祛斑美白抗皱紧致,紧致 抗皱 舒缓,2100.0,2100.0,0.0,0.0,1.0,0.0,https://www.chanmama.com/promotionRank/8PJyVExmclV2oxFGUD76zELXRCV9hkr-.html
28,【化妆师同款】Listentime聆时妆前乳控油持妆伪素颜底妆柔焦毛孔,控油 哑光 持妆,2057.0,0.0,0.0,2057.0,0.0,0.0,https://www.chanmama.com/promotionRank/l5yftOJNMcG99tL88NEajYzwGHpbvg4C.html
29,【痞幼同款】三资堂眉笔弯头二叉防水防汗不易掉色持妆新手必备,玻尿酸钠 柠檬酸 欧洲菘蓝根提取物,2048.0,1945.0,59.8,105.3,7.0,16.0,https://www.chanmama.com/promotionRank/ylJeS_l85Th1aSm1PM3n_i1fnZA_oafq.html
30,料堆堆粉底液遮瑕持久不脱妆养合一油皮控油混干皮馒头皮粉底液,,2046.0,2046.0,0.0,0.0,4.0,0.0,https://www.chanmama.com/promotionRank/Q_YTPtP415aWRZMPwDME4AXUZJUZPiQy.html
31,LTSE随色 四件套 胶原蛋白紧致保湿舒缓修护提亮,保湿 紧致 抗皱,2029.0,2029.0,0.0,0.0,17.0,0.0,https://www.chanmama.com/promotionRank/xAs-7DNmBJC3TXLa8AXcVoTadSsq0Rqs.html
32,【当天发货】睫毛打底纤长持妆防水防汗睫毛膏浓密不晕染拉长,不晕染 拉长 持妆,1962.0,0.0,0.0,1962.0,0.0,0.0,https://www.chanmama.com/promotionRank/wqKRJrmZ-5kfmiqpTNSuQBF7LIt2OXLN.html
33,【蔡徐坤代言】BUV绿泥洗面奶控油深层清洁细腻毛孔去闭口男女通用,保湿 控油 男女通用,1949.0,834.3,1280.0,0.0,249.0,313.0,https://www.chanmama.com/promotionRank/mDI96101KDVjdQp_ZVSFb6vxOKyjUMC2.html
34,【白云山】烟酰胺凝胶&熊果苷乳霜改善暗沉提亮肤色保湿滋润,保湿 控油 提亮,1934.0,1791.0,119.2,114.3,14.0,28.0,https://www.chanmama.com/promotionRank/OJA8plQf8OCfWNM-QYY7jH3r5gpuPQuM.html
35,锁妆美颜宠爱气垫霜防水控油防汗清透不脱妆不卡粉TL.,提亮 水光 修颜,1931.0,1931.0,0.0,0.0,3.0,0.0,https://www.chanmama.com/promotionRank/LacIO_rfdhWDWL3z_Q4z78EqThNslNkr.html
36,薇诺娜舒缓保湿洁面/特护洁面泡沫氨基酸洗面奶 DB TZ310活动特惠,保湿 舒缓 控油,1904.0,1900.0,7.0,0.0,14.0,3.0,https://www.chanmama.com/promotionRank/6QPveK-VR-uh7dO6PC_RE4upS19s4qcX.html
37,JM肌司研进口紫苏急救面膜升级补水保湿护肤贴片1盒,修护 紫苏提取物 改善弹力,1857.0,1857.0,0.0,0.0,1.0,0.0,https://www.chanmama.com/promotionRank/I35_xsZGlKFqqMrCWtktrxDDiyN7ciuo.html
38,锁妆美颜宠爱气垫霜防水控油防汗清透不脱妆不卡粉TL,提亮 修颜 修饰肤色,1831.0,1055.0,0.4,913.9,22.0,1.0,https://www.chanmama.com/promotionRank/bAragcR91OWnJDGGeYR7i4fvDPHOB5Qe.html
39,YOLO摇一夏hybrid轻泰·小黑狸假睫毛泰系甜辣嫁接风浓密单簇仿真,,1813.0,1813.0,0.0,0.0,2.0,5.0,https://www.chanmama.com/promotionRank/ryZVekuh7IwZb31E8bYWSG7qlDLgesxE.html
40,蒂妍泉眼线胶笔铅笔不晕染防水防汗持久下至笔棕色极细硬芯新手女,,1776.0,53.8,305.8,1491.0,25.0,22.0,https://www.chanmama.com/promotionRank/rD5mJ-HNkMuZaXMNmIK0NBORFEghDpy7.html
41,【圆圆专属】译龄初老25精华进阶版四重A醇四重修护抗皱淡纹h,,1736.0,1736.0,0.0,0.0,1.0,0.0,https://www.chanmama.com/promotionRank/ytgOG2gMfhs-F5TyJulsuyL-zOhORy4w.html
42,【**补贴6】花间颂经典粉饼7.2g控油定补妆干油皮雾面哑光zbf,控油 油皮 干皮,1733.0,0.0,0.0,1733.0,0.0,0.0,https://www.chanmama.com/promotionRank/Hog81QTJPrLjOh_4dSpF1rthQVTXxGZA.html
43,超自然新款清透狐系新手伪素颜纯欲韩系仿真免胶假睫毛黑棕色百搭,,1692.0,1692.0,0.0,0.0,4.0,0.0,https://www.chanmama.com/promotionRank/peYIf6aXiIBpxIsPnzfEP6tqfXs7axF9.html
44,【加强版纯胶原】娇婵纯胶原嘭弹抛光霜/真人检测，抗皱，淡纹，紧致,紧致 抗皱 玻尿酸钠,1689.0,1689.0,0.0,0.0,1.0,0.0,https://www.chanmama.com/promotionRank/ZENTlmx2RaSosVllLS7CbgzDrhKpe_mG.html
45,御龄焕颜多效精华油,紧致 抗皱 舒缓,1582.0,1582.0,0.0,0.0,1.0,0.0,https://www.chanmama.com/promotionRank/Nx-4pDAgZ7lH9ZHN82vy4QnRVrvmux-2.html
46,XRoland轻奢复古印花不沾杯口红（L150）,不沾杯,1576.0,0.0,149.0,1479.0,8.0,21.0,https://www.chanmama.com/promotionRank/ttA040b0xGbII8GP2LivyRq7HhmdGz5b.html
47,【达人专属】彩棠小圆管粉底液2.0混油版30ml妆前乳40g轻薄持妆shp1,保湿 控油 云母提取物,1576.0,1576.0,0.0,0.0,2.0,0.0,https://www.chanmama.com/promotionRank/vmsVwjn3V8_JXxqY5MYLtO1lFklOOAjm.html
48,【心心恋恋】蓝眼泪2.0大容量睫毛书自然小薄片单簇分段式假睫毛,,1569.0,117.5,177.6,1373.0,123.0,28.0,https://www.chanmama.com/promotionRank/4hUyDlN8JeSKQrhiPT0y9brar_XtFBVh.html
49,【一盒400枚】卡卡西仿真隐形无痕双眼皮贴超自然粘力耐水网状学生,,1568.0,52.7,0.8,1535.0,30.0,2.0,https://www.chanmama.com/promotionRank/r6CFA7mkKBTYkEXAZRSxxDPVeS__vh4W.html
50,【颜九专属】毕生之研五环水乳套装 抛光磨皮精华焕肤提亮去闭口DB,保湿 控油 滋养,1568.0,1568.0,0.0,0.0,1.0,0.0,https://www.chanmama.com/promotionRank/Ua4Lpq9xy1Jl0lkwiXOOHbTn4UTuXy5J.html
