序号,来源,类目,帖子ID,标题,作者(匿名),发布日期,点赞数,已抓评论数,是否广告,来源搜索词
1,今天浏览器(9-28),眼部护理,6937efb0000000001b0202ad,错误涂眼霜=垮眼|38岁0眼纹正确涂眼霜分享,u_788fe3125a,编辑于 06-09,17000,17,,
2,今天浏览器(9-28),眼部护理,6926ace0000000001d03d197,30岁，0医美，关于眼下护肤的一点心得,u_a067ddcefa,编辑于 2025-11-28,9863,20,,
3,今天浏览器(9-28),眼部护理,6a3a402f000000001702cc08,正确涂眼霜后➡️10元眼霜用出500元效果‼️,u_a2b683cbf3,06-23,7834,18,,
4,今天浏览器(9-28),眼部护理,6a9e9592000000001203da8a,给法国人一点小小的护眼震撼,u_9a13cfad4e,编辑于 7天前 法国,5401,18,,
5,今天浏览器(9-28),眼部护理,699ebf83000000002602c734,才25岁，眼周的细纹怎么才能减少啊啊啊,u_929ab8f8ee,02-25,3818,20,,
6,今天浏览器(9-28),眼部护理,69ad8e3e000000001a0357c8,涂眼霜的正确方式｜都说没效果那是你没涂对,u_2b93cd2653,03-08,2254,20,,
7,今天浏览器(9-28),眼部护理,6aa5372a000000000b00f91e,30+干皮｜入秋离不开的精华油，越用越软嫩,u_2ca0232847,编辑于 09-14 上海,2181,16,,
8,今天浏览器(9-28),眼部护理,697af018000000002103fada,年度盘点！12款超热门眼油！无广红黑榜盘点,u_eb9ced9280,01-29,2173,19,,
9,今天浏览器(9-28),眼部护理,696a2a96000000000a03ec78,23岁的眼纹😭😭,u_84f5708fd1,01-16,2076,20,,
10,今天浏览器(9-28),眼部护理,6a6c515d00000000050329c1,25岁眼纹重到一笑就卡粉，还有救吗。。,u_c1d308bee3,编辑于 08-04,1746,19,,
11,今天浏览器(9-28),眼部护理,69a67ba7000000001a02c245,眼霜涂错！再贵的眼霜也没用！,u_96d6c20db0,03-03,1421,10,,
12,今天浏览器(9-28),眼部护理,69ae6dee000000002603fb59,露得清翻车 拥有了巨深眼纹一条,u_0311c5fa4d,03-09,1415,20,,
13,今天浏览器(9-28),眼部护理,6aa8f69e000000002602203d,请问用眼油的人是签了什么保密协议吗？,u_2d6d34be56,09-16 山东,1412,10,,
14,今天浏览器(9-28),眼部护理,6a9a86ce000000002502f979,被兰蔻柜姐教育了😓😓,u_291b02b25f,编辑于 09-05 山东,1222,20,,
15,昨天采集包(9-27),眼部护理,6ab79ada000000001a02635c,最懂国人的眼霜，难怪佳琦年年夸,u_237fb41a5f,2026-09-26,,10,,
16,昨天采集包(9-27),眼部护理,6ab7ae370000000014032d53,均价10💰平价眼霜合集！低成本高回报！无广！,u_fc20aeb7cb,2026-09-26,,3,,
17,昨天采集包(9-27),眼部护理,6aafb1f50000000026015b29,眼霜价格定了（低得出乎意料🥹破价,u_3454919d17,2026-09-20,,18,,
18,昨天采集包(9-27),眼部护理,6ab762ae000000001303df06,学会正确涂眼霜，10元眼霜用出500元效果‼️,u_653c0f7581,2026-09-26,,4,,
19,昨天采集包(9-27),眼部护理,6ab3b299000000001203aef2,双十一别乱买❗️不同大牌眼霜哪瓶适合你❓,u_2cfe5b28d3,2026-09-23,,13,,
20,昨天采集包(9-27),眼部护理,6ab86ffd000000001a025969,随礼了,u_e9419765c9,2026-09-27,,10,,
21,昨天采集包(9-27),眼部护理,6aafe36d000000002802e87f,每次用完都买不起了,u_8a73a48b2b,2026-09-20,,16,,
22,昨天采集包(9-27),眼部护理,6ab0dc0000000000350143d8,锐评雏菊的天空琥珀眼油，眼周真能亮吗？,u_ec26cebc9c,2026-09-21,,20,,
23,昨天采集包(9-27),眼部护理,6ab0e797000000003602a72d,买东西还是少刷避雷贴吧。。。,u_6f00905f85,2026-09-21,,12,,
24,昨天采集包(9-27),眼部护理,6ab61cfc000000000a01f1c8,建议都学学李佳琦的销售思路……,u_6a35772156,2026-09-25,,15,,
25,昨天采集包(9-27),眼部护理,6ab623d0000000000100b1ba,馥郁满铺！双十一眼油机制这么炸吗？！,u_badcaf3240,2026-09-25,,11,,
26,昨天采集包(9-27),眼部护理,6ab24ef70000000033024923,强推一个巨恐怖的北美泪沟填平剂！！！！,u_5164d8b289,2026-09-24,,19,,
27,昨天采集包(9-27),眼部护理,6aafb4920000000025037327,30+眼周抗老正确打开方式｜以油入霜,u_a8866b7146,2026-09-21,,11,,
28,昨天采集包(9-27),眼部护理,6ab3a3d6000000000a01c6de,泪沟严重，打卡98天发现眼油改善的好方法,u_367e17a071,2026-09-23,,6,,
29,昨天采集包(9-27),眼部护理,6ab4f2220000000015017239,美妆圈大瓜！这个法国老网红杀回中国市场了,u_c20fb0a1e4,2026-09-27,,11,,
30,昨天采集包(9-27),眼部护理,6aaf813c000000000d0249a3,普女和男演员相爱11年💕爱人如养花具像化了,u_6766915b2d,2026-09-20,,17,,
31,昨天采集包(9-27),眼部护理,6ab4d529000000000202afdc,眼周嫩到没边了！以油养眼的含金量还在上升,u_78323105d2,2026-09-25,,0,,
32,昨天采集包(9-27),眼部护理,6aad019e000000002601c167,《熬夜党眼周抗老攻略》请收好！,u_979a975cbc,2026-09-20,,13,,
33,昨天采集包(9-27),眼部护理,6aaa67a40000000011037232,死心塌地续上一支又一支。,u_6bee4ecc61,2026-09-22,,10,,
34,昨天采集包(9-27),眼部护理,6ab5684d00000000140015ad,史诗级抓马!三大护肤品牌互相扯头花？🙄💅,u_c0d186c8c7,2026-09-25,,1,,
35,昨天采集包(9-27),眼部护理,6ab3b737000000001c00f649,美妆圈怎会发生如此drama的事🤯,u_d2c971a0f7,2026-09-23,,16,,
36,昨天采集包(9-27),眼部护理,6aaf9c94000000001200298b,掌管泡泡眼最严厉的神！,u_392286e9c0,2026-09-20,,13,,
37,昨天采集包(9-27),眼部护理,6ab391d3000000001a031ee9,30+熬夜妈妈｜眼周老态真的藏不住了,u_b1f78f9d03,2026-09-26,,10,,
38,昨天采集包(9-27),眼部护理,6ab0e981000000003a02377a,微晶眼膜眼纹打卡 算成功吗,u_1e82e5b649,2026-09-22,,6,,
39,昨天采集包(9-27),眼部护理,6aaca2e1000000000d025e5a,急性子救眼大法！美康粉黛配享太庙,u_3f74193e7e,2026-09-22,,13,,
40,昨天采集包(9-27),眼部护理,6ab346b40000000018017a3d,光看眼睛就知道我把自己养得很好！！,u_69b2164e67,2026-09-27,,2,,
41,昨天采集包(9-27),眼部护理,6ab396c9000000001203f904,微晶眼膜停了一个月,u_d081911fcc,2026-09-23,,1,,
42,昨天采集包(9-27),眼部护理,6ab49dde0000000015017ed7,日常护肤｜一直在用的眼部精华,u_13b34271b6,2026-09-24,,2,,
43,昨天采集包(9-27),眼部护理,6aac07b4000000002a005e51,一笑眼尾好多纹，用这个给按下去了。。,u_5481e58d63,2026-09-20,,15,,
44,昨天采集包(9-27),眼部护理,6aaf649f000000002b024b83,刻薄评价The Ordinary大热单品！（新手进,u_a89323ce74,2026-09-20,,11,,
45,昨天采集包(9-27),眼部护理,6ab0d4a50000000038037c12,涂上眼皮就变紧？TO你成功创造历史了🫪,u_1fefb85125,2026-09-21,,18,,
46,昨天采集包(9-27),眼部护理,6aaf6daa000000002a02fc59,辣评珀莱雅双抗眼霜凭什么让熬夜党用完就囤,u_827d47018b,2026-09-22,,14,,
47,昨天采集包(9-27),眼部护理,6ab0e6d9000000003302cdbc,改善黑眼圈看这条就行,u_20a1039d8f,2026-09-23,,13,,
48,昨天采集包(9-27),眼部护理,6ab382b4000000001203aea1,低成本淡眼圈夯中之夯～,u_e582823c42,2026-09-23,,14,,
49,昨天采集包(9-27),眼部护理,6ab4c70700000000180045c8,一个字爽，黑眼圈原地消失了！！！,u_5491fe6a43,2026-09-25,,14,,
50,昨天采集包(9-27),眼部护理,6ab5132e0000000018017f17,李佳琦双11爆火眼霜怎么选？（自用分享,u_9d9ffc414f,2026-09-24,,11,,
51,昨天采集包(9-27),眼部护理,6ab0b3080000000012037b5c,锐评The Ordinary眼霜，我把26个成分扒完了！,u_915e4a74eb,2026-09-21,,18,,
52,昨天采集包(9-27),眼部护理,6ab4e998000000001500ba0a,黑眼圈怎么都淡不了，多半是没分清类型..,u_a19c7fb242,2026-09-25,,11,,
53,昨天采集包(9-27),眼部护理,6ab0df370000000031006ff0,锐评TO历史性新品—PDRN眼霜,u_4e7f019752,2026-09-21,,17,,
54,昨天采集包(9-27),眼部护理,6ab4f4230000000018015432,熬最狠的夜，用对眼霜才知道睁开眼有多清爽！,u_a2c4d4c9e3,2026-09-24,,11,,
55,昨天采集包(9-27),眼部护理,6ab3c2ef000000001a0256fd,一支把有效升级诠释的很好的眼霜…,u_1ecb8ef08c,2026-09-23,,16,,
56,昨天采集包(9-27),眼部护理,6ab33a4e0000000015012edc,成分实锤德玛森氏维生素K眼霜3.0,u_ac168a142b,2026-09-23,,13,,
57,昨天采集包(9-27),眼部护理,6aafa9ad0000000012001c0d,国货原料厂太卷！丸美不走寻常路的搭配来咯,u_c20c289ea3,2026-09-25,,10,,
58,昨天采集包(9-27),眼部护理,6ab794830000000015005e5e,一篇说透如何低成本放大双眼的方法,u_ab5b5a900e,2026-09-26,,5,,
59,昨天采集包(9-27),眼部护理,6ab3ccc9000000001303efa6,德美乐嘉面部重置盒✨一套把护肤流程安排到,u_aec99823d5,2026-09-25,,14,,
60,昨天采集包(9-27),眼部护理,6ab36f9800000000180128d4,臣妾要告发！这眼霜也太会养眼周了吧,u_f76df9cb84,2026-09-23,,16,,
61,昨天采集包(9-27),眼部护理,6ab39a63000000001b031309,发现一个对黑眼圈很在行的小玩意。。。,u_0a5cfe075d,2026-09-23,,10,,
62,昨天采集包(9-27),眼部护理,6ab0a0720000000025034655,淡眼纹这么牛！可丽金你咋不早说…,u_01e5fb8e50,2026-09-21,,12,,
63,昨天采集包(9-27),眼部护理,6ab1048e0000000034015a51,这瓶到底加了啥？好恐怖的淡纹力...,u_dfd2f05d9d,2026-09-21,,13,,
64,昨天采集包(9-27),眼部护理,6ab2470d0000000034002463,神了。。。妆前用它，眼下再也不卡粉了！！！,u_127e2c4fef,2026-09-23,,13,,
65,昨天采集包(9-27),眼部护理,6ab61417000000000a0271a9,看完offer2026我直接冲了！！,u_99d5877f1b,2026-09-25,,10,,
66,昨天采集包(9-27),眼部护理,6ab39b37000000001203cc27,好吓人，眼周紧致到离谱,u_0a49f19609,2026-09-23,,11,,
67,昨天采集包(9-27),眼部护理,6aafcd600000000029017627,即刻爆改垮脸干纹！TO眼霜你好事做尽！,u_72f98fe5ad,2026-09-22,,12,,
68,昨天采集包(9-27),眼部护理,6ab6140f00000000180132ec,所有女生的offer第一期观后感,u_f442f4fffc,2026-09-25,,19,,
69,昨天采集包(9-27),眼部护理,6ab62798000000000a0262ad,000好物分享day2|用了一段时间黑眼圈没啦,u_75e698ce1c,2026-09-25,,15,,
70,昨天采集包(9-27),眼部护理,6ab6095f000000001b02d34f,怎么看我都刚爱左边的offer,u_f4461784b6,2026-09-25,,19,,
71,昨天采集包(9-27),眼部护理,6ab3bd96000000000a02585f,重度黑眼圈的回购榜,u_97b7b9f2cf,2026-09-26,,0,,
72,昨天采集包(9-27),眼部护理,6ab0cfa10000000034036ff8,（无标题）,u_85f31335e9,2026-09-21,,17,,
73,昨天采集包(9-27),眼部护理,6ab4c5f2000000001500ad12,（无标题）,u_68e1e535f4,2026-09-24,,11,,
74,昨天采集包(9-27),眼部护理,6ab60d1c000000001b021af7,黑眼圈👀其实就是一团淤血…揉开了就散了,u_249df1d0c9,2026-09-25,,6,,
75,昨天采集包(9-27),眼部护理,6ab64225000000001b01ce50,医生教你分类处理黑眼圈,u_ea19646aa1,2026-09-26,,3,,
76,昨天采集包(9-27),眼部护理,6ab7a45a0000000015017e5d,low成本无广自制护肤教程（眼周篇）如何消除,u_6aac3eeb6c,2026-09-26,,1,,
77,昨天采集包(9-27),眼部护理,6ab13ba4000000003303d36d,坚持早睡养生的第四年,u_e9ed53bd26,2026-09-21,,16,,
78,昨天采集包(9-27),眼部护理,6ab0e27d000000003301013a,黑眼圈是一坨瘀血吗,u_07e5e28b73,2026-09-23,,2,,
79,昨天采集包(9-27),眼部护理,6ab0f70800000000350231dd,（无标题）,u_aa241bd75e,2026-09-21,,1,,
80,昨天采集包(9-27),眼部护理,6ab485fb00000000150096ca,一条视频告诉你嘎眼袋遇到的问题,u_e3dfd939a3,2026-09-24,,17,,
81,昨天采集包(9-27),眼部护理,6ab0f4a500000000330255fe,弄眼袋快一年了，个人感觉很棒,u_1ec07c1703,2026-09-21,,19,,
82,昨天采集包(9-27),眼部护理,6ab0a2e40000000027014bae,46岁，弄没了陈年老眼袋，感受吧……,u_8a038da79b,2026-09-21,,18,,
83,昨天采集包(9-27),眼部护理,6ab7ad77000000000b006cd7,眼袋重的都给我来看这支....,u_51ef13dac4,2026-09-26,,10,,
84,昨天采集包(9-27),眼部护理,6aad1ffa000000002601ec85,摩纳哥的眼袋泪沟溶解剂太好用了啊啊啊啊,u_6d6b1b5c28,2026-09-20,,19,,
85,昨天采集包(9-27),眼部护理,6ab10089000000003601a3c0,禁止各位大花医美，请自然老去,u_4fba700c50,2026-09-21,,19,,
86,昨天采集包(9-27),眼部护理,6ab1e428000000003100bb82,飞顿点阵第一次,u_bce4b66c8b,2026-09-22,,13,,
87,昨天采集包(9-27),眼部护理,6aafdec4000000002a02e660,人间酷刑，但无副作用的除眼纹项目,u_89298d46e7,2026-09-20,,14,,
88,昨天采集包(9-27),眼部护理,6ab4edd90000000018011edf,29眼纹这么重，我真的接受不了！！,u_58b68cbc86,2026-09-25,,7,,
89,昨天采集包(9-27),眼部护理,6ab3a3f5000000001303ed76,淡眼纹，微晶眼膜你吓到我了...,u_d0aa274139,2026-09-23,,9,,
90,昨天采集包(9-27),眼部护理,6ab3a85c000000001303cab2,眼纹卡粉太显老｜微晶双导眼膜空盒真实反馈,u_95bd8bdc31,2026-09-23,,0,,
91,昨天采集包(9-27),眼部护理,6aafb847000000002803b00f,紧致眼周✨明亮星星眼也能按出来🥰,u_5f53cd5ac1,2026-09-20,,12,,
92,昨天采集包(9-27),眼部护理,6ab0a0060000000011038328,百万人跟练的眼部撸铁！睡前2分钟跟练版2.0,u_f239f5e2fb,2026-09-21,,2,,
93,昨天采集包(9-27),眼部护理,6ab7adf6000000001c01eba8,（无标题）,u_c70e1d8ace,2026-09-26,,0,,
94,昨天采集包(9-27),眼部护理,6ab5d1fc0000000002011a05,跟着宁静按摩眼周👉去黑眼圈眼纹消水肿,u_d23e8f0042,2026-09-25,,0,,
95,昨天采集包(9-27),眼部护理,6ab68f0d0000000018012714,百万人跟练的眼部撸铁！真的有用,u_54ee407af8,2026-09-25,,0,,
96,昨天采集包(9-27),眼部护理,6ab620ab000000000a027a71,坚持眼周按摩-完整跟练,u_88bd25414f,2026-09-25,,3,,
97,昨天采集包(9-27),眼部护理,6ab4c99e000000001203b110,熬夜后，眼周靠这罐祛眼袋眼霜撑着✨,u_015c742147,2026-09-24,,14,,
98,昨天采集包(9-27),眼部护理,6ab2a275000000000100848a,黑眼圈终于拿到大后果了,u_16a085af3b,2026-09-26,,16,,
99,昨天采集包(9-27),眼部护理,6ab3b2310000000018018ba3,被同事追着问的熬夜cp,u_f9c6b26814,2026-09-23,,18,,
100,昨天采集包(9-27),眼部护理,6ab4bdac000000001c00fb5e,熬夜油皮用抗老眼霜到底行不行啊？！！,u_a7ed80cbc7,2026-09-24,,15,,
101,昨天采集包(9-27),眼部护理,6ab65729000000001c02c1d6,每天2min❗️重度黑眼圈成功上岸✌🏻,u_70d4610343,2026-09-25,,3,,
102,昨天采集包(9-27),眼部护理,6ab0a9fb000000002502ca60,中式眼部“撸铁”！养出紧实星星眼~,u_fbce94c0ce,2026-09-21,,4,,
103,昨天采集包(9-27),眼部护理,6ab660f7000000000a01d1ea,敏感肌尝试新眼霜反馈,u_5c729039f9,2026-09-25,,3,,
104,昨天采集包(9-27),眼部护理,6ab076420000000012025a5c,被胖东来安利✅平价也能好好做眼部保湿,u_97df5cdbf6,2026-09-21,,10,,
